date,gov_id,gov_name,region,mean_ndvi,std_ndvi,mean_ndmi,healthy_pct,cloud_pct,confidence,scene_id
2022-01-30,tunis,Tunis,north,0.3423,0.2567,0.0846,41.94,0.0,0.024,S2B_32SPF_20220130_1_L2A
2022-02-09,tunis,Tunis,north,0.2956,0.2295,0.0548,33.36,0.1,0.999,S2B_32SPF_20220209_0_L2A
2022-03-29,tunis,Tunis,north,0.2632,0.1961,0.0512,32.89,4.7,0.953,S2A_32SPF_20220329_0_L2A
2022-04-08,tunis,Tunis,north,0.2620,0.2016,0.0203,28.53,0.0,1.000,S2A_32SNF_20220408_0_L2A
2022-05-15,tunis,Tunis,north,0.1944,0.1750,-0.0495,8.62,0.0,1.000,S2A_32SNF_20220515_0_L2A
2022-06-24,tunis,Tunis,north,0.1538,0.1125,-0.0595,5.34,0.1,0.999,S2A_32SNF_20220624_0_L2A
2022-07-17,tunis,Tunis,north,0.1654,0.1388,-0.0607,6.19,0.0,1.000,S2A_32SNF_20220717_0_L2A
2022-08-26,tunis,Tunis,north,0.1490,0.1225,-0.0801,4.60,0.0,1.000,S2A_32SNF_20220826_0_L2A
2022-09-10,tunis,Tunis,north,0.1700,0.1782,-0.0911,5.83,0.0,1.000,S2B_32SPF_20220910_0_L2A
2022-10-20,tunis,Tunis,north,0.1737,0.1302,-0.0537,7.64,0.0,1.000,S2B_32SNF_20221020_0_L2A
2022-11-14,tunis,Tunis,north,0.1967,0.1550,-0.0490,10.08,0.0,1.000,S2A_32SNF_20221114_0_L2A
2022-12-04,tunis,Tunis,north,0.2462,0.1769,0.0167,23.67,0.0,1.000,S2A_32SNF_20221204_0_L2A
2023-01-08,tunis,Tunis,north,0.2516,0.1952,-0.0001,22.38,0.0,1.000,S2B_32SNF_20230108_0_L2A
2023-02-19,tunis,Tunis,north,0.2417,0.1852,0.0084,22.77,0.0,1.000,S2A_32SNF_20230219_0_L2A
2023-03-24,tunis,Tunis,north,0.2189,0.1667,-0.0195,16.28,0.0,1.000,S2A_32SNF_20230324_0_L2A
2023-04-08,tunis,Tunis,north,0.2236,0.1634,-0.0141,14.68,0.0,1.000,S2B_32SPF_20230408_0_L2A
2023-05-28,tunis,Tunis,north,0.1769,0.1376,-0.0568,6.56,20.2,0.798,S2B_32SNF_20230528_0_L2A
2023-06-22,tunis,Tunis,north,0.1693,0.1124,-0.0471,5.55,4.4,0.956,S2A_32SNF_20230622_1_L2A
2023-07-14,tunis,Tunis,north,0.1385,0.0933,-0.0659,3.69,0.0,1.000,S2B_32SNF_20230714_0_L2A
2023-08-16,tunis,Tunis,north,0.1519,0.1280,-0.0737,5.23,0.0,1.000,S2B_32SNF_20230816_0_L2A
2023-09-15,tunis,Tunis,north,0.1447,0.1418,-0.0929,4.86,0.0,1.000,S2B_32SPF_20230915_0_L2A
2023-10-10,tunis,Tunis,north,0.1407,0.1133,-0.0773,4.93,0.0,1.000,S2A_32SNF_20231010_0_L2A
2023-11-14,tunis,Tunis,north,0.1714,0.1438,-0.0696,7.71,0.1,0.999,S2B_32SPF_20231114_0_L2A
2023-12-26,tunis,Tunis,north,0.2319,0.1792,-0.0048,18.37,0.0,1.000,S2A_32SNF_20231226_0_L2A
2024-01-25,tunis,Tunis,north,0.2594,0.2111,0.0149,25.46,0.1,0.999,S2A_32SNF_20240125_0_L2A
2024-02-04,tunis,Tunis,north,0.2830,0.2280,0.0440,30.59,0.1,0.999,S2A_32SPF_20240204_0_L2A
2024-03-30,tunis,Tunis,north,0.1994,0.1030,0.0477,18.36,7.6,0.924,S2B_32SNF_20240330_0_L2A
2024-04-04,tunis,Tunis,north,0.2336,0.1680,0.0046,22.76,0.1,0.999,S2A_32SNF_20240404_1_L2A
2024-05-12,tunis,Tunis,north,0.1783,0.1419,-0.0632,5.91,0.0,1.000,S2B_32SNF_20240512_0_L2A
2024-06-26,tunis,Tunis,north,0.1513,0.1142,-0.0721,4.20,3.2,0.968,S2A_32SNF_20240626_0_L2A
2024-07-31,tunis,Tunis,north,0.1458,0.1151,-0.0694,4.74,0.0,1.000,S2B_32SNF_20240731_0_L2A
2024-08-25,tunis,Tunis,north,0.1571,0.1344,-0.0667,5.91,0.0,1.000,S2A_32SNF_20240825_0_L2A
2024-09-01,tunis,Tunis,north,,,,,0.0,,S2A_32SNF_20240901_0_L2A
2024-10-01,tunis,Tunis,north,0.1719,0.1680,-0.0485,8.63,0.0,1.000,S2A_32SNF_20241001_0_L2A
2024-11-25,tunis,Tunis,north,0.2323,0.1793,-0.0151,17.70,0.0,1.000,S2B_32SNF_20241125_0_L2A
2024-12-10,tunis,Tunis,north,0.2591,0.1995,0.0172,25.15,0.1,0.999,S2A_32SNF_20241210_0_L2A
2025-01-24,tunis,Tunis,north,0.2773,0.2201,0.0409,30.68,0.1,0.999,S2B_32SNF_20250124_0_L2A
2025-02-16,tunis,Tunis,north,0.3204,0.2431,0.0796,36.98,1.3,0.987,S2B_32SPF_20250216_0_L2A
2025-03-15,tunis,Tunis,north,0.2452,0.1542,0.0691,30.04,0.2,0.998,S2B_32SNF_20250315_0_L2A
2025-04-19,tunis,Tunis,north,0.2571,0.2048,0.0157,27.64,0.1,0.999,S2C_32SNF_20250419_0_L2A
2025-05-31,tunis,Tunis,north,0.1951,0.1435,-0.0417,9.08,0.0,1.000,S2A_32SNF_20250531_0_L2A
2025-06-23,tunis,Tunis,north,0.1907,0.1426,-0.0460,9.13,0.0,1.000,S2B_32SPF_20250623_1_L2A
2025-07-23,tunis,Tunis,north,0.1504,0.1110,-0.0781,4.35,0.0,1.000,S2A_32SNF_20250723_0_L2A
2025-08-25,tunis,Tunis,north,0.1659,0.1374,-0.0764,6.09,0.0,1.000,S2B_32SNF_20250825_0_L2A
2025-09-01,tunis,Tunis,north,0.1676,0.1379,-0.0708,5.99,0.0,1.000,S2A_32SNF_20250901_0_L2A
2025-10-08,tunis,Tunis,north,0.1792,0.1484,-0.0619,7.84,10.3,0.897,S2A_32SNF_20251008_0_L2A
2025-11-30,tunis,Tunis,north,0.2220,0.1658,-0.0281,13.37,0.0,1.000,S2A_32SNF_20251130_1_L2A
2025-12-08,tunis,Tunis,north,0.2058,0.1683,-0.0549,11.12,5.7,0.943,S2C_32SNF_20251208_0_L2A
2026-01-09,tunis,Tunis,north,0.2858,0.2187,0.0183,27.92,0.0,1.000,S2A_32SNF_20260109_0_L2A
2026-02-26,tunis,Tunis,north,0.2916,0.2280,0.0313,31.65,0.0,1.000,S2C_32SNF_20260226_0_L2A
2026-03-18,tunis,Tunis,north,0.2977,0.2327,0.0529,34.21,17.8,0.822,S2C_32SNF_20260318_0_L2A
2026-04-07,tunis,Tunis,north,0.3007,0.2324,0.0505,34.26,0.0,1.000,S2C_32SNF_20260407_0_L2A
2026-05-29,tunis,Tunis,north,0.2013,0.1491,-0.0316,12.22,0.0,1.000,S2B_32SPF_20260529_0_L2A
2026-06-18,tunis,Tunis,north,0.1996,0.1517,-0.0147,11.52,0.0,1.000,S2B_32SNF_20260618_0_L2A
2026-07-25,tunis,Tunis,north,0.1554,0.1262,-0.0616,5.81,0.0,1.000,S2A_32SNF_20260725_0_L2A
2026-08-20,tunis,Tunis,north,0.1629,0.1370,-0.0729,6.25,0.0,1.000,S2B_32SNF_20260820_0_L2A
2022-01-05,ariana,Ariana,north,0.4358,0.2230,0.0724,55.30,3.0,0.710,S2A_32SPG_20220105_0_L2A
2022-02-09,ariana,Ariana,north,0.4402,0.2448,0.1388,61.34,0.0,0.991,S2B_32SPG_20220209_0_L2A
2022-03-24,ariana,Ariana,north,,,,,43.0,,S2B_32SPG_20220324_0_L2A
2022-04-08,ariana,Ariana,north,0.4663,0.2664,0.1328,58.83,0.0,1.000,S2A_32SNF_20220408_0_L2A
2022-05-15,ariana,Ariana,north,0.2570,0.1698,-0.0687,12.22,0.0,1.000,S2A_32SNF_20220515_0_L2A
2022-06-24,ariana,Ariana,north,0.1434,0.0650,-0.1467,0.41,0.0,0.999,S2A_32SPG_20220624_0_L2A
2022-07-04,ariana,Ariana,north,0.1415,0.0608,-0.1430,0.33,0.0,1.000,S2A_32SPG_20220704_0_L2A
2022-08-26,ariana,Ariana,north,0.1569,0.1002,-0.1390,2.27,0.0,1.000,S2A_32SNF_20220826_0_L2A
2022-09-10,ariana,Ariana,north,0.1322,0.0649,-0.1709,0.18,0.0,0.999,S2B_32SPG_20220910_0_L2A
2022-10-20,ariana,Ariana,north,0.1891,0.1128,-0.1238,4.74,0.0,1.000,S2B_32SNF_20221020_0_L2A
2022-11-14,ariana,Ariana,north,0.2197,0.1424,-0.1101,8.33,0.0,1.000,S2A_32SNF_20221114_0_L2A
2022-12-04,ariana,Ariana,north,0.3084,0.1787,-0.0072,28.47,0.0,1.000,S2A_32SNF_20221204_0_L2A
2023-01-08,ariana,Ariana,north,0.4161,0.2543,0.0614,45.44,0.0,1.000,S2B_32SNF_20230108_0_L2A
2023-02-19,ariana,Ariana,north,0.4418,0.2723,0.1254,52.70,0.0,1.000,S2A_32SNF_20230219_0_L2A
2023-03-24,ariana,Ariana,north,0.3904,0.2460,0.0560,42.20,0.0,1.000,S2A_32SNF_20230324_0_L2A
2023-04-08,ariana,Ariana,north,0.2829,0.1876,0.0048,25.05,0.0,1.000,S2B_32SPF_20230408_0_L2A
2023-05-10,ariana,Ariana,north,,,,,55.6,,S2A_32SNG_20230510_0_L2A
2023-06-29,ariana,Ariana,north,0.1572,0.0909,-0.1945,0.67,0.0,1.000,S2A_32SNG_20230629_0_L2A
2023-07-24,ariana,Ariana,north,0.1353,0.0562,-0.1403,0.32,0.0,1.000,S2B_32SPG_20230724_0_L2A
2023-08-16,ariana,Ariana,north,0.1521,0.0964,-0.1443,1.96,0.0,1.000,S2B_32SNF_20230816_0_L2A
2023-09-10,ariana,Ariana,north,0.1215,0.0628,-0.1788,0.55,0.0,1.000,S2A_32SNG_20230910_1_L2A
2023-10-12,ariana,Ariana,north,0.1317,0.0593,-0.1635,0.48,0.0,0.998,S2B_32SPG_20231012_0_L2A
2023-11-14,ariana,Ariana,north,0.1680,0.1294,-0.1123,5.57,0.0,1.000,S2B_32SPF_20231114_0_L2A
2023-12-26,ariana,Ariana,north,0.2904,0.1630,-0.0398,18.19,0.0,1.000,S2A_32SNF_20231226_0_L2A
2024-01-25,ariana,Ariana,north,0.4202,0.2567,0.0684,47.36,0.0,1.000,S2A_32SNF_20240125_0_L2A
2024-02-04,ariana,Ariana,north,0.3496,0.2462,0.0689,39.53,3.4,0.966,S2A_32SPF_20240204_0_L2A
2024-03-30,ariana,Ariana,north,0.3012,0.1263,0.0763,43.84,2.9,0.923,S2B_32SPG_20240330_0_L2A
2024-04-04,ariana,Ariana,north,0.3446,0.1903,0.0342,42.33,0.0,1.000,S2A_32SNF_20240404_1_L2A
2024-05-12,ariana,Ariana,north,0.1615,0.0714,-0.1484,1.11,0.0,0.999,S2B_32SPG_20240512_0_L2A
2024-06-28,ariana,Ariana,north,0.1225,0.0452,-0.1280,0.31,0.1,0.999,S2B_32SPG_20240628_0_L2A
2024-07-31,ariana,Ariana,north,0.1440,0.0871,-0.1331,1.73,0.0,1.000,S2B_32SNF_20240731_0_L2A
2024-08-25,ariana,Ariana,north,0.1461,0.0925,-0.1452,1.72,0.0,1.000,S2A_32SNF_20240825_0_L2A
2024-09-01,ariana,Ariana,north,,,,,0.0,,S2A_32SNG_20240901_0_L2A
2024-10-01,ariana,Ariana,north,0.1278,0.0615,-0.1796,0.47,0.0,0.997,S2A_32SPG_20241001_0_L2A
2024-11-25,ariana,Ariana,north,0.2827,0.1810,-0.0509,20.20,0.1,0.999,S2B_32SNF_20241125_0_L2A
2024-12-10,ariana,Ariana,north,0.3290,0.2058,0.0045,32.09,0.1,0.999,S2A_32SNF_20241210_0_L2A
2025-01-24,ariana,Ariana,north,0.4546,0.2622,0.1314,58.11,0.0,1.000,S2B_32SNF_20250124_0_L2A
2025-02-16,ariana,Ariana,north,0.4158,0.2706,0.1685,52.89,0.5,0.995,S2B_32SPF_20250216_0_L2A
2025-03-20,ariana,Ariana,north,0.5915,0.2576,0.2664,79.68,0.2,0.998,S2C_32SNG_20250320_0_L2A
2025-04-29,ariana,Ariana,north,0.3098,0.1353,-0.0012,32.68,0.0,0.993,S2C_32SPG_20250429_0_L2A
2025-05-19,ariana,Ariana,north,0.2031,0.0899,-0.1233,3.15,0.0,0.997,S2C_32SPG_20250519_0_L2A
2025-06-13,ariana,Ariana,north,0.1714,0.0707,-0.1459,0.89,0.0,0.998,S2B_32SPG_20250613_1_L2A
2025-07-20,ariana,Ariana,north,0.1330,0.0659,-0.1623,0.30,0.0,1.000,S2A_32SPG_20250720_0_L2A
2025-08-25,ariana,Ariana,north,0.1722,0.1111,-0.1268,2.80,0.0,1.000,S2B_32SNF_20250825_0_L2A
2025-09-01,ariana,Ariana,north,0.1744,0.1122,-0.1258,2.62,0.0,1.000,S2A_32SNF_20250901_0_L2A
2025-10-08,ariana,Ariana,north,0.2024,0.1322,-0.1211,5.50,9.6,0.904,S2A_32SNF_20251008_0_L2A
2025-11-30,ariana,Ariana,north,0.2657,0.1675,-0.0498,17.18,0.0,1.000,S2A_32SNF_20251130_1_L2A
2025-12-08,ariana,Ariana,north,0.2514,0.1673,-0.0846,13.77,8.8,0.912,S2C_32SNF_20251208_0_L2A
2026-01-09,ariana,Ariana,north,0.4452,0.2430,0.0778,52.40,0.0,1.000,S2A_32SNF_20260109_0_L2A
2026-02-26,ariana,Ariana,north,0.4802,0.2615,0.1477,63.21,0.0,1.000,S2C_32SNF_20260226_0_L2A
2026-03-08,ariana,Ariana,north,0.5615,0.2489,0.2299,79.43,11.4,0.886,S2C_32SNG_20260308_0_L2A
2026-04-07,ariana,Ariana,north,0.6169,0.2631,0.3164,82.29,0.0,1.000,S2C_32SNG_20260407_0_L2A
2026-05-24,ariana,Ariana,north,0.2124,0.0943,-0.0744,4.70,0.0,0.995,S2C_32SPG_20260524_0_L2A
2026-06-18,ariana,Ariana,north,0.2106,0.1070,-0.0691,6.34,0.0,1.000,S2B_32SNF_20260618_0_L2A
2026-07-25,ariana,Ariana,north,0.1663,0.1058,-0.0964,2.94,0.0,1.000,S2A_32SNF_20260725_0_L2A
2026-08-20,ariana,Ariana,north,0.1714,0.1087,-0.1139,3.08,0.0,1.000,S2B_32SNF_20260820_0_L2A
2022-01-30,ben-arous,Ben Arous,north,0.5264,0.2410,0.1413,68.26,0.9,0.991,S2B_32SPF_20220130_1_L2A
2022-02-09,ben-arous,Ben Arous,north,0.5176,0.2443,0.1362,67.14,0.0,1.000,S2B_32SPF_20220209_0_L2A
2022-03-29,ben-arous,Ben Arous,north,0.4664,0.2232,0.1156,68.86,13.4,0.866,S2A_32SPF_20220329_0_L2A
2022-04-08,ben-arous,Ben Arous,north,0.4580,0.2206,0.0887,60.16,0.0,1.000,S2A_32SNF_20220408_0_L2A
2022-05-15,ben-arous,Ben Arous,north,0.2261,0.1458,-0.1131,5.71,0.0,1.000,S2A_32SNF_20220515_0_L2A
2022-06-24,ben-arous,Ben Arous,north,0.1715,0.1103,-0.1228,4.49,0.0,1.000,S2A_32SNF_20220624_0_L2A
2022-07-17,ben-arous,Ben Arous,north,0.1737,0.1267,-0.1293,4.86,0.0,1.000,S2A_32SNF_20220717_0_L2A
2022-08-26,ben-arous,Ben Arous,north,0.1677,0.1223,-0.1455,4.36,0.0,1.000,S2A_32SNF_20220826_0_L2A
2022-09-10,ben-arous,Ben Arous,north,0.2383,0.1890,-0.1301,10.93,0.0,1.000,S2B_32SPF_20220910_0_L2A
2022-10-20,ben-arous,Ben Arous,north,0.2234,0.1441,-0.1212,7.74,0.0,1.000,S2B_32SNF_20221020_0_L2A
2022-11-14,ben-arous,Ben Arous,north,0.2433,0.1556,-0.1135,9.78,0.0,1.000,S2A_32SNF_20221114_0_L2A
2022-12-04,ben-arous,Ben Arous,north,0.3065,0.1729,-0.0391,24.86,0.0,1.000,S2A_32SNF_20221204_0_L2A
2023-01-08,ben-arous,Ben Arous,north,0.3022,0.1793,-0.0671,17.89,0.0,1.000,S2B_32SNF_20230108_0_L2A
2023-02-19,ben-arous,Ben Arous,north,0.2940,0.1735,-0.0561,19.28,0.0,1.000,S2A_32SNF_20230219_0_L2A
2023-03-24,ben-arous,Ben Arous,north,0.2698,0.1512,-0.0744,12.32,0.0,1.000,S2A_32SNF_20230324_0_L2A
2023-04-08,ben-arous,Ben Arous,north,0.3191,0.1792,-0.0433,23.24,0.0,1.000,S2B_32SPF_20230408_0_L2A
2023-05-28,ben-arous,Ben Arous,north,0.2007,0.1333,-0.1342,5.15,4.2,0.958,S2B_32SNF_20230528_0_L2A
2023-06-22,ben-arous,Ben Arous,north,0.2241,0.1263,-0.0871,8.09,0.6,0.994,S2A_32SNF_20230622_1_L2A
2023-07-14,ben-arous,Ben Arous,north,0.1616,0.1019,-0.1282,4.22,0.0,1.000,S2B_32SNF_20230714_0_L2A
2023-08-16,ben-arous,Ben Arous,north,0.1350,0.1014,-0.1124,2.80,0.0,0.343,S2B_32SNF_20230816_0_L2A
2023-09-15,ben-arous,Ben Arous,north,0.2085,0.1714,-0.1284,9.77,0.0,1.000,S2B_32SPF_20230915_0_L2A
2023-10-10,ben-arous,Ben Arous,north,0.1594,0.1179,-0.1491,4.27,0.0,1.000,S2A_32SNF_20231010_0_L2A
2023-11-14,ben-arous,Ben Arous,north,0.2373,0.1741,-0.1102,13.26,0.0,1.000,S2B_32SPF_20231114_0_L2A
2023-12-26,ben-arous,Ben Arous,north,0.3073,0.1898,-0.0334,23.77,0.0,1.000,S2A_32SNF_20231226_0_L2A
2024-01-25,ben-arous,Ben Arous,north,0.4409,0.2549,0.0677,49.70,0.0,1.000,S2A_32SNF_20240125_0_L2A
2024-02-04,ben-arous,Ben Arous,north,0.5012,0.2618,0.1253,61.23,0.0,1.000,S2A_32SPF_20240204_0_L2A
2024-03-30,ben-arous,Ben Arous,north,0.4080,0.1640,0.1611,71.64,2.2,0.978,S2B_32SNF_20240330_0_L2A
2024-04-04,ben-arous,Ben Arous,north,0.4480,0.2236,0.1116,61.21,0.0,1.000,S2A_32SNF_20240404_1_L2A
2024-05-12,ben-arous,Ben Arous,north,0.2512,0.1506,-0.0984,8.62,0.0,1.000,S2B_32SNF_20240512_0_L2A
2024-06-26,ben-arous,Ben Arous,north,0.1843,0.1187,-0.1240,5.03,0.0,1.000,S2A_32SNF_20240626_0_L2A
2024-07-31,ben-arous,Ben Arous,north,0.1660,0.1129,-0.1296,4.53,0.0,1.000,S2B_32SNF_20240731_0_L2A
2024-08-25,ben-arous,Ben Arous,north,0.1780,0.1256,-0.1424,4.92,0.0,1.000,S2A_32SNF_20240825_0_L2A
2024-09-01,ben-arous,Ben Arous,north,,,,,0.0,,S2A_32SNF_20240901_0_L2A
2024-10-01,ben-arous,Ben Arous,north,0.1903,0.1481,-0.1373,6.24,0.0,1.000,S2A_32SNF_20241001_0_L2A
2024-11-25,ben-arous,Ben Arous,north,0.3148,0.2055,-0.0561,23.74,0.0,1.000,S2B_32SNF_20241125_0_L2A
2024-12-10,ben-arous,Ben Arous,north,0.3543,0.2172,-0.0117,33.02,0.0,1.000,S2A_32SNF_20241210_0_L2A
2025-01-24,ben-arous,Ben Arous,north,0.4812,0.2355,0.1156,63.50,0.0,1.000,S2B_32SNF_20250124_0_L2A
2025-02-16,ben-arous,Ben Arous,north,0.5829,0.2577,0.2094,76.34,5.1,0.949,S2B_32SPF_20250216_0_L2A
2025-03-15,ben-arous,Ben Arous,north,0.5058,0.2023,0.2214,79.83,0.0,1.000,S2B_32SNF_20250315_0_L2A
2025-04-19,ben-arous,Ben Arous,north,0.4441,0.2213,0.0806,58.84,0.0,1.000,S2C_32SNF_20250419_0_L2A
2025-05-31,ben-arous,Ben Arous,north,0.2369,0.1316,-0.1001,7.60,0.0,1.000,S2A_32SNF_20250531_0_L2A
2025-06-23,ben-arous,Ben Arous,north,0.2620,0.1572,-0.0966,14.73,0.0,1.000,S2B_32SPF_20250623_1_L2A
2025-07-23,ben-arous,Ben Arous,north,0.1766,0.1092,-0.1315,4.45,0.0,1.000,S2A_32SNF_20250723_0_L2A
2025-08-25,ben-arous,Ben Arous,north,0.1933,0.1347,-0.1296,5.47,0.0,1.000,S2B_32SNF_20250825_0_L2A
2025-09-01,ben-arous,Ben Arous,north,0.1961,0.1392,-0.1249,5.39,0.0,1.000,S2A_32SNF_20250901_0_L2A
2025-10-08,ben-arous,Ben Arous,north,0.2140,0.1554,-0.1341,6.67,0.0,1.000,S2A_32SNF_20251008_0_L2A
2025-11-30,ben-arous,Ben Arous,north,0.2634,0.1724,-0.1021,12.47,0.0,1.000,S2A_32SNF_20251130_1_L2A
2025-12-08,ben-arous,Ben Arous,north,0.2392,0.1709,-0.1279,9.74,6.5,0.935,S2C_32SNF_20251208_0_L2A
2026-01-09,ben-arous,Ben Arous,north,0.3900,0.2164,0.0018,35.32,0.0,1.000,S2A_32SNF_20260109_0_L2A
2026-02-26,ben-arous,Ben Arous,north,0.5293,0.2580,0.1483,67.68,0.0,1.000,S2C_32SNF_20260226_0_L2A
2026-03-18,ben-arous,Ben Arous,north,0.5819,0.2625,0.2179,76.39,2.5,0.975,S2C_32SNF_20260318_0_L2A
2026-04-07,ben-arous,Ben Arous,north,0.5710,0.2712,0.2149,73.64,0.0,1.000,S2C_32SNF_20260407_0_L2A
2026-05-29,ben-arous,Ben Arous,north,0.3016,0.1612,-0.0350,23.52,0.0,1.000,S2B_32SPF_20260529_0_L2A
2026-06-18,ben-arous,Ben Arous,north,0.2321,0.1295,-0.0765,8.13,0.0,1.000,S2B_32SNF_20260618_0_L2A
2026-07-25,ben-arous,Ben Arous,north,0.1855,0.1241,-0.0957,5.13,0.0,1.000,S2A_32SNF_20260725_0_L2A
2026-08-20,ben-arous,Ben Arous,north,0.2002,0.1469,-0.1259,6.06,0.0,1.000,S2B_32SNF_20260820_0_L2A
2022-01-30,manouba,Manouba,north,0.6104,0.2159,0.2059,82.57,0.0,1.000,S2B_32SNF_20220130_1_L2A
2022-02-09,manouba,Manouba,north,0.6007,0.2387,0.2125,80.16,0.0,1.000,S2B_32SNF_20220209_0_L2A
2022-03-24,manouba,Manouba,north,0.6236,0.2314,0.2350,82.45,34.2,0.658,S2B_32SNF_20220324_0_L2A
2022-04-08,manouba,Manouba,north,0.5302,0.2228,0.1455,71.41,0.0,1.000,S2A_32SNF_20220408_0_L2A
2022-05-15,manouba,Manouba,north,0.2400,0.1391,-0.1135,7.68,0.0,1.000,S2A_32SNF_20220515_0_L2A
2022-06-24,manouba,Manouba,north,0.1742,0.1015,-0.1301,4.51,0.0,1.000,S2A_32SNF_20220624_0_L2A
2022-07-17,manouba,Manouba,north,0.1767,0.1168,-0.1315,5.02,0.0,1.000,S2A_32SNF_20220717_0_L2A
2022-08-26,manouba,Manouba,north,0.1676,0.1100,-0.1545,3.79,0.0,1.000,S2A_32SNF_20220826_0_L2A
2022-09-10,manouba,Manouba,north,0.1657,0.1091,-0.1632,3.61,0.0,1.000,S2B_32SNF_20220910_0_L2A
2022-10-20,manouba,Manouba,north,0.2241,0.1279,-0.1304,7.70,0.0,1.000,S2B_32SNF_20221020_0_L2A
2022-11-14,manouba,Manouba,north,0.2518,0.1518,-0.1282,10.64,0.0,1.000,S2A_32SNF_20221114_0_L2A
2022-12-04,manouba,Manouba,north,0.3621,0.1871,-0.0131,36.35,0.0,1.000,S2A_32SNF_20221204_0_L2A
2023-01-08,manouba,Manouba,north,0.4497,0.2023,0.0467,52.40,0.0,1.000,S2B_32SNF_20230108_0_L2A
2023-02-19,manouba,Manouba,north,0.4568,0.2142,0.0682,56.30,0.0,1.000,S2A_32SNF_20230219_0_L2A
2023-03-24,manouba,Manouba,north,0.3550,0.1690,-0.0203,30.68,0.0,1.000,S2A_32SNF_20230324_0_L2A
2023-04-08,manouba,Manouba,north,0.3122,0.1497,-0.0426,22.26,0.0,1.000,S2B_32SNF_20230408_0_L2A
2023-05-28,manouba,Manouba,north,0.2024,0.1103,-0.1448,4.47,1.5,0.985,S2B_32SNF_20230528_0_L2A
2023-06-22,manouba,Manouba,north,0.2453,0.1293,-0.0917,10.80,0.0,1.000,S2A_32SNF_20230622_1_L2A
2023-07-14,manouba,Manouba,north,0.1707,0.0887,-0.1312,3.67,0.0,1.000,S2B_32SNF_20230714_0_L2A
2023-08-16,manouba,Manouba,north,0.1951,0.1343,-0.1183,8.27,0.0,0.860,S2B_32SNF_20230816_0_L2A
2023-09-10,manouba,Manouba,north,0.1583,0.0982,-0.1573,3.30,0.0,1.000,S2A_32SNF_20230910_1_L2A
2023-10-10,manouba,Manouba,north,0.1576,0.0972,-0.1673,2.70,0.0,1.000,S2A_32SNF_20231010_0_L2A
2023-11-14,manouba,Manouba,north,0.1842,0.1195,-0.1510,5.29,1.6,0.984,S2B_32SNF_20231114_0_L2A
2023-12-26,manouba,Manouba,north,0.2896,0.1581,-0.0646,16.84,0.0,1.000,S2A_32SNF_20231226_0_L2A
2024-01-25,manouba,Manouba,north,0.4946,0.2453,0.0991,61.24,0.0,1.000,S2A_32SNF_20240125_0_L2A
2024-02-04,manouba,Manouba,north,0.5709,0.2581,0.1823,72.53,0.0,1.000,S2A_32SNF_20240204_0_L2A
2024-03-30,manouba,Manouba,north,0.4795,0.1411,0.2211,87.70,0.1,0.999,S2B_32SNF_20240330_0_L2A
2024-04-04,manouba,Manouba,north,0.5120,0.2126,0.1555,73.50,0.0,1.000,S2A_32SNF_20240404_1_L2A
2024-05-12,manouba,Manouba,north,0.2422,0.1163,-0.1034,7.49,0.0,1.000,S2B_32SNF_20240512_0_L2A
2024-06-26,manouba,Manouba,north,0.1778,0.1010,-0.1284,3.98,0.0,1.000,S2A_32SNF_20240626_0_L2A
2024-07-31,manouba,Manouba,north,0.1580,0.0881,-0.1288,3.16,0.0,1.000,S2B_32SNF_20240731_0_L2A
2024-08-25,manouba,Manouba,north,0.1668,0.0972,-0.1461,3.04,0.0,1.000,S2A_32SNF_20240825_0_L2A
2024-09-01,manouba,Manouba,north,,,,,0.0,,S2A_32SNF_20240901_0_L2A
2024-10-01,manouba,Manouba,north,0.1582,0.1030,-0.1748,2.28,0.0,1.000,S2A_32SNF_20241001_0_L2A
2024-11-25,manouba,Manouba,north,0.3343,0.2022,-0.0513,27.38,0.0,1.000,S2B_32SNF_20241125_0_L2A
2024-12-10,manouba,Manouba,north,0.3875,0.2209,0.0083,40.81,0.0,1.000,S2A_32SNF_20241210_0_L2A
2025-01-24,manouba,Manouba,north,0.5604,0.2254,0.1874,77.62,0.0,1.000,S2B_32SNF_20250124_0_L2A
2025-02-18,manouba,Manouba,north,0.6739,0.2451,0.2944,86.22,0.1,0.999,S2C_32SNF_20250218_0_L2A
2025-03-15,manouba,Manouba,north,0.5923,0.1742,0.2950,90.86,0.0,1.000,S2B_32SNF_20250315_0_L2A
2025-04-19,manouba,Manouba,north,0.4781,0.2041,0.1003,67.28,3.5,0.965,S2C_32SNF_20250419_0_L2A
2025-05-31,manouba,Manouba,north,0.2243,0.1019,-0.1321,4.69,0.0,1.000,S2A_32SNF_20250531_0_L2A
2025-06-13,manouba,Manouba,north,0.2121,0.0921,-0.1391,3.70,0.0,1.000,S2B_32SNF_20250613_1_L2A
2025-07-23,manouba,Manouba,north,0.1681,0.0864,-0.1442,2.65,0.0,1.000,S2A_32SNF_20250723_0_L2A
2025-08-25,manouba,Manouba,north,0.1774,0.1020,-0.1371,3.56,0.0,1.000,S2B_32SNF_20250825_0_L2A
2025-09-01,manouba,Manouba,north,0.1787,0.1029,-0.1425,3.03,0.0,1.000,S2A_32SNF_20250901_0_L2A
2025-10-08,manouba,Manouba,north,0.1963,0.1208,-0.1567,4.16,0.0,1.000,S2A_32SNF_20251008_0_L2A
2025-11-30,manouba,Manouba,north,0.2629,0.1608,-0.1130,14.15,0.0,1.000,S2A_32SNF_20251130_1_L2A
2025-12-08,manouba,Manouba,north,0.2579,0.1715,-0.1301,13.00,3.7,0.963,S2C_32SNF_20251208_0_L2A
2026-01-09,manouba,Manouba,north,0.4612,0.2247,0.0486,48.88,0.0,1.000,S2A_32SNF_20260109_0_L2A
2026-02-26,manouba,Manouba,north,0.6191,0.2413,0.2282,82.41,0.0,1.000,S2C_32SNF_20260226_0_L2A
2026-03-18,manouba,Manouba,north,0.6591,0.2364,0.2777,86.04,8.6,0.914,S2C_32SNF_20260318_0_L2A
2026-04-07,manouba,Manouba,north,0.6356,0.2481,0.2682,83.22,0.0,1.000,S2C_32SNF_20260407_0_L2A
2026-05-19,manouba,Manouba,north,0.2821,0.1065,-0.0641,12.04,0.1,0.826,S2A_32SNF_20260519_2_L2A
2026-06-18,manouba,Manouba,north,0.2142,0.0961,-0.0906,5.52,0.0,1.000,S2B_32SNF_20260618_0_L2A
2026-07-25,manouba,Manouba,north,0.1686,0.1027,-0.0986,3.63,0.0,1.000,S2A_32SNF_20260725_0_L2A
2026-08-20,manouba,Manouba,north,0.1829,0.1116,-0.1397,3.98,0.0,1.000,S2B_32SNF_20260820_0_L2A
2022-01-30,nabeul,Nabeul,cap-bon,0.5199,0.2328,0.1189,63.53,0.0,1.000,S2B_32SPF_20220130_1_L2A
2022-02-09,nabeul,Nabeul,cap-bon,0.5558,0.2306,0.1445,69.53,0.2,0.998,S2B_32SPF_20220209_0_L2A
2022-03-01,nabeul,Nabeul,cap-bon,0.5685,0.2326,0.1970,76.60,28.4,0.716,S2B_32SPF_20220301_0_L2A
2022-04-25,nabeul,Nabeul,cap-bon,0.4446,0.1833,0.0809,63.90,6.8,0.932,S2A_32SPF_20220425_0_L2A
2022-05-20,nabeul,Nabeul,cap-bon,0.3583,0.1708,-0.0285,29.79,5.9,0.941,S2B_32SPF_20220520_0_L2A
2022-06-14,nabeul,Nabeul,cap-bon,0.3013,0.1729,-0.0819,18.80,0.0,1.000,S2A_32SPF_20220614_0_L2A
2022-07-19,nabeul,Nabeul,cap-bon,0.2898,0.1719,-0.0813,18.42,0.0,1.000,S2B_32SPF_20220719_0_L2A
2022-08-13,nabeul,Nabeul,cap-bon,0.2808,0.1770,-0.1168,14.60,0.0,1.000,S2A_32SPF_20220813_0_L2A
2022-09-12,nabeul,Nabeul,cap-bon,0.2743,0.1856,-0.1324,13.49,0.1,0.999,S2A_32SPF_20220912_0_L2A
2022-10-22,nabeul,Nabeul,cap-bon,0.3608,0.2114,-0.0672,24.23,0.0,1.000,S2A_32SPF_20221022_0_L2A
2022-11-21,nabeul,Nabeul,cap-bon,0.4006,0.2302,-0.0272,32.70,0.6,0.994,S2A_32SPF_20221121_0_L2A
2022-12-21,nabeul,Nabeul,cap-bon,0.4579,0.2318,0.0240,44.00,0.0,1.000,S2A_32SPF_20221221_0_L2A
2023-01-15,nabeul,Nabeul,cap-bon,0.4528,0.2244,0.0358,44.22,0.3,0.997,S2B_32SPF_20230115_0_L2A
2023-02-19,nabeul,Nabeul,cap-bon,0.4470,0.2191,0.0418,47.02,0.1,0.999,S2A_32SPF_20230219_0_L2A
2023-03-26,nabeul,Nabeul,cap-bon,0.4536,0.2025,0.0386,50.35,0.1,0.999,S2B_32SPF_20230326_0_L2A
2023-04-10,nabeul,Nabeul,cap-bon,0.4384,0.1904,0.0442,51.62,0.1,0.999,S2A_32SPF_20230410_0_L2A
2023-06-29,nabeul,Nabeul,cap-bon,0.3317,0.1846,-0.0921,20.06,0.2,0.998,S2A_32SPF_20230629_0_L2A
2023-07-24,nabeul,Nabeul,cap-bon,0.2850,0.1592,-0.0838,18.25,0.1,0.999,S2B_32SPF_20230724_0_L2A
2023-08-18,nabeul,Nabeul,cap-bon,0.2690,0.1638,-0.1046,15.87,0.0,1.000,S2A_32SPF_20230818_0_L2A
2023-09-17,nabeul,Nabeul,cap-bon,0.2306,0.1226,-0.1043,13.06,0.1,0.999,S2A_32SPF_20230917_0_L2A
2023-10-12,nabeul,Nabeul,cap-bon,0.2803,0.1757,-0.1118,15.50,0.0,1.000,S2B_32SPF_20231012_0_L2A
2023-11-16,nabeul,Nabeul,cap-bon,0.2957,0.2016,-0.1088,17.42,6.4,0.936,S2A_32SPF_20231116_0_L2A
2023-12-26,nabeul,Nabeul,cap-bon,0.4210,0.2213,0.0209,41.34,0.0,1.000,S2A_32SPF_20231226_0_L2A
2024-01-25,nabeul,Nabeul,cap-bon,0.5000,0.2330,0.0658,54.39,1.2,0.988,S2A_32SPF_20240125_0_L2A
2024-02-04,nabeul,Nabeul,cap-bon,0.5158,0.2330,0.0800,57.70,0.0,1.000,S2A_32SPF_20240204_0_L2A
2024-03-30,nabeul,Nabeul,cap-bon,0.4137,0.1300,0.1260,77.26,0.8,0.992,S2B_32SPF_20240330_0_L2A
2024-04-04,nabeul,Nabeul,cap-bon,0.4688,0.2069,0.0652,56.11,0.0,1.000,S2A_32SPF_20240404_1_L2A
2024-05-19,nabeul,Nabeul,cap-bon,0.4042,0.2051,0.0232,43.77,0.1,0.999,S2B_32SPF_20240519_0_L2A
2024-06-28,nabeul,Nabeul,cap-bon,0.2671,0.1371,-0.0704,17.13,0.1,0.999,S2B_32SPF_20240628_0_L2A
2024-07-13,nabeul,Nabeul,cap-bon,0.2562,0.1554,-0.1212,11.94,0.0,1.000,S2A_32SPF_20240713_0_L2A
2024-08-12,nabeul,Nabeul,cap-bon,0.2513,0.1524,-0.1261,11.38,0.1,0.999,S2A_32SPF_20240812_0_L2A
2024-09-01,nabeul,Nabeul,cap-bon,,,,,0.0,,S2A_32SPF_20240901_0_L2A
2024-10-01,nabeul,Nabeul,cap-bon,0.3364,0.2095,-0.0870,21.26,0.1,0.999,S2A_32SPF_20241001_0_L2A
2024-11-20,nabeul,Nabeul,cap-bon,0.4895,0.2320,0.0400,52.52,0.1,0.999,S2A_32SPF_20241120_0_L2A
2024-12-10,nabeul,Nabeul,cap-bon,0.5446,0.2431,0.1316,67.18,0.1,0.999,S2A_32SPF_20241210_0_L2A
2025-01-24,nabeul,Nabeul,cap-bon,0.5757,0.2277,0.1738,76.24,0.0,1.000,S2B_32SPF_20250124_0_L2A
2025-02-18,nabeul,Nabeul,cap-bon,0.4602,0.1964,0.1480,73.10,23.7,0.113,S2C_32SPF_20250218_1_L2A
2025-03-15,nabeul,Nabeul,cap-bon,0.4709,0.1475,0.1753,83.80,16.4,0.836,S2B_32SPF_20250315_0_L2A
2025-04-24,nabeul,Nabeul,cap-bon,0.4477,0.1707,0.0668,62.59,33.5,0.665,S2B_32SPF_20250424_0_L2A
2025-05-31,nabeul,Nabeul,cap-bon,0.3656,0.1753,-0.0429,27.93,0.1,0.999,S2A_32SPF_20250531_0_L2A
2025-06-23,nabeul,Nabeul,cap-bon,0.3466,0.1716,-0.0626,23.83,0.0,1.000,S2B_32SPF_20250623_1_L2A
2025-07-20,nabeul,Nabeul,cap-bon,0.3040,0.1685,-0.0875,17.57,0.1,0.999,S2A_32SPF_20250720_0_L2A
2025-08-07,nabeul,Nabeul,cap-bon,0.3014,0.1641,-0.0827,18.69,0.0,1.000,S2C_32SPF_20250807_1_L2A
2025-09-01,nabeul,Nabeul,cap-bon,0.3013,0.1719,-0.0866,17.96,0.1,0.999,S2B_32SPF_20250901_1_L2A
2025-10-08,nabeul,Nabeul,cap-bon,0.3475,0.2026,-0.0802,21.88,2.5,0.975,S2A_32SPF_20251008_0_L2A
2025-11-20,nabeul,Nabeul,cap-bon,0.3924,0.2208,-0.0427,30.01,0.1,0.999,S2B_32SPF_20251120_1_L2A
2025-12-30,nabeul,Nabeul,cap-bon,0.4792,0.2214,0.0888,58.14,24.8,0.752,S2B_32SPF_20251230_1_L2A
2026-01-09,nabeul,Nabeul,cap-bon,0.5215,0.2305,0.0923,59.65,0.1,0.999,S2B_32SPF_20260109_1_L2A
2026-02-18,nabeul,Nabeul,cap-bon,0.5598,0.2284,0.1558,74.96,0.4,0.996,S2B_32SPF_20260218_0_L2A
2026-03-25,nabeul,Nabeul,cap-bon,0.5488,0.2257,0.1737,76.57,14.3,0.857,S2C_32SPF_20260325_1_L2A
2026-04-06,nabeul,Nabeul,cap-bon,0.5572,0.2339,0.1661,75.76,0.1,0.999,S2A_32SPF_20260406_0_L2A
2026-05-29,nabeul,Nabeul,cap-bon,0.3649,0.1658,-0.0189,32.40,0.0,1.000,S2B_32SPF_20260529_0_L2A
2026-06-05,nabeul,Nabeul,cap-bon,0.3506,0.1763,-0.0394,26.60,0.0,1.000,S2A_32SPF_20260605_0_L2A
2026-07-08,nabeul,Nabeul,cap-bon,0.3251,0.1703,-0.0632,22.43,0.0,1.000,S2B_32SPF_20260708_0_L2A
2026-08-02,nabeul,Nabeul,cap-bon,0.2981,0.1606,-0.0848,17.77,0.0,1.000,S2C_32SPF_20260802_0_L2A
2022-01-30,zaghouan,Zaghouan,north,0.4608,0.1779,0.0460,53.75,0.6,0.994,S2B_32SPF_20220130_1_L2A
2022-02-09,zaghouan,Zaghouan,north,0.4650,0.1769,0.0511,55.88,0.3,0.997,S2B_32SPF_20220209_0_L2A
2022-03-29,zaghouan,Zaghouan,north,0.4856,0.1825,0.0899,68.47,9.9,0.901,S2A_32SPF_20220329_0_L2A
2022-04-08,zaghouan,Zaghouan,north,0.4908,0.1838,0.0812,64.80,0.0,1.000,S2A_32SNF_20220408_0_L2A
2022-05-15,zaghouan,Zaghouan,north,0.3128,0.1639,-0.0712,19.06,0.0,1.000,S2A_32SNF_20220515_0_L2A
2022-06-24,zaghouan,Zaghouan,north,0.2018,0.1147,-0.1198,6.65,0.0,1.000,S2A_32SNF_20220624_0_L2A
2022-07-17,zaghouan,Zaghouan,north,0.2114,0.1352,-0.1228,7.62,0.0,1.000,S2A_32SNF_20220717_0_L2A
2022-08-26,zaghouan,Zaghouan,north,0.2023,0.1292,-0.1446,6.74,0.0,1.000,S2A_32SNF_20220826_0_L2A
2022-09-10,zaghouan,Zaghouan,north,0.2129,0.1438,-0.1608,5.03,0.0,1.000,S2B_32SPF_20220910_0_L2A
2022-10-20,zaghouan,Zaghouan,north,0.2296,0.1434,-0.1420,9.58,0.0,1.000,S2B_32SNF_20221020_0_L2A
2022-11-14,zaghouan,Zaghouan,north,0.2383,0.1529,-0.1397,10.88,0.0,1.000,S2A_32SNF_20221114_0_L2A
2022-12-04,zaghouan,Zaghouan,north,0.2758,0.1568,-0.0916,16.26,0.0,1.000,S2A_32SNF_20221204_0_L2A
2023-01-08,zaghouan,Zaghouan,north,0.2954,0.1636,-0.1030,14.58,0.0,1.000,S2B_32SNF_20230108_0_L2A
2023-02-22,zaghouan,Zaghouan,north,0.2510,0.1427,-0.1261,7.21,0.0,1.000,S2A_32SPF_20230222_0_L2A
2023-03-24,zaghouan,Zaghouan,north,0.2719,0.1420,-0.0987,10.88,0.0,1.000,S2A_32SNF_20230324_0_L2A
2023-04-08,zaghouan,Zaghouan,north,0.2815,0.1377,-0.0959,11.01,0.0,1.000,S2B_32SPF_20230408_0_L2A
2023-05-28,zaghouan,Zaghouan,north,0.2115,0.1211,-0.1448,5.64,27.6,0.724,S2B_32SNF_20230528_0_L2A
2023-06-22,zaghouan,Zaghouan,north,0.2397,0.1128,-0.0996,8.35,0.1,0.999,S2A_32SNF_20230622_1_L2A
2023-07-14,zaghouan,Zaghouan,north,0.1962,0.1135,-0.1352,5.23,0.0,1.000,S2B_32SNF_20230714_0_L2A
2023-08-26,zaghouan,Zaghouan,north,0.1869,0.1228,-0.1632,4.42,0.0,1.000,S2B_32SPF_20230826_0_L2A
2023-09-15,zaghouan,Zaghouan,north,0.1900,0.1384,-0.1750,3.72,0.0,1.000,S2B_32SPF_20230915_0_L2A
2023-10-10,zaghouan,Zaghouan,north,0.1851,0.1224,-0.1594,5.59,0.0,1.000,S2A_32SNF_20231010_0_L2A
2023-11-14,zaghouan,Zaghouan,north,0.2164,0.1430,-0.1541,7.86,0.0,1.000,S2B_32SPF_20231114_0_L2A
2023-12-26,zaghouan,Zaghouan,north,0.2935,0.1646,-0.0822,16.42,0.0,1.000,S2A_32SNF_20231226_0_L2A
2024-01-25,zaghouan,Zaghouan,north,0.3991,0.1959,-0.0047,37.81,0.0,1.000,S2A_32SNF_20240125_0_L2A
2024-02-04,zaghouan,Zaghouan,north,0.4308,0.2055,0.0235,44.28,0.0,1.000,S2A_32SPF_20240204_0_L2A
2024-03-30,zaghouan,Zaghouan,north,0.4159,0.1259,0.1076,75.44,0.0,1.000,S2B_32SNF_20240330_0_L2A
2024-04-04,zaghouan,Zaghouan,north,0.4250,0.1603,0.0479,56.73,0.0,1.000,S2A_32SNF_20240404_1_L2A
2024-05-12,zaghouan,Zaghouan,north,0.3113,0.1462,-0.0856,16.32,0.0,1.000,S2B_32SNF_20240512_0_L2A
2024-06-26,zaghouan,Zaghouan,north,0.2138,0.1227,-0.1374,6.69,0.0,1.000,S2A_32SNF_20240626_0_L2A
2024-07-31,zaghouan,Zaghouan,north,0.1936,0.1134,-0.1413,5.24,0.0,1.000,S2B_32SNF_20240731_0_L2A
2024-08-25,zaghouan,Zaghouan,north,0.1644,0.1170,-0.1748,4.14,0.0,0.006,S2A_32SNF_20240825_0_L2A
2024-09-01,zaghouan,Zaghouan,north,,,,,0.0,,S2A_32SNF_20240901_0_L2A
2024-10-01,zaghouan,Zaghouan,north,0.2133,0.1385,-0.1588,6.83,0.0,1.000,S2A_32SNF_20241001_0_L2A
2024-11-25,zaghouan,Zaghouan,north,0.4494,0.2029,0.0304,51.17,0.0,1.000,S2B_32SNF_20241125_0_L2A
2024-12-10,zaghouan,Zaghouan,north,0.5051,0.2121,0.0907,64.21,0.0,1.000,S2A_32SNF_20241210_0_L2A
2025-01-24,zaghouan,Zaghouan,north,0.5681,0.1944,0.1649,79.03,0.0,1.000,S2B_32SNF_20250124_0_L2A
2025-02-16,zaghouan,Zaghouan,north,0.6312,0.1998,0.2188,86.84,0.5,0.995,S2B_32SPF_20250216_0_L2A
2025-03-15,zaghouan,Zaghouan,north,0.5307,0.1402,0.2154,92.46,1.1,0.989,S2B_32SNF_20250315_0_L2A
2025-04-19,zaghouan,Zaghouan,north,0.5082,0.1778,0.1035,73.71,0.0,1.000,S2C_32SNF_20250419_0_L2A
2025-05-31,zaghouan,Zaghouan,north,0.3035,0.1393,-0.0755,18.15,0.0,1.000,S2A_32SNF_20250531_0_L2A
2025-06-23,zaghouan,Zaghouan,north,0.2560,0.1234,-0.1194,10.32,0.0,1.000,S2B_32SPF_20250623_1_L2A
2025-07-23,zaghouan,Zaghouan,north,0.2248,0.1247,-0.1161,9.51,0.0,1.000,S2A_32SNF_20250723_0_L2A
2025-08-25,zaghouan,Zaghouan,north,0.2450,0.1512,-0.1266,11.94,0.0,1.000,S2B_32SNF_20250825_0_L2A
2025-09-01,zaghouan,Zaghouan,north,0.2548,0.1663,-0.1181,12.52,0.0,1.000,S2A_32SNF_20250901_0_L2A
2025-10-08,zaghouan,Zaghouan,north,0.2830,0.1762,-0.1073,15.96,0.0,1.000,S2A_32SNF_20251008_0_L2A
2025-11-30,zaghouan,Zaghouan,north,0.3462,0.1938,-0.0723,23.53,0.0,1.000,S2A_32SNF_20251130_1_L2A
2025-12-08,zaghouan,Zaghouan,north,0.3400,0.1993,-0.0831,22.69,0.5,0.995,S2C_32SNF_20251208_0_L2A
2026-01-09,zaghouan,Zaghouan,north,0.4332,0.1971,0.0135,43.65,0.0,1.000,S2A_32SNF_20260109_0_L2A
2026-02-26,zaghouan,Zaghouan,north,0.5319,0.1918,0.1080,71.38,0.0,1.000,S2C_32SNF_20260226_0_L2A
2026-03-18,zaghouan,Zaghouan,north,0.5850,0.1896,0.1640,82.36,0.1,0.999,S2C_32SNF_20260318_0_L2A
2026-04-07,zaghouan,Zaghouan,north,0.5711,0.2034,0.1610,79.21,0.0,1.000,S2C_32SNF_20260407_0_L2A
2026-05-29,zaghouan,Zaghouan,north,0.3235,0.1386,-0.0345,25.23,0.0,1.000,S2B_32SPF_20260529_0_L2A
2026-06-18,zaghouan,Zaghouan,north,0.2805,0.1432,-0.0773,17.15,0.0,1.000,S2B_32SNF_20260618_0_L2A
2026-07-25,zaghouan,Zaghouan,north,0.2227,0.1327,-0.0980,10.00,0.0,1.000,S2A_32SNF_20260725_0_L2A
2026-08-20,zaghouan,Zaghouan,north,0.2388,0.1496,-0.1289,10.52,0.0,1.000,S2B_32SNF_20260820_0_L2A
2022-01-05,bizerte,Bizerte,north,0.5264,0.1987,0.0815,61.50,2.2,0.978,S2A_32SNF_20220105_0_L2A
2022-02-09,bizerte,Bizerte,north,0.6754,0.2097,0.2429,87.17,0.2,0.998,S2B_32SNG_20220209_0_L2A
2022-03-24,bizerte,Bizerte,north,,,,,44.0,,S2B_32SNG_20220324_0_L2A
2022-04-08,bizerte,Bizerte,north,0.7152,0.2272,0.3208,87.52,0.0,1.000,S2A_32SNF_20220408_0_L2A
2022-05-15,bizerte,Bizerte,north,0.3089,0.1715,-0.0716,19.87,0.0,1.000,S2A_32SNF_20220515_0_L2A
2022-06-24,bizerte,Bizerte,north,0.1728,0.0914,-0.1392,2.84,0.0,1.000,S2A_32SNF_20220624_0_L2A
2022-07-17,bizerte,Bizerte,north,0.1854,0.1131,-0.1240,3.86,0.0,1.000,S2A_32SNF_20220717_0_L2A
2022-08-26,bizerte,Bizerte,north,0.1708,0.1018,-0.1569,2.80,0.0,1.000,S2A_32SNF_20220826_0_L2A
2022-09-10,bizerte,Bizerte,north,0.1685,0.1031,-0.1651,2.69,0.0,1.000,S2B_32SNF_20220910_0_L2A
2022-10-20,bizerte,Bizerte,north,0.2384,0.1419,-0.1733,8.35,0.0,1.000,S2B_32SNF_20221020_0_L2A
2022-11-14,bizerte,Bizerte,north,0.2585,0.1655,-0.1647,12.20,0.0,1.000,S2A_32SNF_20221114_0_L2A
2022-12-04,bizerte,Bizerte,north,0.3961,0.1990,-0.0398,34.29,0.0,1.000,S2A_32SNF_20221204_0_L2A
2023-01-08,bizerte,Bizerte,north,0.6619,0.2233,0.2334,82.60,0.0,1.000,S2B_32SNF_20230108_0_L2A
2023-02-19,bizerte,Bizerte,north,0.7316,0.2275,0.3559,90.25,0.0,1.000,S2A_32SNF_20230219_0_L2A
2023-03-24,bizerte,Bizerte,north,0.7226,0.2390,0.3365,86.54,0.0,1.000,S2A_32SNF_20230324_0_L2A
2023-04-08,bizerte,Bizerte,north,0.6626,0.2353,0.2988,81.48,0.0,1.000,S2B_32SNF_20230408_0_L2A
2023-05-10,bizerte,Bizerte,north,0.2908,0.1397,-0.0529,20.04,20.2,0.522,S2A_32SNG_20230510_0_L2A
2023-06-29,bizerte,Bizerte,north,0.2451,0.1282,-0.1909,4.00,0.0,1.000,S2A_32SNG_20230629_0_L2A
2023-07-14,bizerte,Bizerte,north,0.1901,0.0842,-0.1536,2.34,0.0,1.000,S2B_32SNF_20230714_0_L2A
2023-08-16,bizerte,Bizerte,north,0.1922,0.0975,-0.1528,2.90,0.0,1.000,S2B_32SNF_20230816_0_L2A
2023-09-10,bizerte,Bizerte,north,0.1906,0.1132,-0.1695,3.85,0.0,1.000,S2A_32SNG_20230910_1_L2A
2023-10-10,bizerte,Bizerte,north,0.1763,0.0909,-0.1899,2.19,0.0,1.000,S2A_32SNF_20231010_0_L2A
2023-11-14,bizerte,Bizerte,north,0.2043,0.1162,-0.1929,4.03,0.0,1.000,S2B_32SNF_20231114_0_L2A
2023-12-26,bizerte,Bizerte,north,0.3701,0.1709,-0.0697,24.61,0.3,0.997,S2A_32SNF_20231226_0_L2A
2024-01-25,bizerte,Bizerte,north,0.6123,0.2346,0.1607,75.54,0.0,1.000,S2A_32SNF_20240125_0_L2A
2024-02-04,bizerte,Bizerte,north,0.6757,0.2185,0.2596,87.63,10.9,0.891,S2A_32SNF_20240204_0_L2A
2024-03-30,bizerte,Bizerte,north,0.6344,0.1393,0.3500,98.42,0.1,0.999,S2B_32SNF_20240330_0_L2A
2024-04-04,bizerte,Bizerte,north,0.6815,0.2065,0.3016,90.29,0.0,1.000,S2A_32SNF_20240404_1_L2A
2024-05-12,bizerte,Bizerte,north,0.3015,0.1498,-0.0506,22.17,0.0,1.000,S2B_32SNF_20240512_0_L2A
2024-06-26,bizerte,Bizerte,north,0.1888,0.0942,-0.1415,3.00,0.0,1.000,S2A_32SNF_20240626_0_L2A
2024-07-31,bizerte,Bizerte,north,0.1612,0.0867,-0.1424,2.51,0.0,1.000,S2B_32SNF_20240731_0_L2A
2024-08-25,bizerte,Bizerte,north,0.1720,0.0960,-0.1587,2.53,0.0,1.000,S2A_32SNF_20240825_0_L2A
2024-09-01,bizerte,Bizerte,north,,,,,0.0,,S2A_32SNG_20240901_0_L2A
2024-10-01,bizerte,Bizerte,north,0.1528,0.0951,-0.2007,2.29,0.0,1.000,S2A_32SNF_20241001_0_L2A
2024-11-25,bizerte,Bizerte,north,0.2708,0.1715,-0.1664,12.72,0.0,1.000,S2B_32SNF_20241125_0_L2A
2024-12-10,bizerte,Bizerte,north,0.3185,0.1959,-0.1227,20.11,0.0,1.000,S2A_32SNF_20241210_0_L2A
2025-01-24,bizerte,Bizerte,north,0.5602,0.2273,0.1456,67.56,0.0,1.000,S2B_32SNF_20250124_0_L2A
2025-02-18,bizerte,Bizerte,north,0.7176,0.2236,0.3377,91.09,2.9,0.971,S2C_32SNF_20250218_0_L2A
2025-03-20,bizerte,Bizerte,north,0.7291,0.1927,0.3558,93.54,0.1,0.999,S2C_32SNG_20250320_0_L2A
2025-04-19,bizerte,Bizerte,north,0.6442,0.2153,0.2497,84.88,0.0,1.000,S2C_32SNF_20250419_0_L2A
2025-05-31,bizerte,Bizerte,north,0.2342,0.1046,-0.1328,5.92,0.0,1.000,S2A_32SNF_20250531_0_L2A
2025-06-13,bizerte,Bizerte,north,0.2288,0.0936,-0.1418,4.21,0.0,0.988,S2B_32SNG_20250613_1_L2A
2025-07-23,bizerte,Bizerte,north,0.1868,0.0937,-0.1438,3.12,0.0,1.000,S2A_32SNF_20250723_0_L2A
2025-08-25,bizerte,Bizerte,north,0.1910,0.1076,-0.1453,3.69,0.0,1.000,S2B_32SNF_20250825_0_L2A
2025-09-01,bizerte,Bizerte,north,0.1901,0.1031,-0.1582,3.08,0.0,1.000,S2A_32SNF_20250901_0_L2A
2025-10-08,bizerte,Bizerte,north,0.2200,0.1324,-0.1968,5.12,0.4,0.996,S2A_32SNF_20251008_0_L2A
2025-11-30,bizerte,Bizerte,north,0.3247,0.1911,-0.1007,21.93,0.0,1.000,S2A_32SNF_20251130_1_L2A
2025-12-08,bizerte,Bizerte,north,0.3283,0.1979,-0.1169,21.36,21.6,0.784,S2C_32SNF_20251208_0_L2A
2026-01-09,bizerte,Bizerte,north,0.6107,0.2118,0.1287,70.62,0.0,1.000,S2A_32SNF_20260109_0_L2A
2026-02-26,bizerte,Bizerte,north,0.7030,0.2220,0.2953,89.10,0.0,1.000,S2C_32SNF_20260226_0_L2A
2026-03-08,bizerte,Bizerte,north,0.7088,0.1962,0.3024,91.85,8.7,0.913,S2C_32SNG_20260308_0_L2A
2026-04-07,bizerte,Bizerte,north,0.7321,0.2067,0.3451,92.16,0.0,1.000,S2C_32SNG_20260407_0_L2A
2026-05-24,bizerte,Bizerte,north,0.2987,0.1277,-0.0259,25.78,0.2,0.998,S2C_32SNG_20260524_0_L2A
2026-06-18,bizerte,Bizerte,north,0.2201,0.0976,-0.0998,6.19,0.0,1.000,S2B_32SNF_20260618_0_L2A
2026-07-25,bizerte,Bizerte,north,0.1724,0.1040,-0.1091,3.94,0.0,1.000,S2A_32SNF_20260725_0_L2A
2026-08-20,bizerte,Bizerte,north,0.1853,0.1144,-0.1113,4.75,0.0,1.000,S2B_32SNF_20260820_0_L2A
2022-01-28,beja,Béja,north,0.5766,0.1983,0.1231,72.73,0.0,1.000,S2A_32SMF_20220128_0_L2A
2022-03-14,beja,Béja,north,0.6873,0.1857,0.2577,89.29,0.1,0.999,S2B_32SMF_20220314_0_L2A
2022-04-08,beja,Béja,north,0.7173,0.2078,0.3169,89.55,0.0,1.000,S2A_32SNF_20220408_0_L2A
2022-05-23,beja,Béja,north,0.4367,0.1643,0.0867,64.15,0.0,1.000,S2B_32SMF_20220523_0_L2A
2022-06-17,beja,Béja,north,0.2736,0.1526,-0.0490,15.82,0.0,1.000,S2A_32SMF_20220617_0_L2A
2022-07-17,beja,Béja,north,0.2396,0.1564,-0.0705,11.80,0.0,1.000,S2A_32SMF_20220717_0_L2A
2022-08-26,beja,Béja,north,0.1968,0.1230,-0.1202,5.99,0.0,1.000,S2A_32SNF_20220826_0_L2A
2022-09-10,beja,Béja,north,0.1962,0.1226,-0.1331,5.66,0.0,1.000,S2B_32SNF_20220910_0_L2A
2022-10-20,beja,Béja,north,0.2641,0.1617,-0.1724,11.37,0.0,1.000,S2B_32SMF_20221020_0_L2A
2022-11-14,beja,Béja,north,0.2959,0.1801,-0.1682,15.03,0.0,1.000,S2A_32SMF_20221114_0_L2A
2022-12-04,beja,Béja,north,0.3750,0.1921,-0.0906,27.79,0.0,1.000,S2A_32SMF_20221204_0_L2A
2023-01-08,beja,Béja,north,0.5781,0.2003,0.0951,68.04,0.0,1.000,S2B_32SNF_20230108_0_L2A
2023-02-22,beja,Béja,north,0.6114,0.2005,0.1764,78.60,0.0,0.484,S2A_32SNF_20230222_1_L2A
2023-03-24,beja,Béja,north,0.6631,0.2059,0.2327,84.65,0.0,1.000,S2A_32SMF_20230324_0_L2A
2023-04-08,beja,Béja,north,0.6102,0.2297,0.2138,77.74,0.0,1.000,S2B_32SNF_20230408_0_L2A
2023-05-28,beja,Béja,north,0.3007,0.1618,-0.0926,21.76,12.5,0.875,S2B_32SNF_20230528_0_L2A
2023-06-22,beja,Béja,north,0.2993,0.1416,-0.1098,14.77,0.1,0.999,S2A_32SNF_20230622_1_L2A
2023-07-22,beja,Béja,north,0.2192,0.1113,-0.1439,5.16,0.0,1.000,S2A_32SNF_20230722_0_L2A
2023-08-26,beja,Béja,north,0.2474,0.1404,-0.1264,9.47,0.0,1.000,S2B_32SMF_20230826_0_L2A
2023-09-10,beja,Béja,north,0.2461,0.1459,-0.1284,10.09,0.0,1.000,S2A_32SMF_20230910_1_L2A
2023-10-10,beja,Béja,north,0.2339,0.1470,-0.1613,9.11,0.0,1.000,S2A_32SMF_20231010_0_L2A
2023-11-14,beja,Béja,north,0.2607,0.1723,-0.1709,11.14,0.0,1.000,S2B_32SMF_20231114_0_L2A
2023-12-24,beja,Béja,north,0.3210,0.1444,-0.1268,13.63,23.1,0.769,S2B_32SNF_20231224_0_L2A
2024-01-28,beja,Béja,north,,,,,43.2,,S2A_32SMF_20240128_0_L2A
2024-02-07,beja,Béja,north,0.6421,0.2013,0.1763,80.80,10.2,0.898,S2A_32SMF_20240207_0_L2A
2024-03-23,beja,Béja,north,0.7625,0.1798,0.3620,94.63,3.7,0.963,S2B_32SMF_20240323_0_L2A
2024-04-27,beja,Béja,north,0.6250,0.1804,0.2427,88.95,0.0,1.000,S2A_32SMF_20240427_0_L2A
2024-05-12,beja,Béja,north,0.4587,0.2048,0.0745,55.73,0.0,1.000,S2B_32SNF_20240512_0_L2A
2024-06-26,beja,Béja,north,0.2533,0.1558,-0.0952,11.65,0.0,1.000,S2A_32SMF_20240626_0_L2A
2024-07-31,beja,Béja,north,0.2136,0.1452,-0.1048,9.31,0.0,1.000,S2B_32SMF_20240731_0_L2A
2024-08-10,beja,Béja,north,0.2161,0.1490,-0.1069,9.29,0.0,1.000,S2B_32SMF_20240810_0_L2A
2024-09-29,beja,Béja,north,0.2150,0.1349,-0.1897,6.14,0.1,0.999,S2B_32SNF_20240929_0_L2A
2024-10-04,beja,Béja,north,0.2236,0.1382,-0.1848,7.10,12.9,0.871,S2A_32SNF_20241004_0_L2A
2024-11-03,beja,Béja,north,0.2892,0.1862,-0.1728,14.82,0.0,1.000,S2A_32SMF_20241103_0_L2A
2024-12-13,beja,Béja,north,0.3814,0.2013,-0.0803,33.56,10.1,0.899,S2A_32SMF_20241213_0_L2A
2025-01-07,beja,Béja,north,0.4385,0.1892,-0.0273,38.03,21.3,0.787,S2B_32SNF_20250107_0_L2A
2025-02-16,beja,Béja,north,0.7070,0.2019,0.2682,87.42,1.9,0.981,S2B_32SNF_20250216_0_L2A
2025-03-15,beja,Béja,north,0.6787,0.1567,0.3258,95.24,5.9,0.941,S2A_32SNF_20250315_1_L2A
2025-04-24,beja,Béja,north,0.7063,0.1611,0.3411,95.82,28.2,0.718,S2A_32SMF_20250424_0_L2A
2025-05-27,beja,Béja,north,0.4405,0.1811,0.0463,53.77,0.0,1.000,S2B_32SMF_20250527_0_L2A
2025-06-21,beja,Béja,north,0.2989,0.1555,-0.0521,19.48,0.0,1.000,S2C_32SMF_20250621_0_L2A
2025-07-23,beja,Béja,north,0.2168,0.1162,-0.0997,7.04,0.0,1.000,S2A_32SNF_20250723_0_L2A
2025-08-25,beja,Béja,north,0.2088,0.1123,-0.1092,6.76,0.0,1.000,S2B_32SNF_20250825_0_L2A
2025-09-01,beja,Béja,north,0.2095,0.1192,-0.1301,6.16,0.0,1.000,S2A_32SNF_20250901_0_L2A
2025-10-21,beja,Béja,north,0.2333,0.1466,-0.2207,6.94,0.0,1.000,S2A_32SNF_20251021_0_L2A
2025-11-30,beja,Béja,north,0.3208,0.1735,-0.1248,18.13,0.0,1.000,S2A_32SNF_20251130_1_L2A
2025-12-08,beja,Béja,north,0.3551,0.2019,-0.1339,22.59,0.0,1.000,S2C_32SMF_20251208_0_L2A
2026-01-09,beja,Béja,north,0.5429,0.1862,0.0380,56.40,0.0,1.000,S2A_32SNF_20260109_0_L2A
2026-02-26,beja,Béja,north,0.7231,0.1889,0.2695,90.47,0.0,1.000,S2C_32SMF_20260226_0_L2A
2026-03-18,beja,Béja,north,0.7627,0.1796,0.3298,93.76,7.4,0.926,S2C_32SMF_20260318_0_L2A
2026-04-07,beja,Béja,north,0.7513,0.1764,0.3388,94.58,0.0,1.000,S2C_32SMF_20260407_0_L2A
2026-05-19,beja,Béja,north,0.5748,0.1679,0.1704,85.56,0.0,0.972,S2A_32SMF_20260519_0_L2A
2026-06-21,beja,Béja,north,0.2798,0.1591,-0.0481,16.61,0.0,1.000,S2B_32SMF_20260621_0_L2A
2026-07-18,beja,Béja,north,0.2379,0.1507,-0.0612,12.63,0.0,1.000,S2A_32SMF_20260718_0_L2A
2026-08-20,beja,Béja,north,0.2339,0.1576,-0.0707,12.20,0.0,1.000,S2B_32SMF_20260820_0_L2A
2022-01-28,jendouba,Jendouba,north,0.5846,0.2005,0.1363,74.13,0.7,0.993,S2A_32SMF_20220128_0_L2A
2022-03-14,jendouba,Jendouba,north,0.6699,0.1814,0.2366,87.94,0.0,1.000,S2B_32SMF_20220314_0_L2A
2022-04-08,jendouba,Jendouba,north,,,,,0.0,,S2A_32SNF_20220408_0_L2A
2022-05-23,jendouba,Jendouba,north,0.4054,0.1853,0.0442,48.29,0.0,1.000,S2B_32SMF_20220523_0_L2A
2022-06-17,jendouba,Jendouba,north,0.3013,0.1961,-0.0456,20.64,0.0,1.000,S2A_32SMF_20220617_0_L2A
2022-07-17,jendouba,Jendouba,north,0.2805,0.2044,-0.0531,18.84,0.0,1.000,S2A_32SMF_20220717_0_L2A
2022-08-26,jendouba,Jendouba,north,,,,,0.0,,S2A_32SNF_20220826_0_L2A
2022-09-10,jendouba,Jendouba,north,,,,,0.0,,S2B_32SNF_20220910_0_L2A
2022-10-20,jendouba,Jendouba,north,0.3111,0.2207,-0.1212,18.91,0.0,1.000,S2B_32SMF_20221020_0_L2A
2022-11-14,jendouba,Jendouba,north,0.3468,0.2363,-0.1007,24.06,0.0,1.000,S2A_32SMF_20221114_0_L2A
2022-12-04,jendouba,Jendouba,north,0.4180,0.2353,-0.0234,36.97,0.0,1.000,S2A_32SMF_20221204_0_L2A
2023-01-08,jendouba,Jendouba,north,,,,,0.0,,S2B_32SNF_20230108_0_L2A
2023-02-22,jendouba,Jendouba,north,,,,,0.0,,S2A_32SNF_20230222_1_L2A
2023-03-24,jendouba,Jendouba,north,0.5777,0.2228,0.1433,70.43,0.0,1.000,S2A_32SMF_20230324_0_L2A
2023-04-08,jendouba,Jendouba,north,,,,,0.0,,S2B_32SNF_20230408_0_L2A
2023-05-28,jendouba,Jendouba,north,,,,,0.0,,S2B_32SNF_20230528_0_L2A
2023-06-22,jendouba,Jendouba,north,,,,,0.0,,S2A_32SNF_20230622_1_L2A
2023-07-22,jendouba,Jendouba,north,,,,,0.0,,S2A_32SNF_20230722_0_L2A
2023-08-26,jendouba,Jendouba,north,0.2724,0.1997,-0.1130,16.18,0.0,1.000,S2B_32SMF_20230826_0_L2A
2023-09-10,jendouba,Jendouba,north,0.2728,0.2038,-0.1114,16.45,0.0,1.000,S2A_32SMF_20230910_1_L2A
2023-10-10,jendouba,Jendouba,north,0.2676,0.2046,-0.1281,15.73,0.0,1.000,S2A_32SMF_20231010_0_L2A
2023-11-14,jendouba,Jendouba,north,0.3032,0.2245,-0.1174,19.14,0.0,1.000,S2B_32SMF_20231114_0_L2A
2023-12-24,jendouba,Jendouba,north,,,,,0.0,,S2B_32SNF_20231224_0_L2A
2024-01-28,jendouba,Jendouba,north,0.5708,0.2112,0.1364,74.22,28.7,0.713,S2A_32SMF_20240128_0_L2A
2024-02-07,jendouba,Jendouba,north,0.6582,0.2066,0.1830,79.57,0.0,1.000,S2A_32SMF_20240207_0_L2A
2024-03-23,jendouba,Jendouba,north,0.7369,0.1914,0.3174,91.37,0.2,0.998,S2B_32SMF_20240323_0_L2A
2024-04-27,jendouba,Jendouba,north,0.5731,0.1874,0.1788,83.24,0.0,1.000,S2A_32SMF_20240427_0_L2A
2024-05-12,jendouba,Jendouba,north,,,,,0.0,,S2B_32SNF_20240512_0_L2A
2024-06-26,jendouba,Jendouba,north,0.2884,0.2035,-0.0764,18.65,0.0,1.000,S2A_32SMF_20240626_0_L2A
2024-07-31,jendouba,Jendouba,north,0.2621,0.1972,-0.0764,16.86,0.0,1.000,S2B_32SMF_20240731_0_L2A
2024-08-10,jendouba,Jendouba,north,0.2646,0.1988,-0.0813,16.53,0.0,1.000,S2B_32SMF_20240810_0_L2A
2024-09-29,jendouba,Jendouba,north,,,,,0.0,,S2B_32SNF_20240929_0_L2A
2024-10-04,jendouba,Jendouba,north,,,,,0.0,,S2A_32SNF_20241004_0_L2A
2024-11-03,jendouba,Jendouba,north,0.3535,0.2403,-0.0996,25.73,0.0,1.000,S2A_32SMF_20241103_0_L2A
2024-12-13,jendouba,Jendouba,north,0.4443,0.2527,-0.0017,44.34,0.0,1.000,S2A_32SMF_20241213_0_L2A
2025-01-07,jendouba,Jendouba,north,,,,,0.0,,S2B_32SNF_20250107_0_L2A
2025-02-16,jendouba,Jendouba,north,,,,,0.0,,S2B_32SNF_20250216_0_L2A
2025-03-15,jendouba,Jendouba,north,,,,,0.0,,S2A_32SNF_20250315_1_L2A
2025-04-24,jendouba,Jendouba,north,0.6560,0.1833,0.2514,89.46,3.6,0.964,S2A_32SMF_20250424_0_L2A
2025-05-27,jendouba,Jendouba,north,0.4288,0.2071,0.0248,46.19,0.0,1.000,S2B_32SMF_20250527_0_L2A
2025-06-21,jendouba,Jendouba,north,0.3338,0.2006,-0.0354,24.34,0.0,1.000,S2C_32SMF_20250621_0_L2A
2025-07-23,jendouba,Jendouba,north,,,,,0.0,,S2A_32SNF_20250723_0_L2A
2025-08-25,jendouba,Jendouba,north,,,,,0.0,,S2B_32SNF_20250825_0_L2A
2025-09-01,jendouba,Jendouba,north,,,,,0.0,,S2A_32SNF_20250901_0_L2A
2025-10-21,jendouba,Jendouba,north,,,,,0.0,,S2A_32SNF_20251021_0_L2A
2025-11-30,jendouba,Jendouba,north,,,,,0.0,,S2A_32SNF_20251130_1_L2A
2025-12-08,jendouba,Jendouba,north,0.4278,0.2489,-0.0454,35.87,0.0,1.000,S2C_32SMF_20251208_0_L2A
2026-01-09,jendouba,Jendouba,north,,,,,0.0,,S2A_32SNF_20260109_0_L2A
2026-02-26,jendouba,Jendouba,north,0.7116,0.1870,0.2607,89.56,0.0,1.000,S2C_32SMF_20260226_0_L2A
2026-03-18,jendouba,Jendouba,north,0.7440,0.1858,0.3088,92.58,0.7,0.993,S2C_32SMF_20260318_0_L2A
2026-04-07,jendouba,Jendouba,north,0.7172,0.1884,0.3002,91.57,0.0,1.000,S2C_32SMF_20260407_0_L2A
2026-05-19,jendouba,Jendouba,north,0.4697,0.2055,0.0717,57.66,0.2,0.998,S2A_32SMF_20260519_1_L2A
2026-06-21,jendouba,Jendouba,north,0.3218,0.2081,-0.0360,23.31,0.0,1.000,S2B_32SMF_20260621_0_L2A
2026-07-18,jendouba,Jendouba,north,0.2830,0.1992,-0.0463,20.02,0.0,1.000,S2A_32SMF_20260718_0_L2A
2026-08-20,jendouba,Jendouba,north,0.2751,0.2015,-0.0546,18.92,0.0,1.000,S2B_32SMF_20260820_0_L2A
2022-01-28,kef,Le Kef,north,0.3041,0.1318,-0.0536,17.48,0.0,1.000,S2A_32SME_20220128_0_L2A
2022-02-07,kef,Le Kef,north,0.3071,0.1367,-0.0526,19.20,0.3,0.997,S2A_32SME_20220207_0_L2A
2022-03-14,kef,Le Kef,north,0.4391,0.2133,0.0427,49.81,0.0,1.000,S2B_32SME_20220314_0_L2A
2022-04-08,kef,Le Kef,north,0.4931,0.2132,0.1159,62.46,0.0,1.000,S2A_32SMF_20220408_0_L2A
2022-05-23,kef,Le Kef,north,0.2574,0.1142,-0.0635,13.01,0.0,1.000,S2B_32SMF_20220523_0_L2A
2022-06-12,kef,Le Kef,north,0.1605,0.0606,-0.1298,0.59,0.0,1.000,S2B_32SME_20220612_0_L2A
2022-07-17,kef,Le Kef,north,0.1478,0.0695,-0.1268,0.76,0.0,1.000,S2A_32SME_20220717_0_L2A
2022-08-21,kef,Le Kef,north,0.1481,0.0697,-0.1335,1.00,0.0,1.000,S2B_32SME_20220821_0_L2A
2022-09-15,kef,Le Kef,north,0.1407,0.0750,-0.1622,0.57,0.0,1.000,S2A_32SME_20220915_0_L2A
2022-10-15,kef,Le Kef,north,0.1591,0.0849,-0.1699,1.51,0.0,1.000,S2A_32SME_20221015_0_L2A
2022-11-14,kef,Le Kef,north,0.1762,0.1015,-0.1595,2.56,0.0,1.000,S2A_32SME_20221114_0_L2A
2022-12-04,kef,Le Kef,north,0.2576,0.1599,-0.0858,14.36,0.0,1.000,S2A_32SMF_20221204_0_L2A
2023-01-08,kef,Le Kef,north,0.3071,0.1638,-0.0613,19.38,0.0,1.000,S2B_32SMF_20230108_0_L2A
2023-02-22,kef,Le Kef,north,0.1874,0.0938,-0.1315,3.06,0.0,1.000,S2A_32SME_20230222_0_L2A
2023-03-24,kef,Le Kef,north,0.1715,0.1064,-0.1369,2.72,0.0,1.000,S2A_32SME_20230324_0_L2A
2023-04-08,kef,Le Kef,north,0.2396,0.1364,-0.0891,9.72,4.7,0.953,S2B_32SMF_20230408_0_L2A
2023-05-18,kef,Le Kef,north,0.1435,0.0856,-0.1374,0.83,2.8,0.972,S2B_32SME_20230518_0_L2A
2023-06-17,kef,Le Kef,north,0.2520,0.1242,-0.0659,12.98,0.0,1.000,S2B_32SME_20230617_0_L2A
2023-07-02,kef,Le Kef,north,0.1982,0.0911,-0.1251,1.66,0.0,1.000,S2A_32SME_20230702_0_L2A
2023-08-11,kef,Le Kef,north,0.1338,0.0607,-0.1492,0.68,0.0,1.000,S2A_32SME_20230811_0_L2A
2023-09-10,kef,Le Kef,north,0.1799,0.1145,-0.1317,3.50,0.0,1.000,S2A_32SMF_20230910_1_L2A
2023-10-10,kef,Le Kef,north,0.1368,0.0720,-0.1625,1.04,0.0,1.000,S2A_32SME_20231010_0_L2A
2023-11-19,kef,Le Kef,north,0.1565,0.0909,-0.1519,2.43,0.0,1.000,S2A_32SME_20231119_0_L2A
2023-12-24,kef,Le Kef,north,0.2401,0.1115,-0.0760,8.32,0.0,1.000,S2B_32SME_20231224_0_L2A
2024-01-03,kef,Le Kef,north,0.2337,0.1103,-0.0999,7.33,11.3,0.887,S2B_32SME_20240103_0_L2A
2024-02-07,kef,Le Kef,north,0.3505,0.1897,-0.0122,32.06,0.0,1.000,S2A_32SME_20240207_0_L2A
2024-03-23,kef,Le Kef,north,0.4620,0.2111,0.0900,60.41,0.2,0.998,S2B_32SME_20240323_0_L2A
2024-04-27,kef,Le Kef,north,0.3220,0.1596,-0.0152,26.83,0.0,1.000,S2A_32SMF_20240427_0_L2A
2024-05-27,kef,Le Kef,north,0.1668,0.0676,-0.1507,1.00,0.1,0.479,S2A_32SME_20240527_0_L2A
2024-06-26,kef,Le Kef,north,0.1352,0.0687,-0.1553,0.70,0.0,1.000,S2A_32SME_20240626_0_L2A
2024-07-11,kef,Le Kef,north,0.1254,0.0597,-0.1575,0.73,0.0,1.000,S2B_32SME_20240711_0_L2A
2024-08-05,kef,Le Kef,north,0.1349,0.0636,-0.1472,0.92,0.0,1.000,S2A_32SME_20240805_0_L2A
2024-09-04,kef,Le Kef,north,0.1358,0.0704,-0.1601,0.64,15.8,0.842,S2A_32SME_20240904_0_L2A
2024-10-14,kef,Le Kef,north,,,,,68.9,,S2A_32SME_20241014_0_L2A
2024-11-03,kef,Le Kef,north,0.2165,0.1368,-0.1432,5.89,0.0,1.000,S2A_32SMF_20241103_0_L2A
2024-12-13,kef,Le Kef,north,0.1972,0.1102,-0.1259,4.90,0.0,1.000,S2C_32SME_20241213_1_L2A
2025-01-07,kef,Le Kef,north,0.2349,0.1210,-0.1001,8.33,3.0,0.970,S2B_32SME_20250107_0_L2A
2025-02-11,kef,Le Kef,north,0.3798,0.1854,0.0195,40.72,0.1,0.999,S2C_32SME_20250211_0_L2A
2025-03-08,kef,Le Kef,north,0.5336,0.2186,0.1484,68.08,0.6,0.994,S2B_32SMF_20250308_0_L2A
2025-04-24,kef,Le Kef,north,0.4458,0.1990,0.0853,57.64,0.6,0.994,S2A_32SME_20250424_0_L2A
2025-05-27,kef,Le Kef,north,0.2711,0.0900,-0.0811,7.98,0.0,1.000,S2B_32SME_20250527_0_L2A
2025-06-03,kef,Le Kef,north,0.2305,0.0745,-0.1076,2.38,0.0,1.000,S2A_32SME_20250603_0_L2A
2025-07-23,kef,Le Kef,north,0.1633,0.0682,-0.1391,0.95,0.0,1.000,S2A_32SME_20250723_0_L2A
2025-08-05,kef,Le Kef,north,0.1653,0.0711,-0.1279,1.41,0.0,1.000,S2B_32SME_20250805_0_L2A
2025-09-01,kef,Le Kef,north,0.1943,0.1148,-0.1177,4.17,0.0,1.000,S2A_32SMF_20250901_0_L2A
2025-10-24,kef,Le Kef,north,0.2032,0.1086,-0.1552,3.18,1.6,0.984,S2B_32SME_20251024_0_L2A
2025-11-30,kef,Le Kef,north,0.2311,0.1207,-0.1297,6.04,0.0,1.000,S2A_32SME_20251130_0_L2A
2025-12-28,kef,Le Kef,north,0.3008,0.1325,-0.0702,15.57,0.1,0.999,S2C_32SME_20251228_0_L2A
2026-01-09,kef,Le Kef,north,0.3489,0.1441,-0.0321,25.61,0.0,1.000,S2A_32SME_20260109_0_L2A
2026-02-26,kef,Le Kef,north,0.5118,0.2085,0.0982,63.79,0.0,1.000,S2C_32SMF_20260226_0_L2A
2026-03-18,kef,Le Kef,north,0.5861,0.2190,0.2007,78.80,0.0,1.000,S2C_32SME_20260318_0_L2A
2026-04-07,kef,Le Kef,north,0.5772,0.2266,0.1975,75.68,0.0,1.000,S2C_32SME_20260407_0_L2A
2026-05-19,kef,Le Kef,north,0.3483,0.1527,-0.0060,34.24,0.4,0.996,S2A_32SMF_20260519_1_L2A
2026-06-21,kef,Le Kef,north,0.1723,0.0746,-0.1333,0.86,0.0,1.000,S2B_32SME_20260621_0_L2A
2026-07-08,kef,Le Kef,north,0.1721,0.0712,-0.1353,1.17,0.0,1.000,S2A_32SME_20260708_0_L2A
2026-08-25,kef,Le Kef,north,0.1591,0.0679,-0.1385,0.81,0.0,1.000,S2C_32SME_20260825_0_L2A
2022-01-30,siliana,Siliana,centre-west,0.3548,0.1531,-0.0302,29.36,0.0,0.701,S2B_32SNE_20220130_0_L2A
2022-02-09,siliana,Siliana,centre-west,0.4214,0.1701,0.0428,52.47,0.2,0.578,S2B_32SNF_20220209_0_L2A
2022-03-29,siliana,Siliana,centre-west,0.4699,0.1879,0.1502,74.69,7.4,0.926,S2A_32SNE_20220329_0_L2A
2022-04-08,siliana,Siliana,centre-west,0.5251,0.2408,0.1633,70.41,0.0,1.000,S2A_32SNE_20220408_0_L2A
2022-05-23,siliana,Siliana,centre-west,0.2735,0.1322,-0.0363,19.92,0.0,1.000,S2B_32SNE_20220523_0_L2A
2022-06-24,siliana,Siliana,centre-west,0.1637,0.0734,-0.1054,1.69,0.0,0.821,S2A_32SNE_20220624_0_L2A
2022-07-19,siliana,Siliana,centre-west,0.1524,0.0765,-0.1120,1.94,0.0,0.775,S2B_32SNE_20220719_0_L2A
2022-08-13,siliana,Siliana,centre-west,0.1523,0.0824,-0.1194,2.10,0.0,0.802,S2A_32SNE_20220813_0_L2A
2022-09-15,siliana,Siliana,centre-west,0.1432,0.0946,-0.1534,1.88,0.0,1.000,S2A_32SNE_20220915_0_L2A
2022-10-20,siliana,Siliana,centre-west,0.1656,0.0931,-0.1492,3.30,0.0,1.000,S2B_32SNE_20221020_0_L2A
2022-11-21,siliana,Siliana,centre-west,0.1950,0.1158,-0.1568,4.57,0.0,0.770,S2A_32SNE_20221121_0_L2A
2022-12-26,siliana,Siliana,centre-west,0.2345,0.1270,-0.1359,5.70,0.0,0.742,S2B_32SNE_20221226_0_L2A
2023-01-08,siliana,Siliana,centre-west,0.2380,0.1250,-0.0963,8.12,0.0,1.000,S2B_32SNF_20230108_0_L2A
2023-02-22,siliana,Siliana,centre-west,0.2197,0.1059,-0.1090,6.39,0.0,1.000,S2A_32SNE_20230222_0_L2A
2023-03-24,siliana,Siliana,centre-west,0.2131,0.1148,-0.1067,5.60,0.0,1.000,S2A_32SNE_20230324_0_L2A
2023-04-08,siliana,Siliana,centre-west,0.2081,0.1101,-0.1040,5.83,0.0,1.000,S2B_32SNE_20230408_0_L2A
2023-05-18,siliana,Siliana,centre-west,0.1600,0.0965,-0.1356,1.99,21.8,0.782,S2B_32SNE_20230518_0_L2A
2023-06-27,siliana,Siliana,centre-west,0.2065,0.1048,-0.1117,4.90,0.1,0.999,S2B_32SNE_20230627_0_L2A
2023-07-24,siliana,Siliana,centre-west,0.1618,0.0810,-0.1379,1.72,0.0,0.771,S2B_32SNE_20230724_0_L2A
2023-08-13,siliana,Siliana,centre-west,0.1442,0.0797,-0.1510,1.64,0.0,0.773,S2B_32SNE_20230813_0_L2A
2023-09-17,siliana,Siliana,centre-west,0.1161,0.0452,-0.1449,0.52,0.0,0.816,S2A_32SNE_20230917_0_L2A
2023-10-12,siliana,Siliana,centre-west,0.1461,0.0845,-0.1609,2.38,0.0,0.742,S2B_32SNE_20231012_0_L2A
2023-11-14,siliana,Siliana,centre-west,0.1424,0.0966,-0.1618,2.97,0.0,1.000,S2B_32SNE_20231114_0_L2A
2023-12-26,siliana,Siliana,centre-west,0.2678,0.1290,-0.1001,9.24,0.0,0.763,S2A_32SNE_20231226_0_L2A
2024-01-25,siliana,Siliana,centre-west,0.3628,0.1855,-0.0157,31.56,0.0,0.537,S2A_32SNF_20240125_0_L2A
2024-02-04,siliana,Siliana,centre-west,0.4576,0.2123,0.0509,52.11,0.0,0.701,S2A_32SNE_20240204_0_L2A
2024-03-20,siliana,Siliana,centre-west,0.5643,0.2125,0.1842,80.21,0.0,0.752,S2B_32SNE_20240320_0_L2A
2024-04-04,siliana,Siliana,centre-west,0.5364,0.2137,0.1594,75.93,0.0,0.263,S2A_32SNE_20240404_1_L2A
2024-05-27,siliana,Siliana,centre-west,0.1756,0.0839,-0.1372,2.01,0.0,0.964,S2A_32SNF_20240527_1_L2A
2024-06-06,siliana,Siliana,centre-west,0.1636,0.0763,-0.1341,1.53,0.0,1.000,S2A_32SNE_20240606_0_L2A
2024-07-11,siliana,Siliana,centre-west,0.1225,0.0640,-0.1546,0.80,0.0,1.000,S2B_32SNE_20240711_0_L2A
2024-08-12,siliana,Siliana,centre-west,0.1193,0.0596,-0.1595,0.45,0.0,0.748,S2A_32SNE_20240812_0_L2A
2024-09-01,siliana,Siliana,centre-west,,,,,0.0,,S2A_32SNE_20240901_0_L2A
2024-10-01,siliana,Siliana,centre-west,0.1646,0.0946,-0.1857,1.38,0.0,0.799,S2A_32SNE_20241001_0_L2A
2024-11-25,siliana,Siliana,centre-west,0.2255,0.1193,-0.1348,6.41,0.0,0.646,S2B_32SNF_20241125_0_L2A
2024-12-18,siliana,Siliana,centre-west,0.2496,0.1427,-0.1027,12.99,0.0,1.000,S2B_32SNE_20241218_0_L2A
2025-01-24,siliana,Siliana,centre-west,0.3182,0.1378,-0.0371,24.69,0.0,0.595,S2B_32SNF_20250124_0_L2A
2025-02-18,siliana,Siliana,centre-west,0.5072,0.1850,0.1178,72.05,0.0,0.735,S2C_32SNE_20250218_0_L2A
2025-03-15,siliana,Siliana,centre-west,0.5300,0.2043,0.1691,78.03,0.0,0.622,S2B_32SNF_20250315_0_L2A
2025-04-04,siliana,Siliana,centre-west,0.5793,0.2141,0.2038,81.26,0.0,0.713,S2B_32SNE_20250404_0_L2A
2025-05-27,siliana,Siliana,centre-west,0.2561,0.1007,-0.0969,7.70,0.0,1.000,S2B_32SNE_20250527_0_L2A
2025-06-13,siliana,Siliana,centre-west,0.2002,0.0752,-0.1263,1.85,0.0,0.681,S2B_32SNE_20250613_1_L2A
2025-07-23,siliana,Siliana,centre-west,0.1507,0.0746,-0.1478,1.38,0.0,1.000,S2A_32SNE_20250723_0_L2A
2025-08-05,siliana,Siliana,centre-west,0.1556,0.0792,-0.1322,1.97,0.0,1.000,S2B_32SNE_20250805_0_L2A
2025-09-01,siliana,Siliana,centre-west,0.1543,0.0728,-0.1655,1.48,0.0,0.743,S2B_32SNE_20250901_1_L2A
2025-10-08,siliana,Siliana,centre-west,0.1934,0.0951,-0.1671,2.53,0.0,0.769,S2A_32SNE_20251008_0_L2A
2025-11-30,siliana,Siliana,centre-west,0.2469,0.1327,-0.1182,9.32,0.0,1.000,S2A_32SNE_20251130_1_L2A
2025-12-28,siliana,Siliana,centre-west,0.3335,0.1474,-0.0280,27.29,0.4,0.996,S2C_32SNE_20251228_0_L2A
2026-01-09,siliana,Siliana,centre-west,0.3772,0.1554,0.0019,37.44,0.0,1.000,S2A_32SNE_20260109_0_L2A
2026-02-26,siliana,Siliana,centre-west,0.5530,0.2278,0.1583,74.26,0.0,1.000,S2C_32SNF_20260226_0_L2A
2026-03-18,siliana,Siliana,centre-west,0.5989,0.2432,0.2083,78.24,0.0,1.000,S2C_32SNE_20260318_0_L2A
2026-04-07,siliana,Siliana,centre-west,0.5813,0.2504,0.2048,75.35,0.0,1.000,S2C_32SNE_20260407_0_L2A
2026-05-19,siliana,Siliana,centre-west,0.2913,0.1287,-0.0325,21.53,0.1,0.999,S2A_32SNF_20260519_2_L2A
2026-06-28,siliana,Siliana,centre-west,0.1574,0.0792,-0.1410,1.40,0.0,1.000,S2A_32SNE_20260628_1_L2A
2026-07-16,siliana,Siliana,centre-west,0.1497,0.0788,-0.1367,1.15,0.0,1.000,S2C_32SNE_20260716_0_L2A
2026-08-20,siliana,Siliana,centre-west,0.1482,0.0825,-0.1599,1.60,0.0,1.000,S2B_32SNE_20260820_0_L2A
2022-01-30,sousse,Sousse,sahel,0.2504,0.1334,-0.0816,10.23,0.0,1.000,S2B_32SPE_20220130_0_L2A
2022-02-04,sousse,Sousse,sahel,0.2619,0.1338,-0.0745,10.60,6.0,0.940,S2A_32SPE_20220204_0_L2A
2022-03-06,sousse,Sousse,sahel,0.2700,0.1267,-0.0593,11.66,23.2,0.768,S2A_32SPE_20220306_0_L2A
2022-04-10,sousse,Sousse,sahel,0.2678,0.1199,-0.0564,11.82,0.0,1.000,S2B_32SPE_20220410_0_L2A
2022-05-15,sousse,Sousse,sahel,0.1957,0.1082,-0.1238,1.96,0.0,1.000,S2A_32SPE_20220515_0_L2A
2022-06-24,sousse,Sousse,sahel,0.1605,0.0857,-0.1323,1.18,0.0,1.000,S2A_32SPE_20220624_0_L2A
2022-07-19,sousse,Sousse,sahel,0.1616,0.0777,-0.1272,1.50,0.0,1.000,S2B_32SPE_20220719_0_L2A
2022-08-13,sousse,Sousse,sahel,0.1548,0.0846,-0.1565,1.08,0.0,1.000,S2A_32SPE_20220813_0_L2A
2022-09-12,sousse,Sousse,sahel,0.1489,0.0870,-0.1594,1.02,0.0,1.000,S2A_32SPE_20220912_0_L2A
2022-10-22,sousse,Sousse,sahel,0.1809,0.1055,-0.1330,1.76,0.1,0.999,S2A_32SPE_20221022_0_L2A
2022-11-21,sousse,Sousse,sahel,0.1787,0.1006,-0.1325,2.14,0.1,0.999,S2A_32SPE_20221121_0_L2A
2022-12-21,sousse,Sousse,sahel,0.1897,0.1135,-0.1254,3.09,0.1,0.999,S2A_32SPE_20221221_0_L2A
2023-01-05,sousse,Sousse,sahel,0.1799,0.1003,-0.1287,2.87,1.5,0.985,S2B_32SPE_20230105_0_L2A
2023-02-19,sousse,Sousse,sahel,0.1824,0.0962,-0.1050,2.51,0.1,0.999,S2A_32SPE_20230219_0_L2A
2023-03-26,sousse,Sousse,sahel,0.1974,0.1042,-0.0979,3.32,0.0,1.000,S2B_32SPE_20230326_0_L2A
2023-04-10,sousse,Sousse,sahel,0.1910,0.0944,-0.0998,3.05,0.2,0.998,S2A_32SPE_20230410_0_L2A
2023-06-19,sousse,Sousse,sahel,0.1891,0.0991,-0.1221,1.99,0.1,0.999,S2A_32SPE_20230619_0_L2A
2023-07-04,sousse,Sousse,sahel,0.1565,0.0799,-0.1475,1.30,0.0,1.000,S2B_32SPE_20230704_0_L2A
2023-08-08,sousse,Sousse,sahel,0.1502,0.0769,-0.1357,1.25,0.0,1.000,S2A_32SPE_20230808_0_L2A
2023-09-17,sousse,Sousse,sahel,0.1457,0.0798,-0.1415,0.95,0.0,1.000,S2A_32SPE_20230917_0_L2A
2023-10-12,sousse,Sousse,sahel,0.1570,0.0805,-0.1324,1.38,0.0,1.000,S2B_32SPE_20231012_0_L2A
2023-11-16,sousse,Sousse,sahel,0.1604,0.0942,-0.1473,1.56,0.1,0.999,S2A_32SPE_20231116_0_L2A
2023-12-26,sousse,Sousse,sahel,0.2371,0.1294,-0.0496,11.66,0.1,0.999,S2A_32SPE_20231226_0_L2A
2024-01-25,sousse,Sousse,sahel,0.2798,0.1507,-0.0452,18.00,0.1,0.999,S2A_32SPE_20240125_0_L2A
2024-02-04,sousse,Sousse,sahel,0.3001,0.1569,-0.0333,22.21,0.0,1.000,S2A_32SPE_20240204_0_L2A
2024-03-30,sousse,Sousse,sahel,0.2780,0.0947,0.0117,29.66,0.2,0.998,S2B_32SPE_20240330_0_L2A
2024-04-04,sousse,Sousse,sahel,0.3097,0.1286,-0.0303,20.04,0.0,0.286,S2A_32SPE_20240404_0_L2A
2024-05-19,sousse,Sousse,sahel,0.2131,0.1086,-0.0857,3.11,0.1,0.999,S2B_32SPE_20240519_0_L2A
2024-06-08,sousse,Sousse,sahel,0.1770,0.0868,-0.1148,1.51,0.0,1.000,S2B_32SPE_20240608_0_L2A
2024-07-18,sousse,Sousse,sahel,0.1628,0.0794,-0.1133,1.57,0.0,1.000,S2B_32SPE_20240718_0_L2A
2024-08-27,sousse,Sousse,sahel,0.1647,0.0841,-0.1335,1.49,0.0,1.000,S2B_32SPE_20240827_0_L2A
2024-09-01,sousse,Sousse,sahel,,,,,0.0,,S2A_32SPE_20240901_0_L2A
2024-10-01,sousse,Sousse,sahel,0.1948,0.1267,-0.1196,5.61,0.1,0.999,S2A_32SPE_20241001_0_L2A
2024-11-20,sousse,Sousse,sahel,0.3596,0.1796,-0.0032,37.83,0.0,1.000,S2A_32SPE_20241120_0_L2A
2024-12-10,sousse,Sousse,sahel,0.3772,0.1841,0.0218,44.84,0.0,1.000,S2A_32SPE_20241210_0_L2A
2025-01-24,sousse,Sousse,sahel,0.3589,0.1644,0.0384,47.37,0.1,0.999,S2B_32SPE_20250124_0_L2A
2025-02-03,sousse,Sousse,sahel,0.3959,0.1811,0.0482,50.47,0.0,1.000,S2B_32SPE_20250203_0_L2A
2025-03-15,sousse,Sousse,sahel,0.3523,0.1129,0.0700,65.41,0.1,0.999,S2B_32SPE_20250315_0_L2A
2025-04-19,sousse,Sousse,sahel,0.2786,0.1190,-0.0634,10.55,0.0,1.000,S2C_32SPE_20250419_0_L2A
2025-05-31,sousse,Sousse,sahel,0.2041,0.0928,-0.1315,2.17,0.0,1.000,S2A_32SPE_20250531_0_L2A
2025-06-13,sousse,Sousse,sahel,0.1948,0.0895,-0.1418,1.80,0.0,1.000,S2B_32SPE_20250613_1_L2A
2025-07-18,sousse,Sousse,sahel,0.1730,0.0801,-0.1404,1.47,0.0,1.000,S2C_32SPE_20250718_0_L2A
2025-08-07,sousse,Sousse,sahel,0.1645,0.0800,-0.1444,1.38,0.0,1.000,S2C_32SPE_20250807_0_L2A
2025-09-01,sousse,Sousse,sahel,0.1661,0.0825,-0.1473,1.31,0.0,1.000,S2B_32SPE_20250901_1_L2A
2025-10-26,sousse,Sousse,sahel,0.1973,0.0998,-0.1238,2.93,0.0,1.000,S2C_32SPE_20251026_0_L2A
2025-11-30,sousse,Sousse,sahel,0.2218,0.1103,-0.1076,5.06,0.1,0.999,S2B_32SPE_20251130_0_L2A
2025-12-30,sousse,Sousse,sahel,0.2474,0.1273,-0.0835,10.62,0.1,0.999,S2B_32SPE_20251230_1_L2A
2026-01-09,sousse,Sousse,sahel,0.2702,0.1389,-0.0596,15.42,0.1,0.999,S2B_32SPE_20260109_1_L2A
2026-02-18,sousse,Sousse,sahel,0.3414,0.1687,-0.0096,30.46,0.0,1.000,S2B_32SPE_20260218_0_L2A
2026-03-25,sousse,Sousse,sahel,0.3498,0.1487,-0.0009,33.98,0.3,0.997,S2C_32SPE_20260325_0_L2A
2026-04-06,sousse,Sousse,sahel,0.3143,0.1377,-0.0355,21.28,0.0,1.000,S2A_32SPE_20260406_0_L2A
2026-05-29,sousse,Sousse,sahel,0.1942,0.0890,-0.1210,1.85,0.0,1.000,S2B_32SPE_20260529_0_L2A
2026-06-05,sousse,Sousse,sahel,0.1835,0.0891,-0.1265,1.47,0.0,1.000,S2A_32SPE_20260605_0_L2A
2026-07-08,sousse,Sousse,sahel,0.1685,0.0805,-0.1346,1.38,0.0,1.000,S2B_32SPE_20260708_0_L2A
2026-08-22,sousse,Sousse,sahel,0.1444,0.0790,-0.1553,0.89,0.0,1.000,S2C_32SPE_20260822_0_L2A
2022-01-30,monastir,Monastir,sahel,0.2502,0.1275,-0.0659,9.53,0.1,0.999,S2B_32SPE_20220130_0_L2A
2022-02-04,monastir,Monastir,sahel,0.2624,0.1304,-0.0612,10.37,1.7,0.954,S2A_32SPE_20220204_0_L2A
2022-03-06,monastir,Monastir,sahel,0.2356,0.1143,-0.0566,8.33,38.4,0.192,S2A_32SPE_20220306_0_L2A
2022-04-10,monastir,Monastir,sahel,0.2414,0.1226,-0.0541,9.96,0.1,0.999,S2B_32SPE_20220410_0_L2A
2022-05-15,monastir,Monastir,sahel,0.1979,0.1216,-0.0999,3.20,8.6,0.894,S2A_32SPE_20220515_0_L2A
2022-06-24,monastir,Monastir,sahel,0.1647,0.0981,-0.1094,1.98,0.0,1.000,S2A_32SPE_20220624_0_L2A
2022-07-19,monastir,Monastir,sahel,0.1584,0.0827,-0.1143,1.77,0.0,1.000,S2B_32SPE_20220719_0_L2A
2022-08-13,monastir,Monastir,sahel,0.1560,0.0882,-0.1354,1.34,0.0,1.000,S2A_32SPE_20220813_0_L2A
2022-09-12,monastir,Monastir,sahel,0.1518,0.0897,-0.1432,1.27,0.0,1.000,S2A_32SPE_20220912_0_L2A
2022-10-22,monastir,Monastir,sahel,0.2041,0.1165,-0.1046,3.36,0.1,0.999,S2A_32SPE_20221022_0_L2A
2022-11-21,monastir,Monastir,sahel,0.1968,0.1083,-0.1033,3.62,0.1,0.999,S2A_32SPE_20221121_0_L2A
2022-12-21,monastir,Monastir,sahel,0.2121,0.1233,-0.0980,5.26,0.1,0.999,S2A_32SPE_20221221_0_L2A
2023-01-05,monastir,Monastir,sahel,0.1910,0.1031,-0.1020,4.22,16.7,0.668,S2B_32SPE_20230105_0_L2A
2023-02-19,monastir,Monastir,sahel,0.2023,0.1083,-0.0621,5.67,0.0,0.999,S2A_32SPE_20230219_0_L2A
2023-03-26,monastir,Monastir,sahel,0.2285,0.1266,-0.0626,9.19,0.4,0.995,S2B_32SPE_20230326_0_L2A
2023-04-10,monastir,Monastir,sahel,0.2226,0.1155,-0.0627,8.27,0.0,1.000,S2A_32SPE_20230410_0_L2A
2023-06-19,monastir,Monastir,sahel,0.2005,0.1183,-0.0944,4.03,0.1,0.999,S2A_32SPE_20230619_0_L2A
2023-07-04,monastir,Monastir,sahel,0.1707,0.0919,-0.1164,2.27,0.0,1.000,S2B_32SPE_20230704_0_L2A
2023-08-08,monastir,Monastir,sahel,0.1572,0.0812,-0.1109,1.51,0.0,1.000,S2A_32SPE_20230808_0_L2A
2023-09-17,monastir,Monastir,sahel,0.1692,0.0996,-0.1102,2.00,0.0,1.000,S2A_32SPE_20230917_0_L2A
2023-10-12,monastir,Monastir,sahel,0.1723,0.0888,-0.1093,2.09,0.0,1.000,S2B_32SPE_20231012_0_L2A
2023-11-16,monastir,Monastir,sahel,0.1747,0.0998,-0.1241,2.22,0.1,0.999,S2A_32SPE_20231116_0_L2A
2023-12-26,monastir,Monastir,sahel,0.2368,0.1235,-0.0169,14.10,0.1,0.985,S2A_32SPE_20231226_0_L2A
2024-01-25,monastir,Monastir,sahel,0.2734,0.1454,-0.0335,17.68,0.1,0.989,S2A_32SPE_20240125_0_L2A
2024-02-04,monastir,Monastir,sahel,0.2915,0.1561,-0.0233,21.99,0.1,0.992,S2A_32SPE_20240204_0_L2A
2024-03-30,monastir,Monastir,sahel,0.2371,0.0923,0.0037,17.45,1.3,0.976,S2B_32SPE_20240330_0_L2A
2024-04-04,monastir,Monastir,sahel,0.1842,0.1719,-0.0046,18.26,0.0,0.000,S2A_32SPE_20240404_0_L2A
2024-05-19,monastir,Monastir,sahel,0.1924,0.1055,-0.0744,3.30,0.3,0.997,S2B_32SPE_20240519_0_L2A
2024-06-08,monastir,Monastir,sahel,0.1759,0.0962,-0.0959,2.19,0.1,0.999,S2B_32SPE_20240608_0_L2A
2024-07-18,monastir,Monastir,sahel,0.1609,0.0822,-0.1024,1.71,0.0,1.000,S2B_32SPE_20240718_0_L2A
2024-08-27,monastir,Monastir,sahel,0.1685,0.0880,-0.1152,1.77,0.0,1.000,S2B_32SPE_20240827_0_L2A
2024-09-01,monastir,Monastir,sahel,,,,,0.0,,S2A_32SPE_20240901_0_L2A
2024-10-01,monastir,Monastir,sahel,0.2076,0.1215,-0.0968,5.31,0.2,0.995,S2A_32SPE_20241001_0_L2A
2024-11-20,monastir,Monastir,sahel,0.3433,0.1759,0.0079,37.79,2.5,0.970,S2A_32SPE_20241120_0_L2A
2024-12-10,monastir,Monastir,sahel,0.3681,0.1857,0.0350,45.94,0.1,0.992,S2A_32SPE_20241210_0_L2A
2025-01-24,monastir,Monastir,sahel,0.3380,0.1703,0.0585,48.71,0.1,0.990,S2B_32SPE_20250124_0_L2A
2025-02-03,monastir,Monastir,sahel,0.3977,0.1964,0.1204,64.09,0.1,0.985,S2B_32SPE_20250203_0_L2A
2025-03-15,monastir,Monastir,sahel,0.3232,0.1385,0.0678,54.05,0.3,0.987,S2B_32SPE_20250315_0_L2A
2025-04-19,monastir,Monastir,sahel,0.2721,0.1356,-0.0409,15.53,0.0,0.992,S2C_32SPE_20250419_0_L2A
2025-05-31,monastir,Monastir,sahel,0.2278,0.1148,-0.0823,5.68,0.0,0.994,S2A_32SPE_20250531_0_L2A
2025-06-13,monastir,Monastir,sahel,0.2095,0.1049,-0.1017,3.49,0.0,0.997,S2B_32SPE_20250613_1_L2A
2025-07-18,monastir,Monastir,sahel,0.1809,0.0873,-0.1084,2.18,0.0,1.000,S2C_32SPE_20250718_0_L2A
2025-08-07,monastir,Monastir,sahel,0.1719,0.0852,-0.1147,1.90,0.0,1.000,S2C_32SPE_20250807_0_L2A
2025-09-01,monastir,Monastir,sahel,0.1675,0.0861,-0.1193,1.61,0.0,1.000,S2B_32SPE_20250901_1_L2A
2025-10-26,monastir,Monastir,sahel,0.1807,0.0892,-0.1060,2.48,0.0,1.000,S2C_32SPE_20251026_0_L2A
2025-11-30,monastir,Monastir,sahel,0.2171,0.1060,-0.0875,4.75,0.1,0.999,S2B_32SPE_20251130_0_L2A
2025-12-30,monastir,Monastir,sahel,0.2340,0.1174,-0.0705,8.03,0.1,0.997,S2B_32SPE_20251230_1_L2A
2026-01-09,monastir,Monastir,sahel,0.2546,0.1273,-0.0589,10.26,0.0,0.997,S2B_32SPE_20260109_1_L2A
2026-02-18,monastir,Monastir,sahel,0.3154,0.1723,0.0003,30.63,0.1,0.988,S2B_32SPE_20260218_0_L2A
2026-03-25,monastir,Monastir,sahel,0.3216,0.1653,0.0045,32.84,0.1,0.988,S2C_32SPE_20260325_0_L2A
2026-04-06,monastir,Monastir,sahel,0.2998,0.1596,-0.0190,25.53,0.1,0.989,S2A_32SPE_20260406_0_L2A
2026-05-29,monastir,Monastir,sahel,0.1971,0.0988,-0.0951,3.41,0.0,1.000,S2B_32SPE_20260529_0_L2A
2026-06-05,monastir,Monastir,sahel,0.1900,0.1018,-0.0959,3.00,0.0,1.000,S2A_32SPE_20260605_0_L2A
2026-07-08,monastir,Monastir,sahel,0.1704,0.0873,-0.1082,2.13,0.0,1.000,S2B_32SPE_20260708_0_L2A
2026-08-22,monastir,Monastir,sahel,0.1507,0.0852,-0.1333,1.10,0.0,1.000,S2C_32SPE_20260822_0_L2A
2022-01-30,mahdia,Mahdia,sahel,0.2322,0.0902,-0.1075,3.69,0.0,1.000,S2B_32SPE_20220130_0_L2A
2022-02-04,mahdia,Mahdia,sahel,0.2376,0.0903,-0.0989,3.96,0.0,1.000,S2A_32SPE_20220204_0_L2A
2022-03-06,mahdia,Mahdia,sahel,0.2103,0.0732,-0.1102,1.99,34.1,0.659,S2A_32SPE_20220306_0_L2A
2022-04-10,mahdia,Mahdia,sahel,0.2127,0.0776,-0.1000,2.87,0.1,0.999,S2B_32SPE_20220410_0_L2A
2022-05-15,mahdia,Mahdia,sahel,0.1776,0.0710,-0.1322,0.66,0.5,0.995,S2A_32SPE_20220515_0_L2A
2022-06-24,mahdia,Mahdia,sahel,0.1539,0.0564,-0.1398,0.35,0.0,1.000,S2A_32SPE_20220624_0_L2A
2022-07-19,mahdia,Mahdia,sahel,0.1499,0.0500,-0.1444,0.31,0.0,1.000,S2B_32SPE_20220719_0_L2A
2022-08-13,mahdia,Mahdia,sahel,0.1435,0.0516,-0.1612,0.21,0.0,1.000,S2A_32SPE_20220813_0_L2A
2022-09-12,mahdia,Mahdia,sahel,0.1420,0.0557,-0.1634,0.19,0.0,1.000,S2A_32SPE_20220912_0_L2A
2022-10-22,mahdia,Mahdia,sahel,0.1716,0.0696,-0.1364,0.58,0.3,0.997,S2A_32SPE_20221022_0_L2A
2022-11-21,mahdia,Mahdia,sahel,0.1764,0.0700,-0.1268,0.96,0.0,1.000,S2A_32SPE_20221121_0_L2A
2022-12-21,mahdia,Mahdia,sahel,0.1976,0.0850,-0.1208,1.80,0.0,1.000,S2A_32SPE_20221221_0_L2A
2023-01-05,mahdia,Mahdia,sahel,0.1849,0.0713,-0.1336,1.23,2.1,0.979,S2B_32SPE_20230105_0_L2A
2023-02-19,mahdia,Mahdia,sahel,0.1943,0.0738,-0.0786,2.12,0.0,1.000,S2A_32SPE_20230219_0_L2A
2023-03-26,mahdia,Mahdia,sahel,0.2267,0.0879,-0.0871,4.69,0.2,0.998,S2B_32SPE_20230326_0_L2A
2023-04-10,mahdia,Mahdia,sahel,0.2265,0.0815,-0.0766,4.47,0.0,1.000,S2A_32SPE_20230410_0_L2A
2023-06-19,mahdia,Mahdia,sahel,0.1987,0.0769,-0.1107,1.31,0.0,1.000,S2A_32SPE_20230619_0_L2A
2023-07-04,mahdia,Mahdia,sahel,0.1678,0.0568,-0.1402,0.49,0.0,1.000,S2B_32SPE_20230704_0_L2A
2023-08-08,mahdia,Mahdia,sahel,0.1591,0.0507,-0.1354,0.32,0.0,1.000,S2A_32SPE_20230808_0_L2A
2023-09-17,mahdia,Mahdia,sahel,0.1707,0.0693,-0.1270,0.57,0.0,1.000,S2A_32SPE_20230917_0_L2A
2023-10-12,mahdia,Mahdia,sahel,0.1732,0.0604,-0.1291,0.53,0.0,1.000,S2B_32SPE_20231012_0_L2A
2023-11-16,mahdia,Mahdia,sahel,0.1730,0.0676,-0.1395,0.75,0.3,0.997,S2A_32SPE_20231116_0_L2A
2023-12-26,mahdia,Mahdia,sahel,0.2295,0.0868,-0.0197,8.56,1.7,0.983,S2A_32SPE_20231226_0_L2A
2024-01-25,mahdia,Mahdia,sahel,0.2558,0.0992,-0.0676,8.94,0.0,1.000,S2A_32SPE_20240125_0_L2A
2024-02-04,mahdia,Mahdia,sahel,0.2786,0.1092,-0.0519,13.80,0.0,1.000,S2A_32SPE_20240204_0_L2A
2024-03-30,mahdia,Mahdia,sahel,0.2293,0.0595,-0.0240,9.00,2.3,0.977,S2B_32SPE_20240330_0_L2A
2024-04-04,mahdia,Mahdia,sahel,0.2505,0.0922,-0.0664,8.14,0.0,1.000,S2A_32SPE_20240404_1_L2A
2024-05-19,mahdia,Mahdia,sahel,0.1839,0.0649,-0.1075,0.56,0.5,0.995,S2B_32SPE_20240519_0_L2A
2024-06-08,mahdia,Mahdia,sahel,0.1741,0.0590,-0.1215,0.40,0.0,1.000,S2B_32SPE_20240608_0_L2A
2024-07-18,mahdia,Mahdia,sahel,0.1605,0.0515,-0.1294,0.36,0.0,1.000,S2B_32SPE_20240718_0_L2A
2024-08-27,mahdia,Mahdia,sahel,0.1637,0.0544,-0.1443,0.31,0.0,1.000,S2B_32SPE_20240827_0_L2A
2024-09-01,mahdia,Mahdia,sahel,,,,,0.0,,S2A_32SPE_20240901_0_L2A
2024-10-01,mahdia,Mahdia,sahel,0.2128,0.0939,-0.1036,3.07,0.1,0.999,S2A_32SPE_20241001_0_L2A
2024-11-20,mahdia,Mahdia,sahel,0.3488,0.1382,-0.0047,34.28,0.0,1.000,S2A_32SPE_20241120_0_L2A
2024-12-10,mahdia,Mahdia,sahel,0.3706,0.1487,0.0217,43.31,4.5,0.955,S2A_32SPE_20241210_0_L2A
2025-01-24,mahdia,Mahdia,sahel,0.3517,0.1395,0.0434,47.98,0.0,1.000,S2B_32SPE_20250124_0_L2A
2025-03-15,mahdia,Mahdia,sahel,0.3410,0.1135,0.0396,49.72,0.2,0.998,S2B_32SPE_20250315_0_L2A
2025-04-19,mahdia,Mahdia,sahel,0.2679,0.0961,-0.0747,8.03,0.1,0.999,S2C_32SPE_20250419_0_L2A
2025-05-31,mahdia,Mahdia,sahel,0.2101,0.0694,-0.1267,1.11,0.1,0.999,S2A_32SPE_20250531_0_L2A
2025-06-13,mahdia,Mahdia,sahel,0.2004,0.0629,-0.1419,0.62,0.0,1.000,S2B_32SPE_20250613_1_L2A
2025-07-18,mahdia,Mahdia,sahel,0.1764,0.0549,-0.1373,0.42,0.0,1.000,S2C_32SPE_20250718_0_L2A
2025-08-07,mahdia,Mahdia,sahel,0.1676,0.0544,-0.1450,0.36,0.0,1.000,S2C_32SPE_20250807_0_L2A
2025-09-01,mahdia,Mahdia,sahel,0.1675,0.0549,-0.1505,0.27,0.0,1.000,S2B_32SPE_20250901_1_L2A
2025-10-26,mahdia,Mahdia,sahel,0.1819,0.0644,-0.1314,0.82,0.0,1.000,S2C_32SPE_20251026_0_L2A
2025-11-30,mahdia,Mahdia,sahel,0.2177,0.0778,-0.1103,1.96,0.0,1.000,S2B_32SPE_20251130_0_L2A
2025-12-30,mahdia,Mahdia,sahel,0.2280,0.0849,-0.0940,3.92,0.0,1.000,S2B_32SPE_20251230_1_L2A
2026-01-09,mahdia,Mahdia,sahel,0.2432,0.0910,-0.0868,5.07,0.0,1.000,S2B_32SPE_20260109_1_L2A
2026-02-18,mahdia,Mahdia,sahel,0.2833,0.1190,-0.0573,14.54,0.0,1.000,S2B_32SPE_20260218_0_L2A
2026-03-25,mahdia,Mahdia,sahel,0.2833,0.1128,-0.0514,14.34,2.6,0.974,S2C_32SPE_20260325_0_L2A
2026-04-06,mahdia,Mahdia,sahel,0.2646,0.1092,-0.0735,9.72,0.0,1.000,S2A_32SPE_20260406_0_L2A
2026-05-29,mahdia,Mahdia,sahel,0.1813,0.0595,-0.1338,0.55,0.0,1.000,S2B_32SPE_20260529_0_L2A
2026-06-05,mahdia,Mahdia,sahel,0.1766,0.0602,-0.1328,0.50,0.0,1.000,S2A_32SPE_20260605_0_L2A
2026-07-08,mahdia,Mahdia,sahel,0.1570,0.0545,-0.1415,0.38,0.0,1.000,S2B_32SPE_20260708_0_L2A
2026-08-22,mahdia,Mahdia,sahel,0.1398,0.0530,-0.1610,0.15,0.0,1.000,S2C_32SPE_20260822_0_L2A
2022-01-30,sfax,Sfax,sahel,0.1582,0.0696,-0.0958,1.64,0.1,0.999,S2B_32SPD_20220130_0_L2A
2022-02-04,sfax,Sfax,sahel,0.1626,0.0692,-0.0860,1.75,0.0,1.000,S2A_32SPD_20220204_0_L2A
2022-03-11,sfax,Sfax,sahel,0.1617,0.0816,-0.0975,1.20,0.0,1.000,S2B_32SPD_20220311_0_L2A
2022-04-10,sfax,Sfax,sahel,0.1501,0.0587,-0.1027,0.93,21.0,0.790,S2B_32SPD_20220410_0_L2A
2022-05-15,sfax,Sfax,sahel,0.1323,0.0571,-0.1088,0.56,8.9,0.911,S2A_32SPD_20220515_0_L2A
2022-06-14,sfax,Sfax,sahel,0.1157,0.0443,-0.1272,0.36,0.0,1.000,S2A_32SPD_20220614_1_L2A
2022-07-19,sfax,Sfax,sahel,0.1211,0.0402,-0.1259,0.31,0.0,1.000,S2B_32SPD_20220719_0_L2A
2022-08-08,sfax,Sfax,sahel,0.1113,0.0404,-0.1414,0.21,0.0,1.000,S2B_32SPD_20220808_0_L2A
2022-09-12,sfax,Sfax,sahel,0.1018,0.0433,-0.1577,0.19,0.0,1.000,S2A_32SPD_20220912_0_L2A
2022-10-22,sfax,Sfax,sahel,0.1363,0.0584,-0.1162,0.64,0.0,1.000,S2A_32SPD_20221022_0_L2A
2022-11-21,sfax,Sfax,sahel,0.1368,0.0560,-0.1062,0.81,0.0,1.000,S2A_32SPD_20221121_0_L2A
2022-12-01,sfax,Sfax,sahel,0.1347,0.0570,-0.1189,0.81,0.0,1.000,S2A_32SPD_20221201_0_L2A
2023-01-05,sfax,Sfax,sahel,0.1335,0.0524,-0.1235,0.66,0.1,0.999,S2B_32SPD_20230105_0_L2A
2023-02-19,sfax,Sfax,sahel,0.1325,0.0476,-0.0895,0.63,0.1,0.999,S2A_32SPD_20230219_0_L2A
2023-03-26,sfax,Sfax,sahel,0.1514,0.0608,-0.0945,0.84,0.0,1.000,S2B_32SPD_20230326_0_L2A
2023-04-10,sfax,Sfax,sahel,0.1474,0.0535,-0.0866,0.86,0.0,1.000,S2A_32SPD_20230410_0_L2A
2023-05-20,sfax,Sfax,sahel,0.1211,0.0511,-0.1053,0.45,29.7,0.703,S2A_32SPD_20230520_0_L2A
2023-06-24,sfax,Sfax,sahel,0.1171,0.0491,-0.1230,0.32,0.0,1.000,S2B_32SPD_20230624_0_L2A
2023-07-24,sfax,Sfax,sahel,0.1182,0.0401,-0.1166,0.28,0.0,1.000,S2B_32SPD_20230724_0_L2A
2023-08-08,sfax,Sfax,sahel,0.1126,0.0417,-0.1265,0.27,0.0,1.000,S2A_32SPD_20230808_0_L2A
2023-09-17,sfax,Sfax,sahel,0.1076,0.0466,-0.1328,0.30,0.0,1.000,S2A_32SPD_20230917_0_L2A
2023-10-17,sfax,Sfax,sahel,0.1180,0.0490,-0.1181,0.41,0.0,1.000,S2A_32SPD_20231017_0_L2A
2023-11-21,sfax,Sfax,sahel,0.1202,0.0509,-0.1203,0.60,0.0,1.000,S2B_32SPD_20231121_1_L2A
2023-12-26,sfax,Sfax,sahel,0.1367,0.0566,-0.0887,1.22,0.0,1.000,S2A_32SPD_20231226_0_L2A
2024-01-25,sfax,Sfax,sahel,0.1515,0.0645,-0.0927,1.75,0.1,0.999,S2A_32SPD_20240125_0_L2A
2024-02-04,sfax,Sfax,sahel,0.1562,0.0655,-0.0985,1.70,0.0,1.000,S2A_32SPD_20240204_0_L2A
2024-03-30,sfax,Sfax,sahel,0.1314,0.0321,-0.0734,0.34,1.2,0.988,S2B_32SPD_20240330_0_L2A
2024-04-04,sfax,Sfax,sahel,0.1265,0.0453,-0.1165,0.55,0.0,1.000,S2A_32SPD_20240404_0_L2A
2024-05-04,sfax,Sfax,sahel,0.1264,0.0492,-0.1087,0.61,0.0,1.000,S2A_32SPD_20240504_0_L2A
2024-06-08,sfax,Sfax,sahel,0.1076,0.0412,-0.1249,0.29,0.1,0.999,S2B_32SPD_20240608_0_L2A
2024-07-18,sfax,Sfax,sahel,0.1087,0.0414,-0.1233,0.32,0.0,1.000,S2B_32SPD_20240718_0_L2A
2024-08-12,sfax,Sfax,sahel,0.1011,0.0407,-0.1419,0.23,0.0,1.000,S2A_32SPD_20240812_0_L2A
2024-09-01,sfax,Sfax,sahel,,,,,0.0,,S2A_32SPD_20240901_0_L2A
2024-10-01,sfax,Sfax,sahel,0.1257,0.0664,-0.1169,0.92,9.9,0.901,S2A_32SPD_20241001_0_L2A
2024-11-15,sfax,Sfax,sahel,0.2071,0.1047,-0.0345,13.72,0.1,0.999,S2B_32SPD_20241115_0_L2A
2024-12-25,sfax,Sfax,sahel,0.2342,0.1114,-0.0288,16.03,34.5,0.655,S2B_32SPD_20241225_0_L2A
2025-01-09,sfax,Sfax,sahel,0.2484,0.1382,-0.0159,21.41,0.0,1.000,S2A_32SPD_20250109_0_L2A
2025-02-03,sfax,Sfax,sahel,0.2624,0.1407,-0.0044,26.51,0.0,1.000,S2B_32SPD_20250203_1_L2A
2025-03-15,sfax,Sfax,sahel,0.2316,0.0923,-0.0258,18.14,0.0,1.000,S2B_32SPD_20250315_0_L2A
2025-04-09,sfax,Sfax,sahel,0.2051,0.0850,-0.0712,4.52,0.3,0.997,S2C_32SPD_20250409_0_L2A
2025-05-31,sfax,Sfax,sahel,0.1495,0.0534,-0.1276,0.73,0.0,1.000,S2A_32SPD_20250531_0_L2A
2025-06-13,sfax,Sfax,sahel,0.1518,0.0487,-0.1310,0.59,0.0,1.000,S2B_32SPD_20250613_0_L2A
2025-07-18,sfax,Sfax,sahel,0.1388,0.0442,-0.1304,0.39,0.0,1.000,S2C_32SPD_20250718_0_L2A
2025-08-17,sfax,Sfax,sahel,0.1345,0.0527,-0.1199,0.65,0.0,1.000,S2C_32SPD_20250817_0_L2A
2025-09-01,sfax,Sfax,sahel,0.1310,0.0504,-0.1341,0.42,0.0,1.000,S2B_32SPD_20250901_0_L2A
2025-10-26,sfax,Sfax,sahel,0.1455,0.0612,-0.1179,0.94,0.0,1.000,S2C_32SPD_20251026_0_L2A
2025-11-30,sfax,Sfax,sahel,0.1675,0.0656,-0.0971,1.89,0.0,1.000,S2B_32SPD_20251130_0_L2A
2025-12-30,sfax,Sfax,sahel,0.1662,0.0724,-0.1003,2.43,0.1,0.999,S2B_32SPD_20251230_0_L2A
2026-01-09,sfax,Sfax,sahel,0.1849,0.0803,-0.0808,3.79,0.0,1.000,S2B_32SPD_20260109_0_L2A
2026-02-23,sfax,Sfax,sahel,0.2117,0.0853,-0.0673,5.56,0.1,0.999,S2C_32SPD_20260223_0_L2A
2026-03-25,sfax,Sfax,sahel,0.2012,0.0794,-0.0738,3.65,0.0,1.000,S2C_32SPD_20260325_0_L2A
2026-04-06,sfax,Sfax,sahel,0.1839,0.0716,-0.0919,1.92,0.0,1.000,S2A_32SPD_20260406_0_L2A
2026-05-29,sfax,Sfax,sahel,0.1351,0.0482,-0.1287,0.53,0.0,1.000,S2B_32SPD_20260529_0_L2A
2026-06-05,sfax,Sfax,sahel,0.1296,0.0473,-0.1294,0.44,0.0,1.000,S2A_32SPD_20260605_0_L2A
2026-07-18,sfax,Sfax,sahel,0.1276,0.0451,-0.1259,0.34,0.0,1.000,S2B_32SPD_20260718_0_L2A
2026-08-12,sfax,Sfax,sahel,0.1162,0.0457,-0.1472,0.30,0.0,1.000,S2C_32SPD_20260812_0_L2A
2022-01-30,kairouan,Kairouan,centre-west,0.2182,0.1634,-0.0782,12.89,0.0,1.000,S2B_32SNE_20220130_0_L2A
2022-02-07,kairouan,Kairouan,centre-west,0.1608,0.1154,-0.0906,5.76,0.1,0.362,S2A_32SPE_20220207_0_L2A
2022-03-29,kairouan,Kairouan,centre-west,0.2729,0.2331,-0.0076,21.68,0.0,1.000,S2A_32SNE_20220329_0_L2A
2022-04-23,kairouan,Kairouan,centre-west,0.2522,0.1860,-0.0131,21.88,0.1,0.372,S2B_32SPE_20220423_0_L2A
2022-05-23,kairouan,Kairouan,centre-west,0.1953,0.1442,-0.0625,9.15,0.1,0.288,S2B_32SPE_20220523_0_L2A
2022-06-22,kairouan,Kairouan,centre-west,0.1464,0.0896,-0.0891,3.63,0.0,0.212,S2B_32SPE_20220622_0_L2A
2022-07-22,kairouan,Kairouan,centre-west,0.1351,0.1271,-0.1235,3.58,0.1,0.267,S2B_32SPE_20220722_0_L2A
2022-08-01,kairouan,Kairouan,centre-west,0.1258,0.1164,-0.1290,3.28,0.1,0.285,S2B_32SPE_20220801_0_L2A
2022-09-10,kairouan,Kairouan,centre-west,0.1274,0.1204,-0.1524,2.33,0.2,0.331,S2B_32SPE_20220910_0_L2A
2022-10-20,kairouan,Kairouan,centre-west,0.1231,0.0656,-0.1410,0.81,0.8,0.293,S2B_32SPE_20221020_0_L2A
2022-11-21,kairouan,Kairouan,centre-west,0.1949,0.1366,-0.0963,10.15,0.0,1.000,S2A_32SNE_20221121_0_L2A
2022-12-04,kairouan,Kairouan,centre-west,0.1629,0.0978,-0.0987,4.76,0.0,0.358,S2A_32SPE_20221204_0_L2A
2023-01-08,kairouan,Kairouan,centre-west,0.1682,0.1185,-0.1093,6.13,0.0,0.489,S2B_32SPE_20230108_0_L2A
2023-02-22,kairouan,Kairouan,centre-west,0.2397,0.1964,-0.0433,17.19,0.0,1.000,S2A_32SNE_20230222_0_L2A
2023-03-24,kairouan,Kairouan,centre-west,0.1525,0.1407,-0.0861,6.96,0.0,0.309,S2A_32SPE_20230324_0_L2A
2023-04-08,kairouan,Kairouan,centre-west,0.1571,0.1358,-0.0913,6.94,0.0,0.274,S2B_32SPE_20230408_0_L2A
2023-05-28,kairouan,Kairouan,centre-west,0.1388,0.1284,-0.1124,4.93,0.1,0.258,S2B_32SPE_20230528_0_L2A
2023-06-17,kairouan,Kairouan,centre-west,0.1886,0.1570,-0.0733,12.19,0.2,0.287,S2B_32SPE_20230617_0_L2A
2023-07-22,kairouan,Kairouan,centre-west,0.1293,0.1090,-0.1118,4.08,0.0,0.348,S2A_32SPE_20230722_0_L2A
2023-08-11,kairouan,Kairouan,centre-west,0.1148,0.0901,-0.1211,3.24,0.0,0.332,S2A_32SPE_20230811_0_L2A
2023-09-15,kairouan,Kairouan,centre-west,0.1143,0.1053,-0.1443,2.58,0.3,0.292,S2B_32SPE_20230915_0_L2A
2023-10-15,kairouan,Kairouan,centre-west,0.1200,0.0800,-0.1306,2.01,0.5,0.313,S2B_32SPE_20231015_0_L2A
2023-11-14,kairouan,Kairouan,centre-west,0.1246,0.0830,-0.1423,1.91,0.6,0.285,S2B_32SPE_20231114_0_L2A
2023-12-24,kairouan,Kairouan,centre-west,0.1798,0.1186,-0.0442,7.25,0.4,0.249,S2B_32SPE_20231224_0_L2A
2024-01-25,kairouan,Kairouan,centre-west,0.2542,0.1643,-0.0294,21.07,0.0,1.000,S2A_32SPE_20240125_0_L2A
2024-02-04,kairouan,Kairouan,centre-west,0.3357,0.2197,0.0152,33.96,0.0,1.000,S2A_32SNE_20240204_0_L2A
2024-03-28,kairouan,Kairouan,centre-west,0.2259,0.1349,-0.0064,19.76,0.0,0.320,S2A_32SPE_20240328_0_L2A
2024-04-04,kairouan,Kairouan,centre-west,0.2857,0.1964,-0.0041,23.59,0.0,1.000,S2A_32SNE_20240404_0_L2A
2024-05-12,kairouan,Kairouan,centre-west,0.1669,0.1266,-0.1008,5.72,0.1,0.314,S2B_32SPE_20240512_0_L2A
2024-06-21,kairouan,Kairouan,centre-west,0.1241,0.0739,-0.1227,2.59,0.0,0.326,S2B_32SPE_20240621_0_L2A
2024-07-21,kairouan,Kairouan,centre-west,0.1231,0.0984,-0.1245,2.71,0.0,0.310,S2B_32SPE_20240721_0_L2A
2024-08-30,kairouan,Kairouan,centre-west,0.1118,0.1018,-0.1513,2.59,0.1,0.250,S2B_32SPE_20240830_0_L2A
2024-09-01,kairouan,Kairouan,centre-west,,,,,0.0,,S2A_32SNE_20240901_0_L2A
2024-10-01,kairouan,Kairouan,centre-west,0.1688,0.1325,-0.1248,6.53,0.0,1.000,S2A_32SNE_20241001_0_L2A
2024-11-28,kairouan,Kairouan,centre-west,0.2627,0.1809,-0.0249,25.82,0.1,0.256,S2B_32SPE_20241128_0_L2A
2024-12-18,kairouan,Kairouan,centre-west,0.2941,0.1798,-0.0080,32.63,0.3,0.330,S2B_32SPE_20241218_0_L2A
2025-01-07,kairouan,Kairouan,centre-west,0.2778,0.1758,-0.0303,26.51,0.0,0.350,S2B_32SPE_20250107_0_L2A
2025-02-16,kairouan,Kairouan,centre-west,0.3176,0.1943,0.0524,39.66,0.0,0.235,S2B_32SPE_20250216_0_L2A
2025-03-18,kairouan,Kairouan,centre-west,0.3010,0.1881,0.0210,35.48,0.9,0.254,S2B_32SPE_20250318_0_L2A
2025-04-04,kairouan,Kairouan,centre-west,0.2745,0.1762,-0.0022,25.76,0.0,0.330,S2A_32SPE_20250404_1_L2A
2025-05-27,kairouan,Kairouan,centre-west,0.1702,0.1113,-0.1183,4.61,0.0,0.284,S2B_32SPE_20250527_0_L2A
2025-06-16,kairouan,Kairouan,centre-west,0.1536,0.1014,-0.1367,3.30,0.0,0.418,S2B_32SPE_20250616_0_L2A
2025-07-26,kairouan,Kairouan,centre-west,0.1114,0.0671,-0.1295,2.47,0.0,0.386,S2B_32SPE_20250726_0_L2A
2025-08-22,kairouan,Kairouan,centre-west,0.1297,0.1022,-0.1462,3.28,0.0,0.393,S2A_32SPE_20250822_1_L2A
2025-09-04,kairouan,Kairouan,centre-west,0.1319,0.1125,-0.1513,3.28,0.0,0.374,S2B_32SPE_20250904_0_L2A
2025-10-08,kairouan,Kairouan,centre-west,0.1796,0.1219,-0.1182,7.30,0.0,1.000,S2A_32SNE_20251008_0_L2A
2025-11-13,kairouan,Kairouan,centre-west,0.1631,0.1043,-0.1216,4.53,0.1,0.360,S2B_32SPE_20251113_0_L2A
2025-12-23,kairouan,Kairouan,centre-west,0.2097,0.1190,-0.0686,6.89,0.3,0.317,S2B_32SPE_20251223_0_L2A
2026-01-09,kairouan,Kairouan,centre-west,0.2747,0.1865,-0.0539,18.86,0.0,1.000,S2A_32SNE_20260109_0_L2A
2026-02-26,kairouan,Kairouan,centre-west,0.2454,0.1660,-0.0509,18.29,0.0,0.240,S2C_32SPE_20260226_0_L2A
2026-03-18,kairouan,Kairouan,centre-west,0.3259,0.2414,-0.0192,23.60,0.0,1.000,S2C_32SNE_20260318_0_L2A
2026-04-07,kairouan,Kairouan,centre-west,0.2857,0.2214,-0.0399,20.51,0.0,1.000,S2C_32SNE_20260407_0_L2A
2026-05-22,kairouan,Kairouan,centre-west,0.1521,0.1169,-0.1233,4.77,0.0,0.396,S2B_32SPE_20260522_0_L2A
2026-06-21,kairouan,Kairouan,centre-west,0.1313,0.1164,-0.1382,3.92,0.0,0.371,S2B_32SPE_20260621_0_L2A
2026-07-21,kairouan,Kairouan,centre-west,0.1227,0.0971,-0.1391,3.04,0.1,0.321,S2B_32SPE_20260721_0_L2A
2026-08-30,kairouan,Kairouan,centre-west,0.1118,0.1147,-0.1466,2.73,0.0,0.366,S2B_32SPE_20260830_0_L2A
2022-01-18,kasserine,Kasserine,centre-west,0.1502,0.0673,-0.1322,1.09,0.0,1.000,S2A_32SND_20220118_0_L2A
2022-02-07,kasserine,Kasserine,centre-west,0.1437,0.0703,-0.1375,1.30,0.0,1.000,S2A_32SMD_20220207_0_L2A
2022-03-14,kasserine,Kasserine,centre-west,0.1437,0.0848,-0.1413,1.17,0.0,1.000,S2B_32SMD_20220314_0_L2A
2022-04-23,kasserine,Kasserine,centre-west,0.1952,0.1000,-0.0870,4.32,0.0,1.000,S2B_32SMD_20220423_0_L2A
2022-05-23,kasserine,Kasserine,centre-west,0.2061,0.1090,-0.0931,7.80,0.0,1.000,S2B_32SNE_20220523_0_L2A
2022-06-12,kasserine,Kasserine,centre-west,0.1451,0.0663,-0.1324,1.22,0.0,1.000,S2B_32SMD_20220612_0_L2A
2022-07-02,kasserine,Kasserine,centre-west,0.1288,0.0497,-0.1363,0.57,0.0,1.000,S2B_32SND_20220702_0_L2A
2022-08-21,kasserine,Kasserine,centre-west,0.1530,0.0870,-0.1263,3.15,0.0,1.000,S2B_32SME_20220821_0_L2A
2022-09-15,kasserine,Kasserine,centre-west,0.1473,0.0857,-0.1447,1.50,0.0,1.000,S2A_32SMD_20220915_0_L2A
2022-10-15,kasserine,Kasserine,centre-west,0.1616,0.0891,-0.1386,2.12,0.0,1.000,S2A_32SMD_20221015_0_L2A
2022-11-14,kasserine,Kasserine,centre-west,0.1801,0.1014,-0.1185,3.20,0.0,1.000,S2A_32SMD_20221114_0_L2A
2022-12-04,kasserine,Kasserine,centre-west,0.1753,0.0864,-0.1045,3.31,0.0,1.000,S2A_32SMD_20221204_0_L2A
2023-01-08,kasserine,Kasserine,centre-west,0.1528,0.0661,-0.1243,1.53,0.0,1.000,S2B_32SND_20230108_0_L2A
2023-02-22,kasserine,Kasserine,centre-west,0.1535,0.0710,-0.1300,1.97,0.0,1.000,S2A_32SME_20230222_0_L2A
2023-03-24,kasserine,Kasserine,centre-west,0.1444,0.0746,-0.1262,1.29,0.0,1.000,S2A_32SMD_20230324_0_L2A
2023-04-08,kasserine,Kasserine,centre-west,0.1730,0.0860,-0.1053,3.88,0.0,1.000,S2B_32SNE_20230408_0_L2A
2023-05-18,kasserine,Kasserine,centre-west,0.1270,0.0685,-0.1307,1.16,0.0,1.000,S2B_32SMD_20230518_0_L2A
2023-06-27,kasserine,Kasserine,centre-west,0.1541,0.0787,-0.1248,2.07,0.0,1.000,S2B_32SMD_20230627_0_L2A
2023-07-27,kasserine,Kasserine,centre-west,0.1110,0.0580,-0.1544,0.87,0.0,1.000,S2B_32SND_20230727_0_L2A
2023-08-26,kasserine,Kasserine,centre-west,0.1195,0.0624,-0.1576,0.90,0.0,1.000,S2B_32SND_20230826_0_L2A
2023-09-10,kasserine,Kasserine,centre-west,0.1174,0.0571,-0.1540,0.83,0.0,1.000,S2A_32SND_20230910_0_L2A
2023-10-10,kasserine,Kasserine,centre-west,0.1495,0.0927,-0.1320,3.67,0.0,1.000,S2A_32SME_20231010_0_L2A
2023-11-04,kasserine,Kasserine,centre-west,0.1192,0.0672,-0.1525,1.34,0.0,1.000,S2B_32SND_20231104_0_L2A
2023-12-24,kasserine,Kasserine,centre-west,0.1677,0.0856,-0.1005,3.32,0.0,1.000,S2B_32SMD_20231224_0_L2A
2024-01-18,kasserine,Kasserine,centre-west,0.1498,0.0615,-0.1100,1.45,0.4,0.996,S2A_32SND_20240118_0_L2A
2024-02-07,kasserine,Kasserine,centre-west,0.1709,0.0831,-0.1071,2.35,0.0,1.000,S2A_32SMD_20240207_0_L2A
2024-03-28,kasserine,Kasserine,centre-west,0.1621,0.0632,-0.0939,1.99,0.0,1.000,S2A_32SMD_20240328_0_L2A
2024-04-27,kasserine,Kasserine,centre-west,0.1688,0.0880,-0.0994,2.74,0.0,1.000,S2A_32SMD_20240427_0_L2A
2024-05-27,kasserine,Kasserine,centre-west,0.1465,0.0709,-0.1153,1.81,0.0,1.000,S2A_32SMD_20240527_0_L2A
2024-06-21,kasserine,Kasserine,centre-west,0.1222,0.0515,-0.1334,0.99,0.0,1.000,S2B_32SND_20240621_0_L2A
2024-07-26,kasserine,Kasserine,centre-west,0.1089,0.0603,-0.1515,1.21,0.0,1.000,S2A_32SND_20240726_0_L2A
2024-08-10,kasserine,Kasserine,centre-west,0.1106,0.0604,-0.1502,1.19,0.0,1.000,S2B_32SND_20240810_0_L2A
2024-09-09,kasserine,Kasserine,centre-west,0.1389,0.0773,-0.1384,1.95,1.1,0.989,S2B_32SMD_20240909_0_L2A
2024-10-14,kasserine,Kasserine,centre-west,0.1487,0.0738,-0.1283,2.42,0.0,1.000,S2A_32SMD_20241014_0_L2A
2024-11-23,kasserine,Kasserine,centre-west,0.1663,0.0923,-0.1251,3.40,0.0,1.000,S2A_32SND_20241123_0_L2A
2024-12-18,kasserine,Kasserine,centre-west,0.1679,0.0824,-0.1162,2.95,0.0,1.000,S2B_32SND_20241218_0_L2A
2025-01-07,kasserine,Kasserine,centre-west,0.1529,0.0754,-0.1337,1.88,0.0,1.000,S2B_32SND_20250107_0_L2A
2025-02-11,kasserine,Kasserine,centre-west,0.2378,0.1219,-0.0733,10.10,1.5,0.985,S2C_32SME_20250211_0_L2A
2025-03-18,kasserine,Kasserine,centre-west,0.1909,0.0950,-0.0911,4.52,0.0,1.000,S2B_32SMD_20250318_0_L2A
2025-04-04,kasserine,Kasserine,centre-west,0.1892,0.0927,-0.0918,4.49,0.0,1.000,S2A_32SMD_20250404_1_L2A
2025-05-27,kasserine,Kasserine,centre-west,0.2049,0.1057,-0.0941,6.28,0.0,1.000,S2B_32SME_20250527_0_L2A
2025-06-03,kasserine,Kasserine,centre-west,0.1933,0.0981,-0.0973,5.07,0.0,1.000,S2A_32SME_20250603_0_L2A
2025-07-23,kasserine,Kasserine,centre-west,0.1344,0.0709,-0.1356,1.66,0.0,1.000,S2A_32SMD_20250723_0_L2A
2025-08-05,kasserine,Kasserine,centre-west,0.1651,0.0946,-0.1256,3.86,0.0,1.000,S2B_32SME_20250805_0_L2A
2025-09-14,kasserine,Kasserine,centre-west,0.1660,0.0883,-0.1284,2.69,0.0,1.000,S2B_32SMD_20250914_0_L2A
2025-10-24,kasserine,Kasserine,centre-west,0.1891,0.1018,-0.1189,3.74,0.0,1.000,S2B_32SMD_20251024_0_L2A
2025-11-30,kasserine,Kasserine,centre-west,0.2394,0.1206,-0.0774,9.14,0.0,1.000,S2A_32SME_20251130_0_L2A
2025-12-03,kasserine,Kasserine,centre-west,0.1899,0.0925,-0.1009,4.47,0.0,1.000,S2B_32SMD_20251203_0_L2A
2026-01-17,kasserine,Kasserine,centre-west,0.1890,0.0772,-0.1124,2.34,0.0,1.000,S2C_32SND_20260117_0_L2A
2026-02-06,kasserine,Kasserine,centre-west,0.2048,0.1002,-0.1146,3.08,0.0,1.000,S2C_32SMD_20260206_0_L2A
2026-03-18,kasserine,Kasserine,centre-west,0.1976,0.0670,-0.1029,1.44,0.0,1.000,S2C_32SND_20260318_0_L2A
2026-04-07,kasserine,Kasserine,centre-west,0.2213,0.0880,-0.0779,4.16,0.0,1.000,S2C_32SMD_20260407_0_L2A
2026-05-29,kasserine,Kasserine,centre-west,0.1493,0.0691,-0.1357,1.36,0.0,1.000,S2A_32SND_20260529_1_L2A
2026-06-21,kasserine,Kasserine,centre-west,0.1354,0.0685,-0.1463,1.40,0.0,1.000,S2B_32SND_20260621_0_L2A
2026-07-08,kasserine,Kasserine,centre-west,0.1600,0.0829,-0.1250,2.46,0.0,1.000,S2A_32SMD_20260708_1_L2A
2026-08-20,kasserine,Kasserine,centre-west,0.1426,0.0762,-0.1399,1.89,0.0,1.000,S2B_32SMD_20260820_0_L2A
2022-01-30,sidi-bouzid,Sidi Bouzid,centre-west,0.1657,0.0958,-0.0980,4.14,0.0,1.000,S2B_32SNE_20220130_0_L2A
2022-02-07,sidi-bouzid,Sidi Bouzid,centre-west,0.1655,0.1091,-0.1055,5.38,0.0,1.000,S2A_32SND_20220207_0_L2A
2022-03-11,sidi-bouzid,Sidi Bouzid,centre-west,0.1779,0.1444,-0.0911,7.06,0.0,1.000,S2B_32SND_20220311_0_L2A
2022-04-08,sidi-bouzid,Sidi Bouzid,centre-west,0.2044,0.1214,-0.0681,8.13,0.0,1.000,S2A_32SNE_20220408_0_L2A
2022-05-23,sidi-bouzid,Sidi Bouzid,centre-west,0.1923,0.0882,-0.0812,3.86,0.0,1.000,S2B_32SNE_20220523_0_L2A
2022-06-24,sidi-bouzid,Sidi Bouzid,centre-west,0.1439,0.0676,-0.1026,1.31,0.0,0.468,S2A_32SND_20220624_0_L2A
2022-07-02,sidi-bouzid,Sidi Bouzid,centre-west,0.1486,0.0717,-0.1059,2.32,0.0,1.000,S2B_32SND_20220702_0_L2A
2022-08-13,sidi-bouzid,Sidi Bouzid,centre-west,0.1379,0.0786,-0.1183,2.34,0.0,1.000,S2A_32SNE_20220813_0_L2A
2022-09-15,sidi-bouzid,Sidi Bouzid,centre-west,0.1521,0.0980,-0.1125,2.68,0.0,1.000,S2A_32SNE_20220915_0_L2A
2022-10-20,sidi-bouzid,Sidi Bouzid,centre-west,0.1705,0.0942,-0.0997,4.58,0.0,1.000,S2B_32SNE_20221020_0_L2A
2022-11-21,sidi-bouzid,Sidi Bouzid,centre-west,0.1793,0.1061,-0.0830,6.66,0.0,1.000,S2A_32SNE_20221121_0_L2A
2022-12-26,sidi-bouzid,Sidi Bouzid,centre-west,0.1900,0.1114,-0.0746,7.77,0.0,1.000,S2B_32SNE_20221226_0_L2A
2023-01-08,sidi-bouzid,Sidi Bouzid,centre-west,0.1917,0.1222,-0.0774,8.61,0.0,1.000,S2B_32SND_20230108_0_L2A
2023-02-22,sidi-bouzid,Sidi Bouzid,centre-west,0.1592,0.0889,-0.0998,3.67,0.0,1.000,S2A_32SNE_20230222_0_L2A
2023-03-24,sidi-bouzid,Sidi Bouzid,centre-west,0.1659,0.1107,-0.0926,4.87,0.0,1.000,S2A_32SNE_20230324_0_L2A
2023-04-08,sidi-bouzid,Sidi Bouzid,centre-west,0.1690,0.1032,-0.0781,5.39,0.0,1.000,S2B_32SNE_20230408_0_L2A
2023-05-18,sidi-bouzid,Sidi Bouzid,centre-west,0.1424,0.0899,-0.1040,4.14,0.0,1.000,S2B_32SND_20230518_0_L2A
2023-06-27,sidi-bouzid,Sidi Bouzid,centre-west,0.1613,0.0870,-0.1099,3.63,0.0,1.000,S2B_32SND_20230627_0_L2A
2023-07-27,sidi-bouzid,Sidi Bouzid,centre-west,0.1270,0.0760,-0.1293,2.12,0.0,1.000,S2B_32SND_20230727_0_L2A
2023-08-26,sidi-bouzid,Sidi Bouzid,centre-west,0.1364,0.0840,-0.1327,2.59,0.0,1.000,S2B_32SND_20230826_0_L2A
2023-09-10,sidi-bouzid,Sidi Bouzid,centre-west,0.1383,0.0836,-0.1243,2.67,0.0,1.000,S2A_32SND_20230910_0_L2A
2023-10-15,sidi-bouzid,Sidi Bouzid,centre-west,0.1494,0.0937,-0.1105,4.00,0.0,1.000,S2B_32SND_20231015_0_L2A
2023-11-04,sidi-bouzid,Sidi Bouzid,centre-west,0.1516,0.1048,-0.1159,4.82,0.0,1.000,S2B_32SND_20231104_0_L2A
2023-12-24,sidi-bouzid,Sidi Bouzid,centre-west,0.1941,0.1253,-0.0601,9.49,0.0,1.000,S2B_32SND_20231224_0_L2A
2024-01-18,sidi-bouzid,Sidi Bouzid,centre-west,0.1934,0.1127,-0.0618,8.90,0.0,1.000,S2A_32SND_20240118_0_L2A
2024-02-04,sidi-bouzid,Sidi Bouzid,centre-west,0.2050,0.1177,-0.0672,8.38,0.0,1.000,S2A_32SNE_20240204_0_L2A
2024-03-28,sidi-bouzid,Sidi Bouzid,centre-west,0.2038,0.1165,-0.0491,10.20,0.0,1.000,S2A_32SND_20240328_0_L2A
2024-04-04,sidi-bouzid,Sidi Bouzid,centre-west,0.1897,0.1128,-0.0730,6.36,0.0,1.000,S2A_32SNE_20240404_0_L2A
2024-05-27,sidi-bouzid,Sidi Bouzid,centre-west,0.1603,0.0877,-0.0955,3.91,0.0,1.000,S2A_32SND_20240527_0_L2A
2024-06-21,sidi-bouzid,Sidi Bouzid,centre-west,0.1467,0.0717,-0.1050,2.85,0.0,1.000,S2B_32SND_20240621_0_L2A
2024-07-26,sidi-bouzid,Sidi Bouzid,centre-west,0.1333,0.0817,-0.1240,2.89,0.0,1.000,S2A_32SND_20240726_0_L2A
2024-08-10,sidi-bouzid,Sidi Bouzid,centre-west,0.1366,0.0828,-0.1239,3.14,0.0,1.000,S2B_32SND_20240810_0_L2A
2024-09-01,sidi-bouzid,Sidi Bouzid,centre-west,,,,,0.0,,S2A_32SNE_20240901_0_L2A
2024-10-01,sidi-bouzid,Sidi Bouzid,centre-west,0.1579,0.1073,-0.1165,4.38,0.0,1.000,S2A_32SNE_20241001_0_L2A
2024-11-23,sidi-bouzid,Sidi Bouzid,centre-west,0.2830,0.1392,-0.0267,25.35,0.0,1.000,S2A_32SND_20241123_0_L2A
2024-12-18,sidi-bouzid,Sidi Bouzid,centre-west,0.2782,0.1296,-0.0242,24.23,0.0,1.000,S2B_32SND_20241218_0_L2A
2025-01-07,sidi-bouzid,Sidi Bouzid,centre-west,0.2573,0.1267,-0.0455,17.90,0.0,1.000,S2B_32SND_20250107_0_L2A
2025-02-03,sidi-bouzid,Sidi Bouzid,centre-west,0.2945,0.1352,0.0205,33.56,0.0,1.000,S2B_32SND_20250203_1_L2A
2025-03-10,sidi-bouzid,Sidi Bouzid,centre-west,0.2869,0.1395,-0.0041,28.27,0.0,1.000,S2C_32SND_20250310_0_L2A
2025-04-04,sidi-bouzid,Sidi Bouzid,centre-west,0.2218,0.1086,-0.0600,8.57,0.0,1.000,S2B_32SNE_20250404_0_L2A
2025-05-27,sidi-bouzid,Sidi Bouzid,centre-west,0.1669,0.0773,-0.1182,2.03,0.0,1.000,S2B_32SNE_20250527_0_L2A
2025-06-13,sidi-bouzid,Sidi Bouzid,centre-west,0.1577,0.0747,-0.1196,1.95,0.0,1.000,S2B_32SNE_20250613_1_L2A
2025-07-23,sidi-bouzid,Sidi Bouzid,centre-west,0.1448,0.0829,-0.1279,2.80,0.0,1.000,S2A_32SNE_20250723_0_L2A
2025-08-05,sidi-bouzid,Sidi Bouzid,centre-west,0.1545,0.0898,-0.1235,3.74,0.0,1.000,S2B_32SNE_20250805_0_L2A
2025-09-01,sidi-bouzid,Sidi Bouzid,centre-west,0.1438,0.0889,-0.1281,3.23,0.0,1.000,S2B_32SNE_20250901_1_L2A
2025-10-08,sidi-bouzid,Sidi Bouzid,centre-west,0.1869,0.1035,-0.0979,5.19,0.0,1.000,S2A_32SNE_20251008_0_L2A
2025-11-30,sidi-bouzid,Sidi Bouzid,centre-west,0.2119,0.1149,-0.0823,9.14,0.0,1.000,S2A_32SND_20251130_1_L2A
2025-12-03,sidi-bouzid,Sidi Bouzid,centre-west,0.2024,0.1085,-0.0859,8.82,0.0,1.000,S2B_32SND_20251203_0_L2A
2026-01-17,sidi-bouzid,Sidi Bouzid,centre-west,0.2633,0.1240,-0.0358,19.35,0.0,1.000,S2C_32SND_20260117_0_L2A
2026-02-26,sidi-bouzid,Sidi Bouzid,centre-west,0.2654,0.1321,-0.0507,14.54,0.0,1.000,S2C_32SND_20260226_0_L2A
2026-03-18,sidi-bouzid,Sidi Bouzid,centre-west,0.2470,0.1355,-0.0651,11.45,0.0,1.000,S2C_32SND_20260318_0_L2A
2026-04-07,sidi-bouzid,Sidi Bouzid,centre-west,0.2236,0.1202,-0.0818,6.74,0.0,1.000,S2C_32SNE_20260407_0_L2A
2026-05-29,sidi-bouzid,Sidi Bouzid,centre-west,0.1646,0.0909,-0.1181,4.14,0.0,1.000,S2A_32SND_20260529_1_L2A
2026-06-21,sidi-bouzid,Sidi Bouzid,centre-west,0.1555,0.0907,-0.1234,3.75,0.0,1.000,S2B_32SND_20260621_0_L2A
2026-07-16,sidi-bouzid,Sidi Bouzid,centre-west,0.1520,0.0866,-0.1197,3.10,0.0,1.000,S2C_32SNE_20260716_0_L2A
2026-08-20,sidi-bouzid,Sidi Bouzid,centre-west,0.1491,0.0975,-0.1248,3.86,0.0,1.000,S2B_32SNE_20260820_0_L2A
2022-01-30,gabes,Gabès,south,0.1199,0.0862,-0.0687,3.13,0.1,0.999,S2B_32SNC_20220130_0_L2A
2022-02-04,gabes,Gabès,south,0.1767,0.1319,-0.0286,9.95,0.2,0.973,S2A_32SPC_20220204_0_L2A
2022-03-11,gabes,Gabès,south,0.1805,0.1750,-0.0380,10.50,0.0,0.975,S2B_32SPC_20220311_0_L2A
2022-04-10,gabes,Gabès,south,0.1069,0.0959,-0.0824,3.17,0.0,1.000,S2B_32SNC_20220410_0_L2A
2022-05-15,gabes,Gabès,south,0.1058,0.0925,-0.0812,2.99,0.0,1.000,S2A_32SNC_20220515_0_L2A
2022-06-14,gabes,Gabès,south,0.0915,0.0809,-0.0974,2.45,0.0,1.000,S2A_32SNC_20220614_0_L2A
2022-07-19,gabes,Gabès,south,0.1525,0.1464,-0.0629,10.01,0.1,0.975,S2B_32SPC_20220719_0_L2A
2022-08-13,gabes,Gabès,south,0.1470,0.1391,-0.0772,8.62,0.0,0.977,S2A_32SPC_20220813_0_L2A
2022-09-12,gabes,Gabès,south,0.1378,0.1562,-0.0866,7.92,0.1,0.975,S2A_32SPC_20220912_0_L2A
2022-10-02,gabes,Gabès,south,0.0995,0.0921,-0.0907,2.85,0.0,1.000,S2A_32SNC_20221002_0_L2A
2022-11-01,gabes,Gabès,south,0.1662,0.1490,-0.0564,10.29,0.3,0.969,S2A_32SPC_20221101_0_L2A
2022-12-21,gabes,Gabès,south,0.1703,0.1547,-0.0480,11.20,0.1,0.973,S2A_32SPC_20221221_0_L2A
2023-01-10,gabes,Gabès,south,0.1697,0.1417,-0.0374,10.14,0.2,0.973,S2A_32SPC_20230110_0_L2A
2023-02-19,gabes,Gabès,south,0.1695,0.1380,-0.0314,9.94,0.2,0.974,S2A_32SPC_20230219_0_L2A
2023-03-31,gabes,Gabès,south,0.1705,0.1506,-0.0391,10.36,0.2,0.971,S2A_32SPC_20230331_0_L2A
2023-04-10,gabes,Gabès,south,0.1103,0.0898,-0.0753,3.22,0.0,1.000,S2A_32SNC_20230410_0_L2A
2023-05-20,gabes,Gabès,south,0.1434,0.1371,-0.0596,7.17,39.2,0.290,S2A_32SPC_20230520_0_L2A
2023-06-24,gabes,Gabès,south,0.0919,0.0773,-0.0938,2.41,0.0,1.000,S2B_32SNC_20230624_0_L2A
2023-07-19,gabes,Gabès,south,0.1459,0.1258,-0.0647,8.73,0.0,0.977,S2A_32SPC_20230719_0_L2A
2023-08-18,gabes,Gabès,south,0.1469,0.1310,-0.0647,8.98,0.0,0.977,S2A_32SPC_20230818_0_L2A
2023-09-17,gabes,Gabès,south,,,,,0.0,,S2A_32SPC_20230917_1_L2A
2023-10-27,gabes,Gabès,south,0.1616,0.1507,-0.0603,9.39,0.2,0.972,S2A_32SPC_20231027_0_L2A
2023-11-21,gabes,Gabès,south,0.1609,0.1447,-0.0493,10.47,0.3,0.969,S2B_32SPC_20231121_0_L2A
2023-12-31,gabes,Gabès,south,0.1186,0.0904,-0.0617,3.82,0.1,0.999,S2B_32SNC_20231231_0_L2A
2024-01-25,gabes,Gabès,south,0.1745,0.1466,-0.0286,10.63,0.2,0.971,S2A_32SPC_20240125_0_L2A
2024-02-04,gabes,Gabès,south,0.1137,0.0874,-0.0731,3.36,0.1,0.999,S2A_32SNC_20240204_0_L2A
2024-03-10,gabes,Gabès,south,0.1252,0.0853,-0.0528,3.69,0.1,0.999,S2B_32SNC_20240310_0_L2A
2024-04-04,gabes,Gabès,south,0.0994,0.0775,-0.0802,3.03,9.8,0.902,S2A_32SNC_20240404_0_L2A
2024-05-04,gabes,Gabès,south,0.1873,0.1754,-0.0219,13.15,0.2,0.974,S2A_32SPC_20240504_0_L2A
2024-06-08,gabes,Gabès,south,0.1022,0.0647,-0.0839,2.51,0.0,1.000,S2B_32SNC_20240608_0_L2A
2024-07-18,gabes,Gabès,south,0.1517,0.1147,-0.0503,9.68,0.0,0.977,S2B_32SPC_20240718_0_L2A
2024-08-12,gabes,Gabès,south,0.1488,0.1288,-0.0727,8.37,0.0,0.977,S2A_32SPC_20240812_0_L2A
2024-09-01,gabes,Gabès,south,,,,,0.0,,S2A_32SPC_20240901_0_L2A
2024-10-01,gabes,Gabès,south,0.1630,0.1496,-0.0670,10.02,0.1,0.973,S2A_32SPC_20241001_0_L2A
2024-11-30,gabes,Gabès,south,0.1398,0.0982,-0.0634,4.65,0.1,0.999,S2A_32SNC_20241130_0_L2A
2024-12-25,gabes,Gabès,south,0.2157,0.1474,-0.0035,15.43,0.3,0.968,S2B_32SPC_20241225_0_L2A
2025-01-04,gabes,Gabès,south,0.2431,0.1592,0.0306,22.08,0.1,0.975,S2B_32SPC_20250104_0_L2A
2025-02-03,gabes,Gabès,south,0.2257,0.1589,0.0075,17.84,0.1,0.974,S2B_32SPC_20250203_1_L2A
2025-03-10,gabes,Gabès,south,0.1895,0.1226,-0.0197,11.35,0.1,0.999,S2C_32SNC_20250310_0_L2A
2025-04-24,gabes,Gabès,south,0.1988,0.1548,-0.0323,13.26,0.1,0.975,S2B_32SPC_20250424_0_L2A
2025-05-31,gabes,Gabès,south,0.1134,0.0833,-0.0949,3.00,0.0,1.000,S2A_32SNC_20250531_0_L2A
2025-06-03,gabes,Gabès,south,0.1223,0.0838,-0.0799,3.35,0.0,1.000,S2B_32SNC_20250603_0_L2A
2025-07-08,gabes,Gabès,south,0.1580,0.1353,-0.0668,9.56,0.1,0.976,S2C_32SPC_20250708_0_L2A
2025-08-17,gabes,Gabès,south,0.0990,0.0809,-0.1122,2.44,0.0,1.000,S2C_32SNC_20250817_0_L2A
2025-09-01,gabes,Gabès,south,0.1672,0.1396,-0.0620,10.43,0.1,0.975,S2B_32SPC_20250901_0_L2A
2025-10-26,gabes,Gabès,south,0.1754,0.1435,-0.0514,10.55,0.2,0.973,S2C_32SPC_20251026_0_L2A
2025-11-30,gabes,Gabès,south,0.1904,0.1498,-0.0307,12.17,0.1,0.972,S2B_32SPC_20251130_0_L2A
2025-12-30,gabes,Gabès,south,0.1382,0.0934,-0.0755,4.08,0.1,0.999,S2B_32SNC_20251230_1_L2A
2026-01-14,gabes,Gabès,south,0.1917,0.1503,-0.0455,10.22,0.2,0.970,S2C_32SPC_20260114_0_L2A
2026-02-23,gabes,Gabès,south,0.1846,0.1437,-0.0464,10.18,0.2,0.972,S2C_32SPC_20260223_0_L2A
2026-03-25,gabes,Gabès,south,0.1399,0.0875,-0.0710,3.85,0.0,1.000,S2C_32SNC_20260325_0_L2A
2026-04-19,gabes,Gabès,south,0.1655,0.1438,-0.0572,10.10,0.0,0.976,S2B_32SPC_20260419_0_L2A
2026-05-19,gabes,Gabès,south,0.1139,0.0811,-0.0876,3.10,0.0,1.000,S2B_32SNC_20260519_0_L2A
2026-06-23,gabes,Gabès,south,0.1003,0.0803,-0.1006,2.48,0.0,1.000,S2C_32SNC_20260623_0_L2A
2026-07-25,gabes,Gabès,south,0.1441,0.1463,-0.0807,7.36,0.0,0.977,S2A_32SPC_20260725_0_L2A
2026-08-17,gabes,Gabès,south,0.1467,0.1466,-0.0855,8.26,0.0,0.976,S2B_32SPC_20260817_0_L2A
2022-01-05,medenine,Medenine,south,0.1169,0.0381,-0.1078,0.21,0.0,1.000,S2A_32SPB_20220105_0_L2A
2022-02-04,medenine,Medenine,south,0.1165,0.0281,-0.1056,0.15,0.0,1.000,S2A_32SPB_20220204_0_L2A
2022-03-31,medenine,Medenine,south,0.0999,0.0262,-0.1170,0.10,0.0,1.000,S2B_32SPB_20220331_0_L2A
2022-04-10,medenine,Medenine,south,0.0949,0.0296,-0.1211,0.14,2.8,0.972,S2B_32SPB_20220410_0_L2A
2022-05-15,medenine,Medenine,south,0.0972,0.0251,-0.1200,0.12,0.4,0.996,S2A_32SPB_20220515_0_L2A
2022-06-14,medenine,Medenine,south,0.0886,0.0226,-0.1304,0.11,0.0,1.000,S2A_32SPB_20220614_0_L2A
2022-07-29,medenine,Medenine,south,0.0819,0.0253,-0.1358,0.08,0.0,1.000,S2B_32SPB_20220729_0_L2A
2022-08-13,medenine,Medenine,south,0.0855,0.0218,-0.1376,0.07,0.0,1.000,S2A_32SPB_20220813_0_L2A
2022-09-12,medenine,Medenine,south,0.0700,0.0258,-0.1495,0.05,0.0,1.000,S2A_32SPB_20220912_0_L2A
2022-10-27,medenine,Medenine,south,0.1043,0.0290,-0.1049,0.15,0.0,1.000,S2B_32SPB_20221027_0_L2A
2022-11-21,medenine,Medenine,south,0.1050,0.0335,-0.1018,0.20,0.0,1.000,S2A_32SPB_20221121_0_L2A
2022-12-26,medenine,Medenine,south,0.0998,0.0298,-0.1055,0.19,0.0,1.000,S2B_32SPB_20221226_0_L2A
2023-01-10,medenine,Medenine,south,0.0968,0.0300,-0.1097,0.19,0.0,1.000,S2A_32SPB_20230110_0_L2A
2023-02-19,medenine,Medenine,south,0.1263,0.0390,-0.0786,0.58,7.9,0.921,S2A_32SPC_20230219_0_L2A
2023-03-26,medenine,Medenine,south,0.1240,0.0354,-0.0921,0.32,0.0,1.000,S2B_32SPB_20230326_0_L2A
2023-04-10,medenine,Medenine,south,0.1238,0.0391,-0.0936,0.37,0.0,1.000,S2A_32SPB_20230410_0_L2A
2023-05-20,medenine,Medenine,south,0.1053,0.0302,-0.1084,0.13,0.0,1.000,S2A_32SPB_20230520_0_L2A
2023-06-24,medenine,Medenine,south,0.0951,0.0283,-0.1192,0.16,0.0,1.000,S2B_32SPC_20230624_0_L2A
2023-07-19,medenine,Medenine,south,0.0910,0.0221,-0.1291,0.08,0.0,1.000,S2A_32SPB_20230719_0_L2A
2023-08-18,medenine,Medenine,south,0.0924,0.0219,-0.1263,0.07,0.0,1.000,S2A_32SPB_20230818_0_L2A
2023-09-17,medenine,Medenine,south,0.0908,0.0245,-0.1292,0.06,0.0,1.000,S2A_32SPB_20230917_0_L2A
2023-10-27,medenine,Medenine,south,0.0996,0.0269,-0.1116,0.10,0.0,1.000,S2A_32SPB_20231027_0_L2A
2023-11-16,medenine,Medenine,south,0.0952,0.0289,-0.1215,0.14,0.0,1.000,S2A_32SPB_20231116_0_L2A
2023-12-31,medenine,Medenine,south,0.1166,0.0350,-0.1027,0.28,0.0,1.000,S2B_32SPB_20231231_0_L2A
2024-01-25,medenine,Medenine,south,0.1261,0.0414,-0.0884,0.48,0.0,1.000,S2A_32SPB_20240125_0_L2A
2024-02-04,medenine,Medenine,south,0.1430,0.0465,-0.0779,0.90,0.0,1.000,S2A_32SPB_20240204_0_L2A
2024-03-10,medenine,Medenine,south,0.1502,0.0586,-0.0635,1.01,0.0,1.000,S2B_32SPB_20240310_0_L2A
2024-04-14,medenine,Medenine,south,0.1212,0.0569,-0.0753,0.31,17.2,0.828,S2A_32SPB_20240414_0_L2A
2024-05-04,medenine,Medenine,south,0.1282,0.0438,-0.0924,0.33,0.0,1.000,S2A_32SPB_20240504_0_L2A
2024-06-28,medenine,Medenine,south,0.0979,0.0218,-0.1084,0.06,0.0,1.000,S2B_32SPB_20240628_0_L2A
2024-07-18,medenine,Medenine,south,0.0964,0.0230,-0.1215,0.08,0.0,1.000,S2B_32SPB_20240718_0_L2A
2024-08-27,medenine,Medenine,south,0.0957,0.0261,-0.1263,0.09,0.0,1.000,S2B_32SPB_20240827_0_L2A
2024-09-01,medenine,Medenine,south,,,,,0.0,,S2A_32SPC_20240901_0_L2A
2024-10-01,medenine,Medenine,south,0.1027,0.0377,-0.1285,0.19,0.0,1.000,S2A_32SPC_20241001_0_L2A
2024-11-15,medenine,Medenine,south,0.1299,0.0444,-0.1017,0.36,0.0,1.000,S2B_32SPB_20241115_0_L2A
2024-12-25,medenine,Medenine,south,0.1364,0.0441,-0.0844,0.65,0.2,0.998,S2B_32SPB_20241225_0_L2A
2025-01-09,medenine,Medenine,south,0.1228,0.0363,-0.1078,0.08,0.0,0.213,S2A_32SPB_20250109_1_L2A
2025-02-03,medenine,Medenine,south,0.1453,0.0484,-0.0808,0.80,0.0,1.000,S2B_32SPB_20250203_0_L2A
2025-03-10,medenine,Medenine,south,0.1343,0.0395,-0.1017,0.28,0.0,1.000,S2C_32SPB_20250310_0_L2A
2025-04-24,medenine,Medenine,south,0.1171,0.0297,-0.1129,0.19,0.0,1.000,S2B_32SPB_20250424_0_L2A
2025-05-21,medenine,Medenine,south,0.0881,0.0295,-0.1319,0.11,0.0,1.000,S2A_32SPB_20250521_1_L2A
2025-06-28,medenine,Medenine,south,0.0882,0.0260,-0.1336,0.11,0.0,1.000,S2C_32SPB_20250628_0_L2A
2025-07-28,medenine,Medenine,south,0.0841,0.0254,-0.1382,0.09,0.0,1.000,S2C_32SPB_20250728_0_L2A
2025-08-12,medenine,Medenine,south,0.0838,0.0236,-0.1478,0.08,0.0,1.000,S2B_32SPB_20250812_0_L2A
2025-09-01,medenine,Medenine,south,0.0928,0.0245,-0.1329,0.08,0.0,1.000,S2B_32SPB_20250901_0_L2A
2025-10-26,medenine,Medenine,south,0.0959,0.0267,-0.1221,0.10,0.0,1.000,S2C_32SPB_20251026_0_L2A
2025-11-27,medenine,Medenine,south,0.1127,0.0332,-0.0990,0.26,0.0,1.000,S2A_32SPB_20251127_1_L2A
2025-12-25,medenine,Medenine,south,0.1165,0.0431,-0.1115,0.44,0.0,1.000,S2C_32SPB_20251225_0_L2A
2026-01-14,medenine,Medenine,south,0.1246,0.0491,-0.1004,0.68,0.0,1.000,S2C_32SPB_20260114_0_L2A
2026-02-23,medenine,Medenine,south,0.1203,0.0373,-0.1013,0.33,0.0,1.000,S2C_32SPB_20260223_0_L2A
2026-03-07,medenine,Medenine,south,0.1111,0.0367,-0.1198,0.24,0.7,0.993,S2A_32SPB_20260307_1_L2A
2026-04-19,medenine,Medenine,south,0.1094,0.0308,-0.1173,0.17,0.0,1.000,S2B_32SPB_20260419_0_L2A
2026-05-19,medenine,Medenine,south,0.1093,0.0332,-0.1119,0.28,0.0,1.000,S2B_32SPC_20260519_0_L2A
2026-06-25,medenine,Medenine,south,0.0949,0.0334,-0.1301,0.21,0.0,1.000,S2A_32SPC_20260625_0_L2A
2026-07-25,medenine,Medenine,south,0.0909,0.0332,-0.1243,0.14,0.0,1.000,S2A_32SPC_20260725_0_L2A
2026-08-12,medenine,Medenine,south,0.0836,0.0276,-0.1354,0.09,0.0,1.000,S2C_32SPB_20260812_0_L2A
2022-01-30,tataouine,Tataouine,south,0.1066,0.0164,-0.1150,0.01,0.0,1.000,S2B_32SNB_20220130_0_L2A
2022-02-04,tataouine,Tataouine,south,0.1121,0.0163,-0.1123,0.01,0.0,1.000,S2A_32SNB_20220204_0_L2A
2022-03-31,tataouine,Tataouine,south,0.0929,0.0095,-0.1243,0.00,0.0,1.000,S2B_32SNB_20220331_0_L2A
2022-04-10,tataouine,Tataouine,south,0.0937,0.0147,-0.1162,0.01,0.0,1.000,S2B_32SNB_20220410_0_L2A
2022-05-15,tataouine,Tataouine,south,0.0941,0.0112,-0.1192,0.00,0.0,1.000,S2A_32SNB_20220515_0_L2A
2022-06-24,tataouine,Tataouine,south,0.0978,0.0113,-0.1117,0.00,0.0,1.000,S2A_32SNB_20220624_0_L2A
2022-07-19,tataouine,Tataouine,south,0.0862,0.0104,-0.1282,0.00,0.0,1.000,S2B_32SNB_20220719_0_L2A
2022-08-13,tataouine,Tataouine,south,0.0851,0.0103,-0.1356,0.00,0.0,1.000,S2A_32SNB_20220813_0_L2A
2022-09-02,tataouine,Tataouine,south,0.0692,0.0121,-0.1442,0.00,0.0,1.000,S2A_32SNB_20220902_0_L2A
2022-10-22,tataouine,Tataouine,south,0.0976,0.0152,-0.1188,0.01,0.0,1.000,S2A_32SNB_20221022_0_L2A
2022-11-21,tataouine,Tataouine,south,0.1025,0.0183,-0.1107,0.03,0.0,1.000,S2A_32SNB_20221121_0_L2A
2022-12-16,tataouine,Tataouine,south,0.0959,0.0201,-0.1285,0.02,0.0,1.000,S2B_32SNB_20221216_0_L2A
2023-01-20,tataouine,Tataouine,south,0.0974,0.0152,-0.1135,0.00,0.0,1.000,S2A_32SNB_20230120_0_L2A
2023-02-09,tataouine,Tataouine,south,0.1068,0.0282,-0.0646,0.04,9.0,0.910,S2A_32SNB_20230209_0_L2A
2023-03-16,tataouine,Tataouine,south,0.1022,0.0197,-0.1103,0.02,0.0,1.000,S2B_32SNB_20230316_0_L2A
2023-04-10,tataouine,Tataouine,south,0.1087,0.0275,-0.1050,0.03,0.0,1.000,S2A_32SNB_20230410_0_L2A
2023-05-20,tataouine,Tataouine,south,0.0933,0.0166,-0.1189,0.00,0.6,0.994,S2A_32SNB_20230520_0_L2A
2023-06-24,tataouine,Tataouine,south,0.0914,0.0133,-0.1201,0.01,0.0,1.000,S2B_32SNB_20230624_0_L2A
2023-07-24,tataouine,Tataouine,south,0.0938,0.0112,-0.1180,0.00,0.0,1.000,S2B_32SNB_20230724_0_L2A
2023-08-08,tataouine,Tataouine,south,0.0799,0.0132,-0.1324,0.00,0.0,1.000,S2A_32SNB_20230808_0_L2A
2023-09-17,tataouine,Tataouine,south,0.0896,0.0124,-0.1278,0.00,0.0,1.000,S2A_32SNB_20230917_0_L2A
2023-10-22,tataouine,Tataouine,south,0.0850,0.0112,-0.1211,0.00,0.0,1.000,S2B_32SNB_20231022_0_L2A
2023-11-21,tataouine,Tataouine,south,0.0923,0.0145,-0.1228,0.00,0.0,1.000,S2B_32SNB_20231121_0_L2A
2023-12-31,tataouine,Tataouine,south,0.1064,0.0174,-0.1086,0.02,0.0,1.000,S2B_32SNB_20231231_0_L2A
2024-01-25,tataouine,Tataouine,south,0.1090,0.0193,-0.1043,0.01,0.0,1.000,S2A_32SNB_20240125_0_L2A
2024-02-04,tataouine,Tataouine,south,0.1145,0.0230,-0.1058,0.06,0.0,1.000,S2A_32SNB_20240204_0_L2A
2024-03-05,tataouine,Tataouine,south,0.1215,0.0345,-0.0989,0.41,0.0,1.000,S2A_32SNB_20240305_0_L2A
2024-04-14,tataouine,Tataouine,south,0.1042,0.0435,-0.0890,0.07,12.0,0.880,S2A_32SPB_20240414_0_L2A
2024-05-04,tataouine,Tataouine,south,0.1181,0.0299,-0.0965,0.11,0.0,1.000,S2A_32SNB_20240504_0_L2A
2024-06-23,tataouine,Tataouine,south,0.0934,0.0182,-0.1222,0.01,0.0,1.000,S2A_32SNB_20240623_0_L2A
2024-07-18,tataouine,Tataouine,south,0.0939,0.0124,-0.1212,0.00,0.0,1.000,S2B_32SNB_20240718_0_L2A
2024-08-07,tataouine,Tataouine,south,0.0991,0.0156,-0.1154,0.01,0.0,1.000,S2B_32SNB_20240807_0_L2A
2024-09-01,tataouine,Tataouine,south,,,,,0.0,,S2A_32SNB_20240901_1_L2A
2024-10-16,tataouine,Tataouine,south,0.0896,0.0327,-0.1318,0.11,3.9,0.961,S2B_32SPB_20241016_0_L2A
2024-11-15,tataouine,Tataouine,south,0.1087,0.0330,-0.1173,0.25,0.0,1.000,S2B_32SNB_20241115_0_L2A
2024-12-25,tataouine,Tataouine,south,0.1155,0.0361,-0.1029,0.31,0.1,0.999,S2B_32SPB_20241225_0_L2A
2025-01-09,tataouine,Tataouine,south,0.1196,0.0327,-0.1079,0.14,1.0,0.487,S2A_32SNB_20250109_0_L2A
2025-02-13,tataouine,Tataouine,south,0.1217,0.0329,-0.1004,0.09,0.0,1.000,S2B_32SNB_20250213_0_L2A
2025-03-15,tataouine,Tataouine,south,0.1124,0.0232,-0.1042,0.01,0.0,1.000,S2B_32SNB_20250315_0_L2A
2025-04-24,tataouine,Tataouine,south,0.1064,0.0202,-0.1104,0.02,0.0,1.000,S2B_32SNB_20250424_0_L2A
2025-05-21,tataouine,Tataouine,south,0.0881,0.0174,-0.1272,0.00,0.0,1.000,S2A_32SNB_20250521_0_L2A
2025-06-03,tataouine,Tataouine,south,0.0927,0.0162,-0.1190,0.00,0.0,1.000,S2B_32SNB_20250603_0_L2A
2025-07-03,tataouine,Tataouine,south,0.0854,0.0133,-0.1339,0.00,0.0,1.000,S2B_32SNB_20250703_0_L2A
2025-08-09,tataouine,Tataouine,south,0.0926,0.0128,-0.1261,0.00,0.0,1.000,S2A_32SNB_20250809_0_L2A
2025-09-01,tataouine,Tataouine,south,0.0922,0.0125,-0.1268,0.00,0.0,1.000,S2B_32SNB_20250901_0_L2A
2025-10-08,tataouine,Tataouine,south,0.0960,0.0142,-0.1265,0.00,0.0,1.000,S2A_32SNB_20251008_0_L2A
2025-11-27,tataouine,Tataouine,south,0.1088,0.0178,-0.1072,0.01,0.0,1.000,S2A_32SNB_20251127_0_L2A
2025-12-25,tataouine,Tataouine,south,0.1073,0.0223,-0.1181,0.03,0.0,1.000,S2C_32SNB_20251225_0_L2A
2026-01-06,tataouine,Tataouine,south,0.1011,0.0224,-0.1204,0.04,0.0,1.000,S2A_32SNB_20260106_0_L2A
2026-02-18,tataouine,Tataouine,south,0.1120,0.0227,-0.1076,0.08,0.0,1.000,S2B_32SNB_20260218_0_L2A
2026-03-07,tataouine,Tataouine,south,0.1103,0.0200,-0.1183,0.03,0.0,1.000,S2A_32SNB_20260307_0_L2A
2026-04-19,tataouine,Tataouine,south,0.0991,0.0222,-0.1221,0.05,0.0,1.000,S2B_32SPB_20260419_0_L2A
2026-05-19,tataouine,Tataouine,south,0.1005,0.0130,-0.1157,0.00,0.0,1.000,S2B_32SNB_20260519_0_L2A
2026-06-28,tataouine,Tataouine,south,0.0852,0.0112,-0.1355,0.00,0.0,1.000,S2B_32SNB_20260628_0_L2A
2026-07-15,tataouine,Tataouine,south,0.0972,0.0111,-0.1204,0.00,0.0,1.000,S2A_32SNB_20260715_0_L2A
2026-08-04,tataouine,Tataouine,south,0.0860,0.0106,-0.1391,0.00,0.0,1.000,S2A_32SNB_20260804_0_L2A
2022-01-30,gafsa,Gafsa,south,0.1284,0.0794,-0.0968,2.57,0.0,0.370,S2B_32SMD_20220130_0_L2A
2022-02-07,gafsa,Gafsa,south,0.1202,0.0755,-0.0971,2.73,0.0,1.000,S2A_32SMD_20220207_0_L2A
2022-03-14,gafsa,Gafsa,south,0.1177,0.0920,-0.0990,2.86,0.0,1.000,S2B_32SMD_20220314_0_L2A
2022-04-23,gafsa,Gafsa,south,0.1373,0.1008,-0.0699,3.77,0.0,1.000,S2B_32SMD_20220423_0_L2A
2022-05-05,gafsa,Gafsa,south,0.1294,0.0679,-0.0664,2.51,0.0,0.403,S2A_32SMD_20220505_0_L2A
2022-06-12,gafsa,Gafsa,south,0.1050,0.0722,-0.1016,2.38,0.0,1.000,S2B_32SMD_20220612_0_L2A
2022-07-02,gafsa,Gafsa,south,0.1030,0.0500,-0.1083,0.76,0.0,1.000,S2B_32SND_20220702_0_L2A
2022-08-08,gafsa,Gafsa,south,0.1010,0.0617,-0.1105,1.39,0.0,0.414,S2B_32SMD_20220808_0_L2A
2022-09-12,gafsa,Gafsa,south,0.0841,0.0647,-0.1293,1.15,0.0,0.468,S2A_32SMD_20220912_0_L2A
2022-10-15,gafsa,Gafsa,south,0.1026,0.0849,-0.1171,2.81,0.0,1.000,S2A_32SMD_20221015_0_L2A
2022-11-14,gafsa,Gafsa,south,0.1164,0.0996,-0.0968,3.56,0.0,1.000,S2A_32SMD_20221114_0_L2A
2022-12-04,gafsa,Gafsa,south,0.1231,0.0876,-0.0794,3.82,0.0,1.000,S2A_32SMD_20221204_0_L2A
2023-01-08,gafsa,Gafsa,south,0.1287,0.0724,-0.0854,2.54,0.0,1.000,S2B_32SND_20230108_0_L2A
2023-02-22,gafsa,Gafsa,south,0.1127,0.0662,-0.0955,2.44,0.0,1.000,S2A_32SMD_20230222_0_L2A
2023-03-24,gafsa,Gafsa,south,0.1146,0.0853,-0.0931,2.92,0.0,1.000,S2A_32SMD_20230324_0_L2A
2023-04-08,gafsa,Gafsa,south,0.1217,0.0796,-0.0758,3.24,0.0,1.000,S2B_32SMD_20230408_0_L2A
2023-05-18,gafsa,Gafsa,south,0.1047,0.0840,-0.0931,2.64,0.0,1.000,S2B_32SMD_20230518_0_L2A
2023-06-27,gafsa,Gafsa,south,0.1131,0.0801,-0.0973,2.92,0.0,1.000,S2B_32SMD_20230627_0_L2A
2023-07-27,gafsa,Gafsa,south,0.0967,0.0530,-0.1198,0.81,0.0,1.000,S2B_32SND_20230727_0_L2A
2023-08-26,gafsa,Gafsa,south,0.1035,0.0544,-0.1281,0.86,0.0,1.000,S2B_32SND_20230826_0_L2A
2023-09-27,gafsa,Gafsa,south,0.0985,0.0639,-0.1138,1.69,0.0,0.442,S2A_32SMD_20230927_0_L2A
2023-10-27,gafsa,Gafsa,south,0.1039,0.0668,-0.1159,1.87,0.0,0.424,S2A_32SMD_20231027_0_L2A
2023-11-04,gafsa,Gafsa,south,0.1115,0.0601,-0.1058,1.66,0.0,1.000,S2B_32SND_20231104_0_L2A
2023-12-11,gafsa,Gafsa,south,0.1163,0.0845,-0.1074,2.98,0.0,0.363,S2B_32SMD_20231211_0_L2A
2024-01-20,gafsa,Gafsa,south,0.1312,0.0730,-0.0970,2.64,0.1,0.197,S2B_32SMD_20240120_0_L2A
2024-02-07,gafsa,Gafsa,south,0.1306,0.0888,-0.0801,3.51,0.0,1.000,S2A_32SMD_20240207_0_L2A
2024-03-15,gafsa,Gafsa,south,0.1180,0.0807,-0.1012,2.90,0.0,0.439,S2A_32SMD_20240315_0_L2A
2024-04-27,gafsa,Gafsa,south,0.0925,0.0497,-0.0753,1.02,0.0,1.000,S2A_32SMC_20240427_0_L2A
2024-05-19,gafsa,Gafsa,south,0.1149,0.0707,-0.0936,2.28,0.0,0.385,S2B_32SMD_20240519_0_L2A
2024-06-21,gafsa,Gafsa,south,0.1101,0.0492,-0.1000,1.23,0.0,1.000,S2B_32SND_20240621_0_L2A
2024-07-26,gafsa,Gafsa,south,0.0936,0.0535,-0.1228,1.02,0.0,1.000,S2A_32SND_20240726_0_L2A
2024-08-10,gafsa,Gafsa,south,0.0967,0.0547,-0.1209,1.16,0.0,1.000,S2B_32SND_20240810_0_L2A
2024-09-01,gafsa,Gafsa,south,,,,,0.0,,S2A_32SND_20240901_0_L2A
2024-10-11,gafsa,Gafsa,south,0.0959,0.0731,-0.1249,1.82,0.0,0.391,S2A_32SMD_20241011_0_L2A
2024-11-05,gafsa,Gafsa,south,0.1277,0.1000,-0.1029,3.28,0.0,0.372,S2B_32SMD_20241105_0_L2A
2024-12-18,gafsa,Gafsa,south,0.1539,0.0840,-0.0731,4.35,0.0,1.000,S2B_32SND_20241218_0_L2A
2025-01-04,gafsa,Gafsa,south,0.1523,0.0952,-0.0843,5.03,0.0,0.388,S2B_32SMD_20250104_0_L2A
2025-02-03,gafsa,Gafsa,south,0.1560,0.0916,-0.0694,4.80,0.0,0.403,S2B_32SMD_20250203_1_L2A
2025-03-10,gafsa,Gafsa,south,0.1889,0.1156,-0.0412,10.89,0.0,0.427,S2C_32SMD_20250310_0_L2A
2025-04-04,gafsa,Gafsa,south,0.1597,0.0931,-0.0612,4.93,0.0,1.000,S2A_32SMD_20250404_1_L2A
2025-05-27,gafsa,Gafsa,south,0.1177,0.0759,-0.1029,2.69,0.0,1.000,S2B_32SMD_20250527_0_L2A
2025-06-23,gafsa,Gafsa,south,0.1064,0.0662,-0.1177,1.56,0.0,0.401,S2B_32SMD_20250623_0_L2A
2025-07-30,gafsa,Gafsa,south,0.0922,0.0583,-0.1249,1.20,0.0,0.448,S2A_32SMD_20250730_0_L2A
2025-08-09,gafsa,Gafsa,south,0.0989,0.0600,-0.1231,1.36,0.0,0.394,S2A_32SMD_20250809_0_L2A
2025-09-14,gafsa,Gafsa,south,0.1069,0.0788,-0.1156,2.79,0.0,1.000,S2B_32SMD_20250914_0_L2A
2025-10-08,gafsa,Gafsa,south,0.1097,0.0689,-0.1137,2.04,0.0,0.429,S2A_32SMD_20251008_0_L2A
2025-11-30,gafsa,Gafsa,south,0.1324,0.0925,-0.0899,3.98,0.0,1.000,S2A_32SMD_20251130_1_L2A
2025-12-03,gafsa,Gafsa,south,0.1250,0.0862,-0.0935,3.78,0.0,1.000,S2B_32SMD_20251203_0_L2A
2026-01-17,gafsa,Gafsa,south,0.1645,0.0830,-0.0941,3.66,0.0,1.000,S2C_32SND_20260117_0_L2A
2026-02-06,gafsa,Gafsa,south,0.1528,0.0805,-0.0832,4.06,0.0,1.000,S2C_32SMD_20260206_0_L2A
2026-03-07,gafsa,Gafsa,south,0.1545,0.0841,-0.0818,3.76,0.0,0.411,S2A_32SMD_20260307_0_L2A
2026-04-07,gafsa,Gafsa,south,0.1585,0.0902,-0.0762,4.09,0.0,1.000,S2C_32SMD_20260407_0_L2A
2026-05-24,gafsa,Gafsa,south,0.1105,0.0622,-0.1130,1.74,0.0,0.412,S2C_32SMD_20260524_0_L2A
2026-06-21,gafsa,Gafsa,south,0.1088,0.0571,-0.1252,1.27,0.0,1.000,S2B_32SND_20260621_0_L2A
2026-07-08,gafsa,Gafsa,south,0.1123,0.0756,-0.1088,2.50,0.0,1.000,S2A_32SMD_20260708_1_L2A
2026-08-20,gafsa,Gafsa,south,0.0989,0.0745,-0.1240,2.33,0.0,1.000,S2B_32SMD_20260820_0_L2A
2022-01-28,tozeur,Tozeur,south,0.1095,0.1117,-0.0123,5.65,1.9,0.981,S2A_32SLC_20220128_0_L2A
2022-02-07,tozeur,Tozeur,south,0.1050,0.1069,-0.0422,5.42,0.0,1.000,S2A_32SLC_20220207_0_L2A
2022-03-04,tozeur,Tozeur,south,0.1046,0.1074,-0.0108,4.65,0.5,0.995,S2B_32SMC_20220304_0_L2A
2022-04-08,tozeur,Tozeur,south,0.0972,0.1038,-0.0231,5.47,4.0,0.960,S2A_32SLC_20220408_0_L2A
2022-05-18,tozeur,Tozeur,south,0.0815,0.1022,-0.0451,5.07,3.4,0.966,S2A_32SLC_20220518_0_L2A
2022-06-27,tozeur,Tozeur,south,0.0830,0.0874,-0.0516,4.63,1.5,0.985,S2A_32SLC_20220627_0_L2A
2022-07-17,tozeur,Tozeur,south,0.0839,0.0872,-0.0655,4.57,1.3,0.987,S2A_32SLC_20220717_0_L2A
2022-08-16,tozeur,Tozeur,south,0.0756,0.0851,-0.0789,4.43,0.0,1.000,S2A_32SLC_20220816_0_L2A
2022-09-15,tozeur,Tozeur,south,0.0779,0.0986,-0.0749,4.83,0.1,0.999,S2A_32SLC_20220915_0_L2A
2022-10-25,tozeur,Tozeur,south,0.0998,0.1069,-0.0344,5.55,0.4,0.996,S2A_32SLC_20221025_0_L2A
2022-11-14,tozeur,Tozeur,south,0.0885,0.1167,-0.0506,5.60,0.0,1.000,S2A_32SLC_20221114_0_L2A
2022-12-04,tozeur,Tozeur,south,0.0995,0.1049,-0.0371,5.66,0.0,1.000,S2A_32SLC_20221204_0_L2A
2023-01-08,tozeur,Tozeur,south,0.1093,0.1117,-0.0293,5.74,0.0,1.000,S2B_32SLC_20230108_0_L2A
2023-02-22,tozeur,Tozeur,south,0.0977,0.0896,-0.0341,5.14,0.2,0.998,S2A_32SLC_20230222_0_L2A
2023-03-29,tozeur,Tozeur,south,0.1051,0.1216,-0.0376,5.40,0.1,0.999,S2B_32SLC_20230329_0_L2A
2023-04-18,tozeur,Tozeur,south,0.0974,0.1084,-0.0545,5.18,0.3,0.997,S2B_32SLC_20230418_0_L2A
2023-05-03,tozeur,Tozeur,south,0.1019,0.0943,-0.0577,5.06,0.0,1.000,S2A_32SLC_20230503_0_L2A
2023-06-17,tozeur,Tozeur,south,0.0846,0.1012,-0.0488,5.06,3.3,0.967,S2B_32SLC_20230617_0_L2A
2023-07-22,tozeur,Tozeur,south,0.0833,0.0781,-0.0610,4.31,1.4,0.986,S2A_32SLC_20230722_0_L2A
2023-08-26,tozeur,Tozeur,south,0.0830,0.0874,-0.0830,4.65,0.2,0.998,S2B_32SLC_20230826_0_L2A
2023-09-25,tozeur,Tozeur,south,0.0851,0.1049,-0.0692,5.19,0.5,0.995,S2B_32SLC_20230925_0_L2A
2023-10-15,tozeur,Tozeur,south,0.0924,0.0917,-0.0619,5.21,0.2,0.998,S2B_32SLC_20231015_0_L2A
2023-11-19,tozeur,Tozeur,south,0.0875,0.0976,-0.0771,5.34,0.1,0.999,S2A_32SLC_20231119_0_L2A
2023-12-24,tozeur,Tozeur,south,0.1126,0.1086,-0.0335,5.82,0.0,1.000,S2B_32SLC_20231224_0_L2A
2024-01-08,tozeur,Tozeur,south,0.1063,0.1045,-0.0334,5.60,0.0,1.000,S2A_32SLC_20240108_0_L2A
2024-02-07,tozeur,Tozeur,south,0.1033,0.1008,-0.0431,5.39,0.1,0.999,S2A_32SLC_20240207_0_L2A
2024-03-13,tozeur,Tozeur,south,0.1016,0.0933,-0.0496,5.13,0.0,1.000,S2B_32SLC_20240313_0_L2A
2024-04-17,tozeur,Tozeur,south,0.0873,0.0962,-0.0326,5.04,1.8,0.982,S2A_32SLC_20240417_0_L2A
2024-05-27,tozeur,Tozeur,south,0.0889,0.0917,-0.0504,4.80,2.4,0.976,S2A_32SLC_20240527_0_L2A
2024-06-06,tozeur,Tozeur,south,0.0821,0.0888,-0.0654,4.66,3.6,0.964,S2A_32SLC_20240606_0_L2A
2024-07-31,tozeur,Tozeur,south,0.0864,0.0847,-0.0763,4.54,1.0,0.990,S2B_32SLC_20240731_0_L2A
2024-08-20,tozeur,Tozeur,south,0.0772,0.1010,-0.0883,4.81,0.9,0.991,S2B_32SLC_20240820_0_L2A
2024-09-29,tozeur,Tozeur,south,0.0731,0.1122,-0.0575,5.30,2.9,0.971,S2B_32SLC_20240929_0_L2A
2024-10-14,tozeur,Tozeur,south,0.0783,0.0938,-0.0508,5.13,1.4,0.986,S2A_32SLC_20241014_0_L2A
2024-11-23,tozeur,Tozeur,south,0.0899,0.1131,-0.0495,5.73,3.5,0.965,S2A_32SLC_20241123_0_L2A
2024-12-18,tozeur,Tozeur,south,0.1083,0.1074,-0.0283,5.80,1.5,0.985,S2B_32SLC_20241218_0_L2A
2025-01-07,tozeur,Tozeur,south,0.1059,0.1095,-0.0250,5.87,3.3,0.967,S2B_32SLC_20250107_0_L2A
2025-02-11,tozeur,Tozeur,south,0.1018,0.1145,0.0081,5.69,0.1,0.999,S2C_32SLC_20250211_0_L2A
2025-03-08,tozeur,Tozeur,south,0.0992,0.0985,-0.0007,5.53,0.1,0.999,S2B_32SLC_20250308_0_L2A
2025-04-17,tozeur,Tozeur,south,0.1089,0.0980,-0.0075,5.54,2.0,0.980,S2B_32SLC_20250417_0_L2A
2025-05-27,tozeur,Tozeur,south,0.0897,0.0914,-0.0337,5.08,3.9,0.961,S2B_32SLC_20250527_0_L2A
2025-06-23,tozeur,Tozeur,south,0.0752,0.0924,-0.0512,4.67,2.4,0.976,S2A_32SLC_20250623_0_L2A
2025-07-06,tozeur,Tozeur,south,0.0747,0.0893,-0.0510,4.52,1.1,0.989,S2B_32SLC_20250706_1_L2A
2025-08-20,tozeur,Tozeur,south,0.0842,0.0908,-0.0605,4.53,0.3,0.997,S2C_32SLC_20250820_0_L2A
2025-09-14,tozeur,Tozeur,south,0.0834,0.0897,-0.0629,4.80,0.3,0.997,S2B_32SLC_20250914_1_L2A
2025-10-31,tozeur,Tozeur,south,0.0844,0.1041,-0.0474,5.41,0.7,0.993,S2A_32SLC_20251031_0_L2A
2025-11-23,tozeur,Tozeur,south,0.1098,0.1037,-0.0091,5.81,0.6,0.994,S2B_32SLC_20251123_0_L2A
2025-12-28,tozeur,Tozeur,south,0.1067,0.1069,-0.0272,5.69,0.0,1.000,S2C_32SLC_20251228_0_L2A
2026-01-09,tozeur,Tozeur,south,0.1160,0.1111,-0.0103,5.77,0.0,1.000,S2A_32SLC_20260109_0_L2A
2026-02-26,tozeur,Tozeur,south,0.1214,0.1123,-0.0187,5.78,4.8,0.952,S2C_32SLC_20260226_0_L2A
2026-03-18,tozeur,Tozeur,south,0.1089,0.0997,-0.0395,5.31,0.0,1.000,S2C_32SLC_20260318_0_L2A
2026-04-07,tozeur,Tozeur,south,0.1084,0.0920,-0.0411,5.11,0.0,1.000,S2C_32SLC_20260407_0_L2A
2026-05-22,tozeur,Tozeur,south,0.0960,0.0836,-0.0529,4.66,0.5,0.995,S2B_32SLC_20260522_0_L2A
2026-06-01,tozeur,Tozeur,south,0.0871,0.0928,-0.0701,4.55,0.0,1.000,S2B_32SLC_20260601_0_L2A
2026-07-28,tozeur,Tozeur,south,0.0762,0.0891,-0.0730,4.11,0.0,1.000,S2A_32SLC_20260728_0_L2A
2026-08-20,tozeur,Tozeur,south,0.0783,0.0831,-0.0764,4.22,0.3,0.997,S2B_32SLC_20260820_0_L2A
2022-01-30,kebili,Kebili,south,0.0946,0.0674,-0.0357,2.15,0.8,0.992,S2B_32SNC_20220130_0_L2A
2022-02-07,kebili,Kebili,south,0.1361,0.1231,-0.0093,7.68,1.7,0.983,S2A_32SMC_20220207_0_L2A
2022-03-04,kebili,Kebili,south,0.0956,0.0697,-0.0455,2.13,0.2,0.998,S2B_32SNC_20220304_0_L2A
2022-04-18,kebili,Kebili,south,0.0991,0.0581,-0.0430,1.93,0.2,0.998,S2A_32SNC_20220418_0_L2A
2022-05-15,kebili,Kebili,south,0.0854,0.0628,-0.0544,1.88,0.1,0.999,S2A_32SNC_20220515_0_L2A
2022-06-14,kebili,Kebili,south,0.0734,0.0530,-0.0681,1.55,0.6,0.994,S2A_32SNC_20220614_0_L2A
2022-07-19,kebili,Kebili,south,0.0809,0.0501,-0.0665,1.54,0.4,0.996,S2B_32SNC_20220719_0_L2A
2022-08-13,kebili,Kebili,south,0.0693,0.0525,-0.0772,1.49,0.1,0.999,S2A_32SNC_20220813_0_L2A
2022-09-12,kebili,Kebili,south,0.0584,0.0594,-0.0865,1.60,0.1,0.999,S2A_32SNC_20220912_0_L2A
2022-10-02,kebili,Kebili,south,0.0788,0.0644,-0.0579,1.90,0.2,0.998,S2A_32SNC_20221002_0_L2A
2022-11-21,kebili,Kebili,south,0.1310,0.1476,-0.0005,9.93,0.1,0.999,S2A_32SMC_20221121_0_L2A
2022-12-21,kebili,Kebili,south,0.0850,0.0736,-0.0522,2.33,0.3,0.997,S2A_32SNC_20221221_0_L2A
2023-01-08,kebili,Kebili,south,0.0993,0.0760,-0.0532,2.67,0.0,1.000,S2B_32SNC_20230108_0_L2A
2023-02-22,kebili,Kebili,south,0.1143,0.1146,0.0156,7.30,0.1,0.999,S2A_32SMC_20230222_0_L2A
2023-03-26,kebili,Kebili,south,0.0992,0.0637,-0.0372,2.02,0.0,1.000,S2B_32SNC_20230326_0_L2A
2023-04-10,kebili,Kebili,south,0.0895,0.0612,-0.0511,1.91,0.1,0.999,S2A_32SNC_20230410_0_L2A
2023-05-03,kebili,Kebili,south,0.0907,0.0610,-0.0478,1.88,0.1,0.999,S2A_32SNC_20230503_0_L2A
2023-06-17,kebili,Kebili,south,0.0824,0.0660,-0.0559,1.83,0.0,1.000,S2B_32SNC_20230617_0_L2A
2023-07-04,kebili,Kebili,south,0.0772,0.0566,-0.0646,1.66,0.6,0.994,S2B_32SNC_20230704_0_L2A
2023-08-26,kebili,Kebili,south,0.0770,0.0611,-0.0712,1.74,0.1,0.999,S2B_32SNC_20230826_0_L2A
2023-09-07,kebili,Kebili,south,0.0755,0.0577,-0.0598,1.68,0.3,0.997,S2A_32SNC_20230907_0_L2A
2023-10-05,kebili,Kebili,south,0.0780,0.0607,-0.0588,1.84,0.0,1.000,S2B_32SNC_20231005_0_L2A
2023-11-26,kebili,Kebili,south,0.0938,0.0682,-0.0341,2.27,0.0,1.000,S2A_32SNC_20231126_0_L2A
2023-12-14,kebili,Kebili,south,0.0930,0.0801,-0.0600,2.77,0.0,1.000,S2B_32SNC_20231214_1_L2A
2024-01-25,kebili,Kebili,south,0.0926,0.0661,-0.0391,2.13,0.5,0.995,S2A_32SNC_20240125_0_L2A
2024-02-04,kebili,Kebili,south,0.0896,0.0638,-0.0484,2.10,0.1,0.999,S2A_32SNC_20240204_0_L2A
2024-03-10,kebili,Kebili,south,0.1015,0.0650,-0.0295,2.11,0.1,0.999,S2B_32SNC_20240310_0_L2A
2024-04-17,kebili,Kebili,south,0.0849,0.0587,-0.0639,1.77,0.0,1.000,S2A_32SNC_20240417_0_L2A
2024-05-02,kebili,Kebili,south,0.0912,0.0594,-0.0445,1.86,0.1,0.999,S2B_32SNC_20240502_0_L2A
2024-06-06,kebili,Kebili,south,0.0798,0.0584,-0.0605,1.64,0.2,0.998,S2A_32SNC_20240606_0_L2A
2024-07-03,kebili,Kebili,south,0.0738,0.0530,-0.0662,1.51,0.2,0.998,S2A_32SNC_20240703_0_L2A
2024-08-25,kebili,Kebili,south,0.0717,0.0546,-0.0764,1.54,0.1,0.999,S2A_32SNC_20240825_0_L2A
2024-09-01,kebili,Kebili,south,,,,,0.0,,S2A_32SNC_20240901_0_L2A
2024-10-01,kebili,Kebili,south,0.0657,0.0608,-0.0763,1.71,0.2,0.998,S2A_32SNC_20241001_0_L2A
2024-11-30,kebili,Kebili,south,0.0967,0.0652,-0.0442,2.19,0.0,1.000,S2A_32SNC_20241130_0_L2A
2024-12-18,kebili,Kebili,south,0.1075,0.0700,-0.0312,2.39,0.0,1.000,S2B_32SNC_20241218_0_L2A
2025-01-07,kebili,Kebili,south,0.1054,0.0732,-0.0302,2.55,0.0,1.000,S2B_32SNC_20250107_0_L2A
2025-02-13,kebili,Kebili,south,0.1464,0.1500,0.0455,10.59,0.2,0.998,S2B_32SMC_20250213_0_L2A
2025-03-08,kebili,Kebili,south,0.1091,0.0699,-0.0459,2.41,0.0,1.000,S2B_32SNC_20250308_0_L2A
2025-04-09,kebili,Kebili,south,0.1007,0.0578,-0.0437,1.95,0.4,0.996,S2C_32SNC_20250409_0_L2A
2025-05-31,kebili,Kebili,south,0.0832,0.0542,-0.0554,1.61,0.2,0.998,S2A_32SNC_20250531_0_L2A
2025-06-03,kebili,Kebili,south,0.0932,0.0552,-0.0426,1.74,0.2,0.998,S2B_32SNC_20250603_0_L2A
2025-07-18,kebili,Kebili,south,0.0843,0.0502,-0.0584,1.48,0.4,0.996,S2C_32SNC_20250718_0_L2A
2025-08-17,kebili,Kebili,south,0.0758,0.0531,-0.0765,1.51,0.0,1.000,S2C_32SNC_20250817_0_L2A
2025-09-01,kebili,Kebili,south,0.0815,0.0496,-0.0708,1.51,0.0,1.000,S2B_32SNC_20250901_0_L2A
2025-10-24,kebili,Kebili,south,0.0808,0.0653,-0.0721,2.01,0.0,1.000,S2B_32SNC_20251024_0_L2A
2025-11-30,kebili,Kebili,south,0.1024,0.0666,-0.0411,2.30,0.0,1.000,S2B_32SNC_20251130_0_L2A
2025-12-30,kebili,Kebili,south,0.0971,0.0683,-0.0434,2.30,0.0,1.000,S2B_32SNC_20251230_1_L2A
2026-01-09,kebili,Kebili,south,0.1071,0.0698,-0.0405,2.32,0.1,0.999,S2A_32SNC_20260109_0_L2A
2026-02-23,kebili,Kebili,south,0.1022,0.0593,-0.0457,1.98,0.7,0.993,S2C_32SNC_20260223_0_L2A
2026-03-25,kebili,Kebili,south,0.1022,0.0578,-0.0408,1.92,0.0,1.000,S2C_32SNC_20260325_0_L2A
2026-04-12,kebili,Kebili,south,0.0943,0.0345,-0.0523,0.86,0.1,0.999,S2B_32SNC_20260412_1_L2A
2026-05-19,kebili,Kebili,south,0.0901,0.0511,-0.0521,1.57,0.2,0.998,S2B_32SNC_20260519_0_L2A
2026-06-23,kebili,Kebili,south,0.0784,0.0495,-0.0692,1.41,0.4,0.996,S2C_32SNC_20260623_0_L2A
2026-07-08,kebili,Kebili,south,0.0742,0.0532,-0.0751,1.48,0.6,0.994,S2B_32SNC_20260708_0_L2A
2026-08-12,kebili,Kebili,south,0.0789,0.0520,-0.0662,1.48,0.6,0.994,S2C_32SNC_20260812_0_L2A
2026-09-13,tunis,Tunis,north,0.1622,0.1353,-0.0752,5.87,0.0,1.000,S2B_32SNF_20260909_0_L2A
2026-09-13,ariana,Ariana,north,,,,,41.2,,S2C_32SNG_20260911_0_L2A
2026-09-13,ben-arous,Ben Arous,north,0.1896,0.1377,-0.1284,5.32,0.0,1.000,S2B_32SNF_20260909_0_L2A
2026-09-13,manouba,Manouba,north,0.1767,0.1120,-0.1362,3.95,0.0,1.000,S2B_32SNF_20260909_0_L2A
2026-09-13,nabeul,Nabeul,cap-bon,0.2968,0.1738,-0.0814,18.32,4.6,0.954,S2B_32SPF_20260906_0_L2A
2026-09-13,zaghouan,Zaghouan,north,0.2296,0.1462,-0.1275,10.03,0.0,1.000,S2B_32SNF_20260909_0_L2A
2026-09-13,bizerte,Bizerte,north,0.1519,0.0800,-0.1171,2.58,19.0,0.551,S2C_32SNG_20260911_0_L2A
2026-09-13,beja,Béja,north,0.2351,0.1602,-0.0825,12.03,0.0,1.000,S2B_32SMF_20260909_0_L2A
2026-09-13,jendouba,Jendouba,north,0.2810,0.2098,-0.0719,18.61,0.0,1.000,S2B_32SMF_20260909_0_L2A
2026-09-13,kef,Le Kef,north,0.1610,0.0726,-0.1394,1.26,0.0,1.000,S2B_32SME_20260909_0_L2A
2026-09-13,siliana,Siliana,centre-west,0.1421,0.0819,-0.1651,1.77,0.3,0.997,S2B_32SNE_20260909_0_L2A
2026-09-13,sousse,Sousse,sahel,0.1552,0.0814,-0.1474,1.10,0.1,0.999,S2B_32SPE_20260906_0_L2A
2026-09-13,monastir,Monastir,sahel,0.1599,0.0858,-0.1265,1.37,0.0,1.000,S2B_32SPE_20260906_0_L2A
2026-09-13,mahdia,Mahdia,sahel,0.1489,0.0526,-0.1524,0.20,0.2,0.998,S2B_32SPE_20260906_0_L2A
2026-09-13,sfax,Sfax,sahel,0.1004,0.0459,-0.1471,0.26,19.8,0.802,S2C_32SPD_20260911_0_L2A
2026-09-13,kairouan,Kairouan,centre-west,0.1523,0.1225,-0.1326,6.23,0.2,0.998,S2B_32SNE_20260909_0_L2A
2026-09-13,kasserine,Kasserine,centre-west,0.1435,0.0823,-0.1418,2.24,2.2,0.978,S2B_32SMD_20260909_0_L2A
2026-09-13,sidi-bouzid,Sidi Bouzid,centre-west,0.1313,0.0945,-0.1351,3.19,9.0,0.910,S2C_32SND_20260911_0_L2A
2026-09-13,gabes,Gabès,south,0.0852,0.0862,-0.1134,2.06,10.0,0.900,S2C_32SNC_20260911_0_L2A
2026-09-13,medenine,Medenine,south,0.0792,0.0261,-0.1398,0.07,0.0,1.000,S2C_32SPB_20260911_0_L2A
2026-09-13,tataouine,Tataouine,south,0.0857,0.0132,-0.1362,0.00,2.6,0.974,S2C_32SNB_20260911_0_L2A
2026-09-13,gafsa,Gafsa,south,0.0701,0.0333,-0.1243,0.24,0.0,1.000,S2C_32SNC_20260911_0_L2A
2026-09-13,tozeur,Tozeur,south,0.0765,0.0841,-0.0810,4.29,0.2,0.998,S2B_32SLC_20260909_1_L2A
2026-09-13,kebili,Kebili,south,0.0635,0.0467,-0.0811,1.06,29.6,0.704,S2C_32SNC_20260911_0_L2A
2017-03-02,tunis,Tunis,north,0.2854,0.2358,0.0352,33.36,7.8,0.922,S2A_32SNF_20170302_0_L2A
2017-04-14,tunis,Tunis,north,0.2545,0.1936,0.0003,26.21,7.2,0.928,S2A_32SNF_20170414_0_L2A
2017-05-04,tunis,Tunis,north,0.2069,0.1529,-0.0444,13.63,16.6,0.834,S2A_32SNF_20170504_0_L2A
2017-06-20,tunis,Tunis,north,0.1845,0.1529,-0.0461,9.59,9.0,0.910,S2A_MSIL2A_20170620T100031_R122_T32SPF_20210210T002336
2017-07-18,tunis,Tunis,north,0.1730,0.1498,-0.0330,8.56,2.8,0.972,S2B_32SNF_20170718_0_L2A
2017-08-27,tunis,Tunis,north,0.1470,0.1010,-0.0969,3.66,6.9,0.931,S2B_32SNF_20170827_0_L2A
2017-09-01,tunis,Tunis,north,0.1206,0.0656,-0.0813,1.45,21.1,0.789,S2A_32SPF_20170901_0_L2A
2017-10-16,tunis,Tunis,north,0.1950,0.1481,-0.0636,9.86,16.6,0.834,S2B_32SNF_20171016_0_L2A
2017-11-22,tunis,Tunis,north,0.3276,0.2119,0.0217,37.86,26.4,0.591,S2B_32SNF_20171122_0_L2A
2017-12-15,tunis,Tunis,north,0.3253,0.2182,0.0192,38.37,22.7,0.641,S2B_32SNF_20171215_0_L2A
2018-01-24,tunis,Tunis,north,,,,,51.9,,S2B_32SNF_20180124_0_L2A
2018-02-28,tunis,Tunis,north,0.2956,0.2438,0.0551,33.87,0.5,0.995,S2A_MSIL2A_20180228T101021_R022_T32SPF_20201014T015113
2018-03-30,tunis,Tunis,north,0.3246,0.2212,0.0663,42.32,17.9,0.821,S2A_32SPF_20180330_0_L2A
2018-04-24,tunis,Tunis,north,0.2507,0.1751,-0.0149,23.23,13.0,0.870,S2B_32SNF_20180424_0_L2A
2018-05-24,tunis,Tunis,north,0.1936,0.1459,-0.0756,7.18,12.7,0.873,S2B_32SNF_20180524_0_L2A
2018-06-05,tunis,Tunis,north,0.1644,0.1318,-0.0617,6.40,0.1,0.999,S2A_32SPF_20180605_1_L2A
2018-07-18,tunis,Tunis,north,0.1402,0.1032,-0.0704,3.44,1.3,0.987,S2A_32SNF_20180718_1_L2A
2018-08-14,tunis,Tunis,north,0.1577,0.1343,-0.0799,5.97,0.1,0.999,S2A_32SPF_20180814_1_L2A
2018-09-01,tunis,Tunis,north,0.1754,0.1547,-0.0739,7.93,0.0,1.000,S2B_32SPF_20180901_1_L2A
2018-10-26,tunis,Tunis,north,0.2561,0.2106,0.0126,26.28,0.0,1.000,S2A_32SNF_20181026_1_L2A
2018-11-05,tunis,Tunis,north,0.2863,0.2286,0.0458,33.00,2.1,0.979,S2A_32SNF_20181105_0_L2A
2018-12-27,tunis,Tunis,north,0.2994,0.2352,0.0556,33.34,1.8,0.982,S2B_32SNF_20181227_0_L2A
2019-01-16,tunis,Tunis,north,0.2980,0.2224,0.0625,35.07,2.8,0.972,S2B_32SPF_20190116_0_L2A
2019-02-10,tunis,Tunis,north,0.3210,0.2440,0.0833,38.95,7.4,0.926,S2A_32SPF_20190210_0_L2A
2019-03-30,tunis,Tunis,north,0.2786,0.2136,0.0425,31.48,0.0,1.000,S2B_32SPF_20190330_1_L2A
2019-04-16,tunis,Tunis,north,0.2559,0.2052,0.0211,28.43,0.1,0.999,S2B_32SPF_20190416_1_L2A
2019-05-11,tunis,Tunis,north,0.2077,0.1642,-0.0148,15.99,38.7,0.541,S2A_32SPF_20190511_0_L2A
2019-06-05,tunis,Tunis,north,0.1690,0.1212,-0.0558,6.51,0.0,1.000,S2B_32SNF_20190605_1_L2A
2019-07-25,tunis,Tunis,north,0.1442,0.1135,-0.0785,4.61,0.0,1.000,S2B_32SNF_20190725_1_L2A
2019-08-17,tunis,Tunis,north,0.1494,0.1312,-0.0804,4.90,0.0,1.000,S2B_32SNF_20190817_1_L2A
2019-09-28,tunis,Tunis,north,0.2028,0.1764,-0.0418,12.91,0.0,1.000,S2A_32SNF_20190928_1_L2A
2019-10-01,tunis,Tunis,north,0.2055,0.1683,-0.0358,12.96,0.0,1.000,S2A_32SNF_20191001_1_L2A
2019-11-20,tunis,Tunis,north,0.3001,0.2373,0.0487,33.67,0.0,1.000,S2A_32SPF_20191120_1_L2A
2019-12-25,tunis,Tunis,north,0.2934,0.2434,0.0392,32.21,0.0,1.000,S2B_32SNF_20191225_1_L2A
2020-01-19,tunis,Tunis,north,0.2988,0.2386,0.0472,33.57,0.0,1.000,S2A_32SNF_20200119_1_L2A
2020-02-25,tunis,Tunis,north,0.2772,0.2209,0.0392,30.93,0.1,0.999,S2A_32SPF_20200225_1_L2A
2020-03-01,tunis,Tunis,north,0.2577,0.1988,0.0386,28.52,4.2,0.958,S2B_32SPF_20200301_1_L2A
2020-04-05,tunis,Tunis,north,,,,,41.2,,S2A_32SPF_20200405_0_L2A
2020-05-23,tunis,Tunis,north,0.2078,0.1559,-0.0279,12.97,0.0,1.000,S2B_32SNF_20200523_1_L2A
2020-06-29,tunis,Tunis,north,0.1584,0.1256,-0.0583,6.88,0.0,1.000,S2B_32SNF_20200629_1_L2A
2020-07-29,tunis,Tunis,north,0.1626,0.1213,-0.0556,6.66,0.0,1.000,S2B_32SNF_20200729_1_L2A
2020-08-28,tunis,Tunis,north,0.1608,0.1244,-0.0513,6.96,0.0,1.000,S2B_32SNF_20200828_1_L2A
2020-09-30,tunis,Tunis,north,0.1975,0.1466,-0.0380,12.47,0.0,1.000,S2B_32SPF_20200930_1_L2A
2020-10-02,tunis,Tunis,north,0.1998,0.1637,-0.0442,11.75,0.0,1.000,S2A_32SNF_20201002_1_L2A
2020-11-09,tunis,Tunis,north,0.1928,0.1409,-0.0224,12.52,0.0,1.000,S2B_32SPF_20201109_1_L2A
2020-12-24,tunis,Tunis,north,0.2811,0.2217,0.0286,30.21,0.0,1.000,S2A_32SNF_20201224_3_L2A
2021-01-20,tunis,Tunis,north,0.2891,0.2286,0.0437,31.76,0.1,0.999,S2A_32SNF_20210120_1_L2A
2021-02-17,tunis,Tunis,north,0.3139,0.2436,0.0614,35.97,0.0,1.000,S2B_32SPF_20210217_1_L2A
2021-03-26,tunis,Tunis,north,0.2779,0.2237,0.0472,31.56,0.0,1.000,S2B_32SNF_20210326_1_L2A
2021-04-25,tunis,Tunis,north,0.2752,0.2177,0.0373,31.09,0.0,1.000,S2B_32SPF_20210425_1_L2A
2021-05-08,tunis,Tunis,north,0.2450,0.2092,-0.0116,22.38,1.3,0.987,S2B_32SNF_20210508_1_L2A
2021-06-14,tunis,Tunis,north,0.1837,0.1346,-0.0378,9.15,0.0,1.000,S2B_32SNF_20210614_1_L2A
2021-07-24,tunis,Tunis,north,0.1701,0.1264,-0.0382,8.04,0.0,1.000,S2B_32SNF_20210724_1_L2A
2021-08-06,tunis,Tunis,north,0.1709,0.1527,-0.0569,8.15,0.0,1.000,S2B_32SNF_20210806_1_L2A
2021-09-25,tunis,Tunis,north,0.1329,0.0712,-0.0385,3.33,1.9,0.981,S2B_32SNF_20210925_1_L2A
2021-10-17,tunis,Tunis,north,0.1595,0.1376,-0.0611,6.03,12.8,0.872,S2A_32SNF_20211017_0_L2A
2021-11-14,tunis,Tunis,north,0.2641,0.2089,0.0067,23.30,0.0,1.000,S2B_32SPF_20211114_1_L2A
2021-12-14,tunis,Tunis,north,0.2868,0.2319,0.0286,30.05,0.0,1.000,S2B_32SNF_20211214_1_L2A
2017-03-02,ariana,Ariana,north,0.5252,0.2559,0.1870,73.46,1.6,0.886,S2A_32SPG_20170302_0_L2A
2017-04-14,ariana,Ariana,north,0.3929,0.2094,0.0316,46.82,0.5,0.974,S2A_32SPG_20170414_0_L2A
2017-05-04,ariana,Ariana,north,0.2722,0.1482,-0.0462,18.77,5.5,0.945,S2A_32SNF_20170504_0_L2A
2017-06-20,ariana,Ariana,north,0.1452,0.0724,-0.1386,0.82,0.8,0.965,S2A_MSIL2A_20170620T100031_R122_T32SPG_20210210T002335
2017-07-05,ariana,Ariana,north,0.1520,0.0756,-0.1254,1.26,1.1,0.989,S2B_32SNG_20170705_0_L2A
2017-08-27,ariana,Ariana,north,0.1405,0.0651,-0.1638,0.85,0.1,0.990,S2B_32SPG_20170827_0_L2A
2017-09-06,ariana,Ariana,north,0.1268,0.0685,-0.1687,0.84,0.5,0.974,S2B_32SPG_20170906_0_L2A
2017-10-16,ariana,Ariana,north,0.1547,0.0688,-0.1729,0.56,0.2,0.986,S2B_32SPG_20171016_0_L2A
2017-11-22,ariana,Ariana,north,0.3133,0.1851,-0.0341,26.62,8.8,0.912,S2B_32SNF_20171122_0_L2A
2017-12-15,ariana,Ariana,north,0.3639,0.2143,-0.0017,37.10,7.8,0.922,S2B_32SNF_20171215_0_L2A
2018-01-24,ariana,Ariana,north,0.5602,0.2523,0.1966,75.43,5.7,0.943,S2B_32SNG_20180124_0_L2A
2018-02-28,ariana,Ariana,north,0.4248,0.2898,0.1586,53.50,0.3,0.997,S2A_MSIL2A_20180228T101021_R022_T32SPF_20201014T015113
2018-03-30,ariana,Ariana,north,0.6271,0.2555,0.2893,83.47,1.7,0.983,S2A_32SNG_20180330_0_L2A
2018-04-24,ariana,Ariana,north,0.3630,0.1800,0.0271,46.00,0.6,0.959,S2B_32SPG_20180424_0_L2A
2018-05-14,ariana,Ariana,north,0.2124,0.0973,-0.1004,3.65,1.6,0.934,S2B_32SPG_20180514_0_L2A
2018-06-10,ariana,Ariana,north,0.1474,0.0720,-0.1501,0.89,0.0,1.000,S2B_32SPG_20180610_1_L2A
2018-07-18,ariana,Ariana,north,0.1639,0.0958,-0.1128,2.40,0.0,1.000,S2A_32SNF_20180718_1_L2A
2018-08-14,ariana,Ariana,north,0.1665,0.1286,-0.1108,5.82,0.0,1.000,S2A_32SPF_20180814_1_L2A
2018-09-01,ariana,Ariana,north,0.1258,0.0729,-0.1932,0.83,0.0,1.000,S2B_32SPG_20180901_1_L2A
2018-10-26,ariana,Ariana,north,0.3070,0.2017,-0.0129,28.05,0.0,1.000,S2A_32SNF_20181026_1_L2A
2018-11-20,ariana,Ariana,north,0.3451,0.1935,-0.0481,26.60,1.3,0.870,S2B_32SPG_20181120_0_L2A
2018-12-27,ariana,Ariana,north,0.4809,0.2517,0.1368,62.39,1.7,0.983,S2B_32SNF_20181227_0_L2A
2019-01-16,ariana,Ariana,north,0.5199,0.2276,0.1785,73.77,2.9,0.705,S2B_32SPG_20190116_0_L2A
2019-02-10,ariana,Ariana,north,0.5538,0.2541,0.2631,77.31,3.6,0.667,S2A_32SPG_20190210_0_L2A
2019-03-30,ariana,Ariana,north,0.4449,0.2309,0.1489,63.94,0.0,0.987,S2B_32SPG_20190330_1_L2A
2019-04-16,ariana,Ariana,north,0.3416,0.2253,0.0680,44.14,0.1,0.999,S2B_32SPF_20190416_1_L2A
2019-05-31,ariana,Ariana,north,0.1524,0.0769,-0.1278,1.59,24.2,0.341,S2A_32SPG_20190531_0_L2A
2019-06-05,ariana,Ariana,north,0.2001,0.1198,-0.0999,6.22,0.0,1.000,S2B_32SNF_20190605_1_L2A
2019-07-25,ariana,Ariana,north,0.1347,0.0671,-0.1660,0.69,0.0,0.998,S2B_32SPG_20190725_1_L2A
2019-08-17,ariana,Ariana,north,0.1720,0.1197,-0.1245,3.94,0.0,1.000,S2B_32SNF_20190817_1_L2A
2019-09-28,ariana,Ariana,north,0.2386,0.1651,-0.0899,11.52,0.0,1.000,S2A_32SNF_20190928_1_L2A
2019-10-01,ariana,Ariana,north,0.2411,0.1595,-0.0862,11.38,0.0,1.000,S2A_32SNF_20191001_1_L2A
2019-11-20,ariana,Ariana,north,0.3449,0.2296,0.0802,42.48,0.0,1.000,S2A_32SPF_20191120_1_L2A
2019-12-25,ariana,Ariana,north,0.4324,0.2427,0.1009,55.27,0.0,1.000,S2B_32SNF_20191225_1_L2A
2020-01-19,ariana,Ariana,north,0.4759,0.2539,0.1381,63.82,0.0,1.000,S2A_32SNF_20200119_1_L2A
2020-02-25,ariana,Ariana,north,0.5263,0.2775,0.1717,67.42,0.0,1.000,S2A_32SNG_20200225_1_L2A
2020-03-01,ariana,Ariana,north,0.3233,0.2125,0.0968,41.78,10.7,0.893,S2B_32SPF_20200301_1_L2A
2020-04-10,ariana,Ariana,north,0.3844,0.2141,0.1188,54.48,3.4,0.909,S2B_32SPG_20200410_1_L2A
2020-05-23,ariana,Ariana,north,0.2583,0.1456,-0.0473,15.45,0.3,0.997,S2B_32SNF_20200523_1_L2A
2020-06-24,ariana,Ariana,north,0.1557,0.0750,-0.1300,1.09,0.0,0.998,S2A_32SPG_20200624_1_L2A
2020-07-29,ariana,Ariana,north,0.1509,0.0748,-0.1364,1.17,0.0,0.997,S2B_32SPG_20200729_1_L2A
2020-08-28,ariana,Ariana,north,,,,,0.0,,S2B_32SNG_20200828_1_L2A
2020-09-30,ariana,Ariana,north,0.2024,0.1411,-0.0738,11.40,0.0,1.000,S2B_32SPF_20200930_1_L2A
2020-10-02,ariana,Ariana,north,0.2182,0.1505,-0.1034,8.92,0.0,1.000,S2A_32SNF_20201002_1_L2A
2020-11-26,ariana,Ariana,north,0.1964,0.1092,-0.0545,6.64,0.0,1.000,S2B_32SNG_20201126_1_L2A
2020-12-24,ariana,Ariana,north,0.3533,0.1706,0.0235,38.54,0.0,0.881,S2A_32SNG_20201224_3_L2A
2021-01-20,ariana,Ariana,north,0.4411,0.2095,0.0886,62.17,0.0,1.000,S2A_32SNG_20210120_1_L2A
2021-02-17,ariana,Ariana,north,0.4826,0.2519,0.1878,69.97,0.0,0.987,S2B_32SPG_20210217_1_L2A
2021-03-26,ariana,Ariana,north,0.6139,0.2841,0.3172,79.71,0.0,1.000,S2B_32SNG_20210326_1_L2A
2021-04-25,ariana,Ariana,north,0.4363,0.2356,0.2445,64.11,0.0,0.952,S2B_32SPG_20210425_1_L2A
2021-05-10,ariana,Ariana,north,0.3231,0.1685,0.0140,36.45,0.0,0.985,S2A_32SPG_20210510_1_L2A
2021-06-14,ariana,Ariana,north,0.1824,0.0794,-0.1127,1.79,0.0,0.997,S2B_32SPG_20210614_1_L2A
2021-07-24,ariana,Ariana,north,0.1864,0.1005,-0.0793,4.96,0.0,1.000,S2B_32SNF_20210724_1_L2A
2021-08-06,ariana,Ariana,north,0.1826,0.1199,-0.1086,4.21,0.0,1.000,S2B_32SNF_20210806_1_L2A
2021-09-25,ariana,Ariana,north,0.1292,0.0412,-0.1175,0.23,0.3,0.997,S2B_32SPG_20210925_2_L2A
2021-10-20,ariana,Ariana,north,0.1584,0.0762,-0.1856,0.64,0.4,0.968,S2A_32SPG_20211020_0_L2A
2021-11-14,ariana,Ariana,north,0.2805,0.1998,-0.0029,23.33,0.0,1.000,S2B_32SPF_20211114_1_L2A
2021-12-14,ariana,Ariana,north,0.3786,0.2299,0.0642,44.21,0.0,1.000,S2B_32SNF_20211214_1_L2A
2017-03-02,ben-arous,Ben Arous,north,0.5761,0.2662,0.2060,73.30,2.0,0.980,S2A_32SNF_20170302_0_L2A
2017-04-14,ben-arous,Ben Arous,north,0.4586,0.2214,0.0792,56.33,1.5,0.985,S2A_32SNF_20170414_0_L2A
2017-05-04,ben-arous,Ben Arous,north,0.2753,0.1334,-0.0625,14.57,2.8,0.972,S2A_32SNF_20170504_0_L2A
2017-06-20,ben-arous,Ben Arous,north,0.2473,0.1671,-0.0833,14.93,2.8,0.972,S2A_MSIL2A_20170620T100031_R122_T32SPF_20210210T002336
2017-07-18,ben-arous,Ben Arous,north,0.1825,0.1276,-0.1075,5.57,0.6,0.994,S2B_32SNF_20170718_0_L2A
2017-08-27,ben-arous,Ben Arous,north,0.1708,0.1072,-0.1366,4.46,1.1,0.989,S2B_32SNF_20170827_0_L2A
2017-09-01,ben-arous,Ben Arous,north,0.1779,0.0910,-0.0870,9.12,2.7,0.973,S2A_32SPF_20170901_0_L2A
2017-10-16,ben-arous,Ben Arous,north,0.2005,0.1338,-0.1514,5.61,2.2,0.978,S2B_32SNF_20171016_0_L2A
2017-11-22,ben-arous,Ben Arous,north,0.3276,0.1875,-0.0606,25.19,4.4,0.956,S2B_32SNF_20171122_0_L2A
2017-12-15,ben-arous,Ben Arous,north,0.3566,0.1889,-0.0373,30.02,3.7,0.963,S2B_32SNF_20171215_0_L2A
2018-01-24,ben-arous,Ben Arous,north,,,,,41.2,,S2B_32SNF_20180124_0_L2A
2018-02-28,ben-arous,Ben Arous,north,0.5106,0.2458,0.1181,64.19,0.2,0.998,S2A_MSIL2A_20180228T101021_R022_T32SPF_20201014T015113
2018-03-30,ben-arous,Ben Arous,north,0.4590,0.2077,0.0716,58.37,3.4,0.966,S2A_32SPF_20180330_0_L2A
2018-04-24,ben-arous,Ben Arous,north,0.2801,0.1360,-0.0912,8.81,2.5,0.975,S2B_32SNF_20180424_0_L2A
2018-05-24,ben-arous,Ben Arous,north,0.2086,0.1312,-0.1616,4.40,2.1,0.979,S2B_32SNF_20180524_0_L2A
2018-06-05,ben-arous,Ben Arous,north,0.2315,0.1538,-0.1152,11.23,0.0,1.000,S2A_32SPF_20180605_1_L2A
2018-07-18,ben-arous,Ben Arous,north,0.1612,0.1006,-0.1327,3.60,0.1,0.999,S2A_32SNF_20180718_1_L2A
2018-08-14,ben-arous,Ben Arous,north,0.2239,0.1643,-0.1250,11.79,0.0,1.000,S2A_32SPF_20180814_1_L2A
2018-09-01,ben-arous,Ben Arous,north,0.2722,0.1951,-0.1019,17.49,0.0,1.000,S2B_32SPF_20180901_1_L2A
2018-10-26,ben-arous,Ben Arous,north,0.2968,0.1905,-0.0530,21.87,0.0,1.000,S2A_32SNF_20181026_1_L2A
2018-11-05,ben-arous,Ben Arous,north,0.3529,0.2133,-0.0117,34.65,0.7,0.993,S2A_32SNF_20181105_0_L2A
2018-12-27,ben-arous,Ben Arous,north,0.5133,0.2474,0.1291,64.01,0.8,0.992,S2B_32SNF_20181227_0_L2A
2019-01-16,ben-arous,Ben Arous,north,0.5225,0.2303,0.1323,68.01,1.6,0.984,S2B_32SPF_20190116_0_L2A
2019-02-10,ben-arous,Ben Arous,north,0.5496,0.2484,0.1858,73.41,1.7,0.983,S2A_32SPF_20190210_0_L2A
2019-03-30,ben-arous,Ben Arous,north,0.4775,0.2400,0.1170,61.57,0.0,1.000,S2B_32SPF_20190330_1_L2A
2019-04-16,ben-arous,Ben Arous,north,0.4478,0.2273,0.0859,58.42,0.0,1.000,S2B_32SPF_20190416_1_L2A
2019-05-11,ben-arous,Ben Arous,north,0.3171,0.1652,-0.0253,27.60,6.1,0.939,S2A_32SPF_20190511_0_L2A
2019-06-05,ben-arous,Ben Arous,north,0.2223,0.1284,-0.1074,6.99,0.0,1.000,S2B_32SNF_20190605_1_L2A
2019-07-25,ben-arous,Ben Arous,north,0.1743,0.1148,-0.1332,4.63,0.0,1.000,S2B_32SNF_20190725_1_L2A
2019-08-17,ben-arous,Ben Arous,north,0.1828,0.1325,-0.1251,5.37,0.0,1.000,S2B_32SNF_20190817_1_L2A
2019-09-28,ben-arous,Ben Arous,north,0.2744,0.1904,-0.0895,15.25,0.2,0.998,S2A_32SNF_20190928_1_L2A
2019-10-01,ben-arous,Ben Arous,north,0.2820,0.1870,-0.0792,16.51,0.0,1.000,S2A_32SNF_20191001_1_L2A
2019-11-20,ben-arous,Ben Arous,north,0.4566,0.2364,0.0573,53.38,0.0,1.000,S2A_32SPF_20191120_1_L2A
2019-12-25,ben-arous,Ben Arous,north,0.4727,0.2466,0.0701,54.02,0.0,1.000,S2B_32SNF_20191225_1_L2A
2020-01-19,ben-arous,Ben Arous,north,0.5368,0.2524,0.1471,68.41,0.0,1.000,S2A_32SNF_20200119_1_L2A
2020-02-25,ben-arous,Ben Arous,north,0.4581,0.2285,0.0842,57.82,0.0,1.000,S2A_32SPF_20200225_1_L2A
2020-03-01,ben-arous,Ben Arous,north,0.4312,0.2142,0.0607,53.00,0.2,0.998,S2B_32SPF_20200301_1_L2A
2020-04-05,ben-arous,Ben Arous,north,0.4500,0.2064,0.0999,63.00,27.7,0.723,S2A_32SPF_20200405_0_L2A
2020-05-23,ben-arous,Ben Arous,north,0.2570,0.1378,-0.0766,10.01,0.0,1.000,S2B_32SNF_20200523_1_L2A
2020-06-29,ben-arous,Ben Arous,north,0.1834,0.1187,-0.1196,5.00,0.0,1.000,S2B_32SNF_20200629_1_L2A
2020-07-29,ben-arous,Ben Arous,north,0.1760,0.1115,-0.1230,4.76,0.0,1.000,S2B_32SNF_20200729_1_L2A
2020-08-28,ben-arous,Ben Arous,north,0.1760,0.1163,-0.1293,4.79,0.0,1.000,S2B_32SNF_20200828_1_L2A
2020-09-30,ben-arous,Ben Arous,north,0.2804,0.1574,-0.0810,18.92,0.9,0.991,S2B_32SPF_20200930_1_L2A
2020-10-02,ben-arous,Ben Arous,north,0.2484,0.1586,-0.1106,10.52,0.0,1.000,S2A_32SNF_20201002_1_L2A
2020-11-09,ben-arous,Ben Arous,north,0.2578,0.1464,-0.0830,15.27,0.0,1.000,S2B_32SPF_20201109_1_L2A
2020-12-24,ben-arous,Ben Arous,north,0.4508,0.2249,0.0777,56.95,0.0,1.000,S2A_32SNF_20201224_3_L2A
2021-01-20,ben-arous,Ben Arous,north,0.4984,0.2454,0.1157,62.05,0.0,1.000,S2A_32SNF_20210120_1_L2A
2021-02-17,ben-arous,Ben Arous,north,0.5543,0.2526,0.1642,70.57,0.0,1.000,S2B_32SPF_20210217_1_L2A
2021-03-26,ben-arous,Ben Arous,north,0.5183,0.2564,0.1699,68.10,0.0,1.000,S2B_32SNF_20210326_1_L2A
2021-04-25,ben-arous,Ben Arous,north,0.4554,0.2184,0.0824,59.70,0.0,1.000,S2B_32SPF_20210425_1_L2A
2021-05-08,ben-arous,Ben Arous,north,0.3818,0.1966,-0.0049,36.91,1.1,0.989,S2B_32SNF_20210508_1_L2A
2021-06-14,ben-arous,Ben Arous,north,0.2177,0.1201,-0.0877,6.70,0.0,1.000,S2B_32SNF_20210614_1_L2A
2021-07-24,ben-arous,Ben Arous,north,0.1912,0.1132,-0.0948,5.79,0.0,1.000,S2B_32SNF_20210724_1_L2A
2021-08-06,ben-arous,Ben Arous,north,0.1813,0.1275,-0.1205,5.23,0.0,1.000,S2B_32SNF_20210806_1_L2A
2021-09-25,ben-arous,Ben Arous,north,0.1562,0.0715,-0.0971,3.76,0.3,0.997,S2B_32SNF_20210925_1_L2A
2021-10-17,ben-arous,Ben Arous,north,0.2005,0.1493,-0.1433,5.86,2.3,0.977,S2A_32SNF_20211017_0_L2A
2021-11-14,ben-arous,Ben Arous,north,0.3940,0.2286,-0.0068,37.04,0.0,1.000,S2B_32SPF_20211114_1_L2A
2021-12-14,ben-arous,Ben Arous,north,0.4284,0.2387,0.0413,46.13,0.0,1.000,S2B_32SNF_20211214_1_L2A
2017-03-02,manouba,Manouba,north,0.6455,0.2422,0.2612,83.20,0.9,0.991,S2A_32SNF_20170302_0_L2A
2017-04-14,manouba,Manouba,north,0.5101,0.2140,0.1124,67.79,0.6,0.994,S2A_32SNF_20170414_0_L2A
2017-05-04,manouba,Manouba,north,0.2840,0.1224,-0.0562,17.65,1.0,0.990,S2A_32SNF_20170504_0_L2A
2017-06-20,manouba,Manouba,north,0.1883,0.1199,-0.1112,6.06,0.5,0.995,S2A_MSIL2A_20170620T100031_R122_T32SNF_20210210T002333
2017-07-18,manouba,Manouba,north,0.1862,0.1196,-0.1004,6.53,0.1,0.999,S2B_32SNF_20170718_0_L2A
2017-08-27,manouba,Manouba,north,0.1718,0.0951,-0.1335,4.42,0.4,0.996,S2B_32SNF_20170827_0_L2A
2017-09-06,manouba,Manouba,north,0.1578,0.1054,-0.1373,4.15,7.8,0.922,S2B_32SNF_20170906_0_L2A
2017-10-16,manouba,Manouba,north,0.2148,0.1262,-0.1382,7.16,0.9,0.991,S2B_32SNF_20171016_0_L2A
2017-11-22,manouba,Manouba,north,0.3973,0.2209,0.0100,43.02,2.1,0.979,S2B_32SNF_20171122_0_L2A
2017-12-15,manouba,Manouba,north,0.4621,0.2170,0.0596,55.37,1.7,0.983,S2B_32SNF_20171215_0_L2A
2018-01-24,manouba,Manouba,north,0.6163,0.2000,0.2189,85.82,9.1,0.909,S2B_32SNF_20180124_0_L2A
2018-02-05,manouba,Manouba,north,0.6038,0.2273,0.2226,82.46,2.5,0.975,S2A_MSIL2A_20180205T100211_R122_T32SNF_20201013T190308
2018-03-12,manouba,Manouba,north,0.6159,0.2122,0.2304,83.68,35.7,0.643,S2B_32SNF_20180312_0_L2A
2018-04-24,manouba,Manouba,north,0.3545,0.1478,-0.0221,32.39,0.6,0.994,S2B_32SNF_20180424_0_L2A
2018-05-24,manouba,Manouba,north,0.2042,0.1108,-0.1729,3.91,0.6,0.994,S2B_32SNF_20180524_0_L2A
2018-06-05,manouba,Manouba,north,0.1752,0.1016,-0.1651,3.32,0.0,1.000,S2A_32SNF_20180605_1_L2A
2018-07-18,manouba,Manouba,north,0.1657,0.0973,-0.1364,3.84,0.0,1.000,S2A_32SNF_20180718_1_L2A
2018-08-02,manouba,Manouba,north,0.1571,0.1021,-0.1554,3.74,0.0,1.000,S2B_32SNF_20180802_1_L2A
2018-09-01,manouba,Manouba,north,0.1912,0.1367,-0.1623,6.24,0.0,1.000,S2B_32SNF_20180901_1_L2A
2018-10-26,manouba,Manouba,north,0.3049,0.1992,-0.0603,23.46,0.0,1.000,S2A_32SNF_20181026_1_L2A
2018-11-05,manouba,Manouba,north,0.3673,0.2162,0.0041,39.75,0.2,0.998,S2A_32SNF_20181105_0_L2A
2018-12-27,manouba,Manouba,north,0.5687,0.2377,0.1775,73.39,0.5,0.995,S2B_32SNF_20181227_0_L2A
2019-01-16,manouba,Manouba,north,0.5887,0.2194,0.1958,79.81,0.9,0.991,S2B_32SNF_20190116_0_L2A
2019-02-10,manouba,Manouba,north,0.6344,0.2482,0.2611,83.05,0.1,0.999,S2A_32SNF_20190210_0_L2A
2019-03-25,manouba,Manouba,north,0.5871,0.2617,0.2214,76.85,0.0,1.000,S2A_32SNF_20190325_1_L2A
2019-04-16,manouba,Manouba,north,0.5286,0.2417,0.1649,72.06,0.0,1.000,S2B_32SNF_20190416_1_L2A
2019-05-09,manouba,Manouba,north,0.2837,0.1269,-0.0472,19.42,12.6,0.874,S2B_32SNF_20190509_0_L2A
2019-06-05,manouba,Manouba,north,0.2078,0.1124,-0.1323,6.41,0.0,1.000,S2B_32SNF_20190605_1_L2A
2019-07-25,manouba,Manouba,north,0.1734,0.1126,-0.1335,5.90,0.0,1.000,S2B_32SNF_20190725_1_L2A
2019-08-17,manouba,Manouba,north,0.1808,0.1257,-0.1328,6.25,0.0,1.000,S2B_32SNF_20190817_1_L2A
2019-09-28,manouba,Manouba,north,0.2598,0.1712,-0.1128,13.32,0.0,1.000,S2A_32SNF_20190928_1_L2A
2019-10-01,manouba,Manouba,north,0.2574,0.1606,-0.1133,12.50,0.0,1.000,S2A_32SNF_20191001_1_L2A
2019-11-02,manouba,Manouba,north,0.3127,0.1818,-0.0723,25.31,0.0,1.000,S2B_32SNF_20191102_1_L2A
2019-12-25,manouba,Manouba,north,0.4543,0.2325,0.0538,50.15,0.0,1.000,S2B_32SNF_20191225_1_L2A
2020-01-19,manouba,Manouba,north,0.5473,0.2321,0.1391,69.87,0.0,1.000,S2A_32SNF_20200119_1_L2A
2020-02-25,manouba,Manouba,north,0.4828,0.2294,0.0885,60.73,0.0,1.000,S2A_32SNF_20200225_1_L2A
2020-03-01,manouba,Manouba,north,0.4508,0.2021,0.0635,56.12,1.8,0.982,S2B_32SNF_20200301_0_L2A
2020-04-08,manouba,Manouba,north,0.5116,0.2108,0.1437,70.72,9.6,0.904,S2A_32SNF_20200408_0_L2A
2020-05-23,manouba,Manouba,north,0.2602,0.1268,-0.0769,11.87,0.0,1.000,S2B_32SNF_20200523_1_L2A
2020-06-29,manouba,Manouba,north,0.1852,0.1170,-0.1152,6.64,0.0,1.000,S2B_32SNF_20200629_1_L2A
2020-07-29,manouba,Manouba,north,0.1795,0.1072,-0.1216,5.89,0.0,1.000,S2B_32SNF_20200729_1_L2A
2020-08-28,manouba,Manouba,north,0.1747,0.1082,-0.1284,5.62,0.0,1.000,S2B_32SNF_20200828_1_L2A
2020-09-17,manouba,Manouba,north,0.1896,0.1102,-0.1459,5.42,0.5,0.995,S2B_32SNF_20200917_1_L2A
2020-10-02,manouba,Manouba,north,0.2565,0.1518,-0.1151,11.31,0.0,1.000,S2A_32SNF_20201002_1_L2A
2020-11-26,manouba,Manouba,north,0.3004,0.1760,-0.0378,24.88,0.0,1.000,S2B_32SNF_20201126_1_L2A
2020-12-24,manouba,Manouba,north,0.4785,0.2099,0.0840,61.68,0.0,1.000,S2A_32SNF_20201224_3_L2A
2021-01-20,manouba,Manouba,north,0.5641,0.2304,0.1626,74.68,0.0,1.000,S2A_32SNF_20210120_1_L2A
2021-02-17,manouba,Manouba,north,0.6427,0.2437,0.2491,82.51,0.0,1.000,S2B_32SNF_20210217_0_L2A
2021-03-26,manouba,Manouba,north,0.5883,0.2498,0.2309,77.72,0.0,1.000,S2B_32SNF_20210326_1_L2A
2018-01-24,tunis,Tunis,north,,,,,51.9,,S2B_32SNF_20180124_0_L2A
2020-04-05,tunis,Tunis,north,,,,,41.2,,S2A_32SPF_20200405_0_L2A
2020-08-28,ariana,Ariana,north,,,,,0.0,,S2B_32SNG_20200828_1_L2A
2018-01-24,ben-arous,Ben Arous,north,,,,,41.2,,S2B_32SNF_20180124_0_L2A
2021-04-03,manouba,Manouba,north,0.5532,0.2175,0.1959,78.29,0.1,0.999,S2A_32SNF_20210403_1_L2A
2021-05-08,manouba,Manouba,north,0.3857,0.1708,-0.0157,35.41,0.0,1.000,S2B_32SNF_20210508_1_L2A
2021-06-14,manouba,Manouba,north,0.2129,0.1134,-0.0923,7.81,0.0,1.000,S2B_32SNF_20210614_1_L2A
2021-07-24,manouba,Manouba,north,0.1871,0.1042,-0.0978,7.21,0.0,1.000,S2B_32SNF_20210724_1_L2A
2021-08-06,manouba,Manouba,north,0.1830,0.1253,-0.1305,6.07,0.0,1.000,S2B_32SNF_20210806_1_L2A
2021-09-25,manouba,Manouba,north,0.1494,0.0575,-0.1009,2.72,0.1,0.999,S2B_32SNF_20210925_1_L2A
2021-10-17,manouba,Manouba,north,0.1917,0.1269,-0.1575,4.62,1.7,0.983,S2A_32SNF_20211017_0_L2A
2021-11-24,manouba,Manouba,north,0.3581,0.2093,-0.0383,32.09,0.5,0.995,S2B_32SNF_20211124_0_L2A
2021-12-14,manouba,Manouba,north,0.4533,0.2331,0.0847,55.81,0.0,1.000,S2B_32SNF_20211214_1_L2A
2017-03-02,nabeul,Nabeul,cap-bon,0.5367,0.2188,0.1206,68.52,1.4,0.986,S2A_32SPF_20170302_0_L2A
2017-04-01,nabeul,Nabeul,cap-bon,0.3802,0.1842,0.0146,40.38,0.0,0.217,S2A_32SPF_20170401_1_L2A
2017-05-21,nabeul,Nabeul,cap-bon,0.3282,0.1614,-0.0358,25.06,2.2,0.978,S2A_32SPF_20170521_0_L2A
2017-06-20,nabeul,Nabeul,cap-bon,0.3049,0.1889,-0.0814,18.45,0.7,0.993,S2A_MSIL2A_20170620T100031_R122_T32SPF_20210210T002336
2017-07-05,nabeul,Nabeul,cap-bon,0.3049,0.1777,-0.0706,20.16,1.5,0.985,S2B_32SPF_20170705_0_L2A
2017-08-04,nabeul,Nabeul,cap-bon,0.2726,0.1575,-0.0943,16.02,1.0,0.990,S2B_32SPF_20170804_0_L2A
2017-09-13,nabeul,Nabeul,cap-bon,0.2978,0.1903,-0.1002,17.00,1.0,0.990,S2B_MSIL2A_20170913T100019_R122_T32SPF_20210529T070118
2017-10-13,nabeul,Nabeul,cap-bon,0.3100,0.1790,-0.0695,20.67,28.2,0.637,S2B_32SPF_20171013_0_L2A
2017-11-22,nabeul,Nabeul,cap-bon,0.5060,0.2378,0.0780,56.97,1.8,0.982,S2B_32SPF_20171122_0_L2A
2017-12-17,nabeul,Nabeul,cap-bon,0.5341,0.2231,0.1196,65.71,1.4,0.986,S2A_MSIL2A_20171217T100411_R122_T32SPF_20201014T143807
2018-01-31,nabeul,Nabeul,cap-bon,0.5698,0.2221,0.1527,71.85,0.7,0.993,S2B_MSIL2A_20180131T100229_R122_T32SPF_20201014T103019
2018-02-20,nabeul,Nabeul,cap-bon,,,,,45.9,,S2B_MSIL2A_20180220T100029_R122_T32SPF_20201013T233538
2018-03-12,nabeul,Nabeul,cap-bon,0.5532,0.2263,0.1372,68.81,13.1,0.869,S2B_32SPF_20180312_0_L2A
2018-04-06,nabeul,Nabeul,cap-bon,0.5329,0.2209,0.1225,67.09,1.2,0.988,S2A_32SPF_20180406_0_L2A
2018-05-31,nabeul,Nabeul,cap-bon,0.3035,0.1599,-0.0911,17.96,3.1,0.969,S2B_32SPF_20180531_0_L2A
2018-06-05,nabeul,Nabeul,cap-bon,0.3078,0.1787,-0.0934,18.19,0.1,0.999,S2A_32SPF_20180605_1_L2A
2018-07-30,nabeul,Nabeul,cap-bon,0.2774,0.1722,-0.1014,15.94,0.8,0.992,S2B_32SPF_20180730_0_L2A
2018-08-14,nabeul,Nabeul,cap-bon,0.2998,0.1930,-0.1111,18.03,0.0,1.000,S2A_32SPF_20180814_1_L2A
2018-09-03,nabeul,Nabeul,cap-bon,0.3662,0.2021,-0.0176,36.47,24.7,0.723,S2A_32SPF_20180903_0_L2A
2018-10-08,nabeul,Nabeul,cap-bon,0.4365,0.1980,0.0234,48.59,8.0,0.920,S2B_32SPF_20181008_0_L2A
2018-11-07,nabeul,Nabeul,cap-bon,0.4487,0.2083,0.0616,55.68,22.0,0.780,S2B_32SPF_20181107_0_L2A
2018-12-27,nabeul,Nabeul,cap-bon,0.5470,0.2253,0.1240,66.42,0.7,0.993,S2B_32SPF_20181227_0_L2A
2019-01-16,nabeul,Nabeul,cap-bon,0.5388,0.2102,0.1505,72.94,6.8,0.932,S2B_32SPF_20190116_0_L2A
2019-02-10,nabeul,Nabeul,cap-bon,0.5651,0.2303,0.1738,75.72,0.6,0.994,S2A_32SPF_20190210_0_L2A
2019-03-17,nabeul,Nabeul,cap-bon,0.5411,0.2216,0.1433,71.69,0.3,0.997,S2B_32SPF_20190317_0_L2A
2019-04-16,nabeul,Nabeul,cap-bon,0.5159,0.2122,0.1280,71.18,1.8,0.982,S2B_32SPF_20190416_1_L2A
2019-05-11,nabeul,Nabeul,cap-bon,0.4061,0.1819,0.0209,47.25,3.7,0.963,S2A_32SPF_20190511_0_L2A
2019-06-05,nabeul,Nabeul,cap-bon,0.3636,0.1844,-0.0305,31.75,0.1,0.999,S2B_32SPF_20190605_1_L2A
2019-07-25,nabeul,Nabeul,cap-bon,0.3102,0.1799,-0.0881,20.36,0.0,1.000,S2B_32SPF_20190725_1_L2A
2019-08-04,nabeul,Nabeul,cap-bon,0.2909,0.1584,-0.0735,20.40,0.0,1.000,S2B_32SPF_20190804_1_L2A
2019-09-13,nabeul,Nabeul,cap-bon,0.3601,0.2025,-0.0626,27.57,0.6,0.994,S2B_32SPF_20190913_0_L2A
2019-10-18,nabeul,Nabeul,cap-bon,0.4094,0.2135,-0.0352,33.43,0.7,0.993,S2A_32SPF_20191018_0_L2A
2019-11-27,nabeul,Nabeul,cap-bon,0.5066,0.2412,0.0689,57.12,0.1,0.999,S2A_32SPF_20191127_1_L2A
2019-12-07,nabeul,Nabeul,cap-bon,0.5227,0.2345,0.1151,64.78,0.1,0.999,S2A_32SPF_20191207_1_L2A
2020-01-06,nabeul,Nabeul,cap-bon,0.5393,0.2169,0.1356,71.08,33.9,0.621,S2A_32SPF_20200106_0_L2A
2020-02-25,nabeul,Nabeul,cap-bon,0.5297,0.2222,0.1102,66.34,0.0,1.000,S2A_32SPF_20200225_1_L2A
2020-03-01,nabeul,Nabeul,cap-bon,0.5137,0.2142,0.1034,65.31,0.1,0.999,S2B_32SPF_20200301_1_L2A
2020-04-05,nabeul,Nabeul,cap-bon,0.5398,0.2176,0.1422,72.64,5.1,0.949,S2A_32SPF_20200405_0_L2A
2020-05-05,nabeul,Nabeul,cap-bon,0.4735,0.1931,0.0591,59.20,3.9,0.961,S2A_32SPF_20200505_0_L2A
2020-06-24,nabeul,Nabeul,cap-bon,0.3185,0.1757,-0.0635,22.50,0.1,0.999,S2A_32SPF_20200624_1_L2A
2020-07-29,nabeul,Nabeul,cap-bon,0.2975,0.1749,-0.0893,18.49,0.0,1.000,S2B_32SPF_20200729_1_L2A
2020-08-28,nabeul,Nabeul,cap-bon,0.2983,0.1782,-0.0894,18.30,0.0,1.000,S2B_32SPF_20200828_1_L2A
2020-09-17,nabeul,Nabeul,cap-bon,0.3486,0.1956,-0.0764,23.56,2.3,0.977,S2B_32SPF_20200917_1_L2A
2020-10-02,nabeul,Nabeul,cap-bon,0.4054,0.2095,-0.0452,31.76,0.1,0.999,S2A_32SPF_20201002_1_L2A
2020-11-01,nabeul,Nabeul,cap-bon,0.3768,0.2137,-0.0550,27.57,1.4,0.986,S2A_32SPF_20201101_0_L2A
2020-12-16,nabeul,Nabeul,cap-bon,0.4668,0.2333,0.0405,48.86,1.1,0.989,S2B_32SPF_20201216_1_L2A
2021-01-20,nabeul,Nabeul,cap-bon,0.5165,0.2272,0.0775,57.64,0.0,1.000,S2A_32SPF_20210120_1_L2A
2021-02-09,nabeul,Nabeul,cap-bon,0.5343,0.2267,0.0926,62.36,4.1,0.959,S2A_32SPF_20210209_0_L2A
2021-03-26,nabeul,Nabeul,cap-bon,0.5266,0.2240,0.1217,67.87,0.1,0.999,S2B_32SPF_20210326_1_L2A
2021-04-25,nabeul,Nabeul,cap-bon,0.4828,0.1985,0.0822,62.33,0.3,0.997,S2B_32SPF_20210425_1_L2A
2021-05-10,nabeul,Nabeul,cap-bon,0.4173,0.1810,0.0109,43.56,0.4,0.996,S2A_32SPF_20210510_1_L2A
2021-06-14,nabeul,Nabeul,cap-bon,0.3203,0.1729,-0.0619,21.87,0.0,1.000,S2B_32SPF_20210614_1_L2A
2021-07-24,nabeul,Nabeul,cap-bon,0.2952,0.1692,-0.0701,19.46,0.0,1.000,S2B_32SPF_20210724_1_L2A
2021-08-23,nabeul,Nabeul,cap-bon,0.2751,0.1685,-0.0988,16.03,0.0,1.000,S2B_32SPF_20210823_1_L2A
2021-09-07,nabeul,Nabeul,cap-bon,0.2869,0.1878,-0.0979,17.14,10.6,0.894,S2A_32SPF_20210907_0_L2A
2021-10-12,nabeul,Nabeul,cap-bon,0.3071,0.1860,-0.0980,18.97,10.4,0.896,S2B_32SPF_20211012_0_L2A
2021-11-11,nabeul,Nabeul,cap-bon,0.4753,0.2340,0.0576,52.58,0.0,0.946,S2B_32SPF_20211111_2_L2A
2021-12-01,nabeul,Nabeul,cap-bon,,,,,42.9,,S2B_32SPF_20211201_0_L2A
2017-03-02,zaghouan,Zaghouan,north,0.5763,0.2085,0.1638,76.08,0.4,0.996,S2A_32SNF_20170302_0_L2A
2017-04-14,zaghouan,Zaghouan,north,0.5205,0.1874,0.1117,70.50,0.3,0.997,S2A_32SNF_20170414_0_L2A
2017-05-04,zaghouan,Zaghouan,north,0.3688,0.1433,-0.0090,38.91,0.4,0.996,S2A_32SNF_20170504_0_L2A
2017-06-20,zaghouan,Zaghouan,north,0.2305,0.1307,-0.1052,7.51,0.4,0.996,S2A_MSIL2A_20170620T100031_R122_T32SPF_20210210T002336
2017-07-18,zaghouan,Zaghouan,north,0.2268,0.1374,-0.1017,9.05,0.1,0.999,S2B_32SNF_20170718_0_L2A
2017-08-27,zaghouan,Zaghouan,north,0.2094,0.1160,-0.1225,8.45,0.2,0.998,S2B_32SNF_20170827_0_L2A
2017-09-01,zaghouan,Zaghouan,north,0.1664,0.0680,-0.1120,3.63,0.2,0.998,S2A_32SPF_20170901_0_L2A
2017-10-16,zaghouan,Zaghouan,north,0.2553,0.1557,-0.1344,12.18,0.3,0.997,S2B_32SNF_20171016_0_L2A
2017-11-22,zaghouan,Zaghouan,north,0.3473,0.1843,-0.0650,27.19,0.5,0.995,S2B_32SNF_20171122_0_L2A
2017-12-15,zaghouan,Zaghouan,north,0.3620,0.1800,-0.0540,29.87,0.5,0.995,S2B_32SNF_20171215_0_L2A
2018-01-24,zaghouan,Zaghouan,north,0.3830,0.1756,-0.0216,36.33,5.3,0.947,S2B_32SNF_20180124_0_L2A
2018-02-28,zaghouan,Zaghouan,north,0.4179,0.1841,-0.0003,41.26,15.1,0.849,S2A_MSIL2A_20180228T101021_R022_T32SPF_20201014T015113
2018-03-30,zaghouan,Zaghouan,north,0.4083,0.1680,0.0022,41.84,2.8,0.972,S2A_32SPF_20180330_0_L2A
2018-04-24,zaghouan,Zaghouan,north,0.3433,0.1472,-0.0718,19.67,0.3,0.997,S2B_32SNF_20180424_0_L2A
2018-05-24,zaghouan,Zaghouan,north,0.2583,0.1471,-0.1447,8.43,0.3,0.997,S2B_32SNF_20180524_0_L2A
2018-06-05,zaghouan,Zaghouan,north,0.2016,0.1203,-0.1534,4.52,0.0,1.000,S2A_32SPF_20180605_1_L2A
2018-07-18,zaghouan,Zaghouan,north,0.1873,0.1024,-0.1435,3.72,0.0,1.000,S2A_32SNF_20180718_1_L2A
2018-08-14,zaghouan,Zaghouan,north,0.1970,0.1273,-0.1675,4.58,0.0,1.000,S2A_32SPF_20180814_1_L2A
2018-09-01,zaghouan,Zaghouan,north,0.2563,0.1462,-0.1344,8.09,0.0,1.000,S2B_32SPF_20180901_1_L2A
2018-10-26,zaghouan,Zaghouan,north,0.3828,0.1894,-0.0193,38.26,0.0,1.000,S2A_32SNF_20181026_1_L2A
2018-11-05,zaghouan,Zaghouan,north,0.4039,0.1953,-0.0083,43.64,0.2,0.998,S2A_32SNF_20181105_0_L2A
2018-12-27,zaghouan,Zaghouan,north,0.4805,0.1898,0.0509,56.51,0.4,0.996,S2B_32SNF_20181227_0_L2A
2019-01-16,zaghouan,Zaghouan,north,0.4471,0.1708,0.0347,51.52,8.6,0.914,S2B_32SPF_20190116_0_L2A
2019-02-10,zaghouan,Zaghouan,north,0.4908,0.2047,0.0987,63.57,2.2,0.978,S2A_32SPF_20190210_0_L2A
2019-03-30,zaghouan,Zaghouan,north,0.5048,0.2079,0.1142,66.02,0.0,1.000,S2B_32SPF_20190330_1_L2A
2019-04-16,zaghouan,Zaghouan,north,0.4852,0.1931,0.1011,65.32,0.0,1.000,S2B_32SPF_20190416_1_L2A
2019-05-11,zaghouan,Zaghouan,north,0.3467,0.1450,-0.0175,32.88,2.3,0.977,S2A_32SPF_20190511_0_L2A
2019-06-05,zaghouan,Zaghouan,north,0.2805,0.1391,-0.0870,15.71,0.0,1.000,S2B_32SNF_20190605_1_L2A
2019-07-25,zaghouan,Zaghouan,north,0.2169,0.1315,-0.1392,8.56,0.0,1.000,S2B_32SNF_20190725_1_L2A
2019-08-17,zaghouan,Zaghouan,north,0.2272,0.1516,-0.1254,9.88,0.0,1.000,S2B_32SNF_20190817_1_L2A
2019-09-28,zaghouan,Zaghouan,north,0.3099,0.1752,-0.1010,16.71,0.0,1.000,S2A_32SNF_20190928_1_L2A
2019-10-01,zaghouan,Zaghouan,north,0.3195,0.1721,-0.0889,18.16,0.0,1.000,S2A_32SNF_20191001_1_L2A
2019-11-20,zaghouan,Zaghouan,north,0.4060,0.1913,-0.0106,39.54,0.0,1.000,S2A_32SPF_20191120_1_L2A
2019-12-25,zaghouan,Zaghouan,north,0.4498,0.2043,0.0169,47.59,0.0,1.000,S2B_32SNF_20191225_1_L2A
2020-01-19,zaghouan,Zaghouan,north,0.4941,0.1884,0.0700,60.70,0.0,1.000,S2A_32SNF_20200119_1_L2A
2020-02-25,zaghouan,Zaghouan,north,0.4250,0.1777,0.0167,45.12,0.0,1.000,S2A_32SPF_20200225_1_L2A
2020-03-01,zaghouan,Zaghouan,north,0.4056,0.1676,0.0008,40.81,0.0,1.000,S2B_32SPF_20200301_1_L2A
2020-04-05,zaghouan,Zaghouan,north,0.4588,0.1851,0.0560,55.05,6.3,0.937,S2A_32SPF_20200405_0_L2A
2020-05-23,zaghouan,Zaghouan,north,0.3085,0.1435,-0.0608,17.83,0.0,1.000,S2B_32SNF_20200523_1_L2A
2020-06-29,zaghouan,Zaghouan,north,0.2181,0.1321,-0.1124,8.21,0.0,1.000,S2B_32SNF_20200629_1_L2A
2020-07-29,zaghouan,Zaghouan,north,0.2085,0.1263,-0.1188,7.69,0.0,1.000,S2B_32SNF_20200729_1_L2A
2020-08-28,zaghouan,Zaghouan,north,0.2088,0.1290,-0.1345,8.03,0.0,1.000,S2B_32SNF_20200828_1_L2A
2020-09-30,zaghouan,Zaghouan,north,0.2319,0.1198,-0.1495,7.84,0.0,1.000,S2B_32SPF_20200930_1_L2A
2020-10-02,zaghouan,Zaghouan,north,0.2573,0.1528,-0.1320,10.71,0.0,1.000,S2A_32SNF_20201002_1_L2A
2020-11-09,zaghouan,Zaghouan,north,0.2317,0.1229,-0.1300,10.60,0.0,1.000,S2B_32SPF_20201109_1_L2A
2020-12-24,zaghouan,Zaghouan,north,0.4524,0.1895,0.0259,51.03,0.0,1.000,S2A_32SNF_20201224_3_L2A
2021-01-20,zaghouan,Zaghouan,north,0.4825,0.1960,0.0542,56.07,0.0,1.000,S2A_32SNF_20210120_1_L2A
2021-02-17,zaghouan,Zaghouan,north,0.5442,0.2083,0.1076,66.59,0.0,1.000,S2B_32SPF_20210217_1_L2A
2021-03-26,zaghouan,Zaghouan,north,0.5356,0.2054,0.1344,71.54,0.1,0.999,S2B_32SNF_20210326_1_L2A
2021-04-25,zaghouan,Zaghouan,north,0.4741,0.1741,0.0758,62.81,1.3,0.987,S2B_32SPF_20210425_1_L2A
2021-05-08,zaghouan,Zaghouan,north,0.4285,0.1652,0.0004,42.98,0.0,1.000,S2B_32SNF_20210508_1_L2A
2021-06-14,zaghouan,Zaghouan,north,0.2513,0.1290,-0.0912,11.18,0.0,1.000,S2B_32SNF_20210614_1_L2A
2021-07-24,zaghouan,Zaghouan,north,0.2289,0.1272,-0.0916,10.12,0.0,1.000,S2B_32SNF_20210724_1_L2A
2021-08-06,zaghouan,Zaghouan,north,0.2222,0.1410,-0.1252,8.28,0.0,1.000,S2B_32SNF_20210806_1_L2A
2021-09-25,zaghouan,Zaghouan,north,0.1791,0.0738,-0.1011,5.92,0.1,0.999,S2B_32SNF_20210925_1_L2A
2021-10-17,zaghouan,Zaghouan,north,0.2373,0.1609,-0.1346,10.02,3.4,0.966,S2A_32SNF_20211017_0_L2A
2021-11-14,zaghouan,Zaghouan,north,0.3340,0.1764,-0.0792,20.92,0.0,1.000,S2B_32SPF_20211114_1_L2A
2021-12-14,zaghouan,Zaghouan,north,0.3859,0.2005,-0.0320,35.47,0.0,1.000,S2B_32SNF_20211214_1_L2A
2017-03-02,bizerte,Bizerte,north,0.7301,0.2054,0.3036,91.56,0.1,0.983,S2A_32SNG_20170302_0_L2A
2017-04-14,bizerte,Bizerte,north,0.6753,0.2122,0.2682,86.37,0.2,0.998,S2A_32SNG_20170414_0_L2A
2017-05-04,bizerte,Bizerte,north,0.3908,0.1722,0.0403,51.16,0.3,0.997,S2A_32SNF_20170504_0_L2A
2017-06-20,bizerte,Bizerte,north,0.1897,0.0977,-0.1318,2.97,0.1,0.996,S2A_MSIL2A_20170620T100031_R122_T32SNG_20210210T002329
2017-07-05,bizerte,Bizerte,north,0.1890,0.0959,-0.1178,3.34,0.4,0.996,S2B_32SNG_20170705_0_L2A
2017-08-27,bizerte,Bizerte,north,0.1800,0.1062,-0.1410,4.25,0.5,0.995,S2B_32SNG_20170827_0_L2A
2017-09-06,bizerte,Bizerte,north,0.1671,0.1124,-0.1503,4.17,2.4,0.976,S2B_32SNG_20170906_0_L2A
2017-10-16,bizerte,Bizerte,north,0.2028,0.1162,-0.1880,4.59,0.2,0.998,S2B_32SNF_20171016_0_L2A
2017-11-22,bizerte,Bizerte,north,0.3723,0.2134,-0.0655,33.39,0.1,0.999,S2B_32SNF_20171122_0_L2A
2017-12-15,bizerte,Bizerte,north,0.4416,0.2283,-0.0081,43.16,0.4,0.996,S2B_32SNF_20171215_0_L2A
2018-01-24,bizerte,Bizerte,north,0.6714,0.1698,0.2663,92.61,22.1,0.779,S2B_32SNG_20180124_0_L2A
2018-02-05,bizerte,Bizerte,north,0.7081,0.1810,0.3126,93.55,3.2,0.968,S2A_MSIL2A_20180205T100211_R122_T32SNF_20201013T190308
2018-03-30,bizerte,Bizerte,north,0.7573,0.1826,0.3713,94.52,0.8,0.992,S2A_32SNG_20180330_0_L2A
2018-04-24,bizerte,Bizerte,north,0.6473,0.1864,0.2655,89.07,0.6,0.994,S2B_32SNG_20180424_0_L2A
2018-05-24,bizerte,Bizerte,north,0.3070,0.1513,-0.0810,18.31,1.9,0.981,S2B_32SNG_20180524_0_L2A
2018-06-10,bizerte,Bizerte,north,0.2229,0.1003,-0.1267,5.44,0.0,0.994,S2B_32SNG_20180610_1_L2A
2018-07-18,bizerte,Bizerte,north,0.1879,0.0904,-0.1212,2.71,0.0,1.000,S2A_32SNF_20180718_1_L2A
2018-08-12,bizerte,Bizerte,north,0.1917,0.1262,-0.2119,4.40,0.4,0.996,S2B_32SNG_20180812_0_L2A
2018-09-01,bizerte,Bizerte,north,0.1788,0.1128,-0.2176,2.95,0.0,1.000,S2B_32SNF_20180901_1_L2A
2018-10-26,bizerte,Bizerte,north,0.3065,0.1841,-0.0925,20.14,0.0,1.000,S2A_32SNF_20181026_1_L2A
2018-11-05,bizerte,Bizerte,north,0.3419,0.2048,-0.0356,29.74,0.1,0.999,S2A_32SNF_20181105_0_L2A
2018-12-27,bizerte,Bizerte,north,0.6044,0.2013,0.1564,74.81,0.1,0.999,S2B_32SNF_20181227_0_L2A
2019-01-16,bizerte,Bizerte,north,0.6567,0.1825,0.2160,85.95,0.1,0.981,S2B_32SNG_20190116_0_L2A
2019-02-10,bizerte,Bizerte,north,0.7286,0.1993,0.3201,92.10,0.2,0.980,S2A_32SNG_20190210_0_L2A
2019-03-30,bizerte,Bizerte,north,0.7363,0.2149,0.3593,91.33,0.0,1.000,S2B_32SNG_20190330_1_L2A
2019-04-06,bizerte,Bizerte,north,0.7102,0.2244,0.3264,89.08,0.0,1.000,S2B_32SNG_20190406_1_L2A
2019-05-24,bizerte,Bizerte,north,0.2924,0.1470,-0.0558,18.86,2.8,0.972,S2A_32SNG_20190524_0_L2A
2019-06-05,bizerte,Bizerte,north,0.2107,0.1019,-0.1608,4.58,0.0,1.000,S2B_32SNF_20190605_1_L2A
2019-07-25,bizerte,Bizerte,north,0.1696,0.0919,-0.1617,2.55,0.0,1.000,S2B_32SNF_20190725_1_L2A
2019-08-17,bizerte,Bizerte,north,0.1890,0.1121,-0.1481,3.62,0.0,1.000,S2B_32SNF_20190817_1_L2A
2019-09-28,bizerte,Bizerte,north,0.2134,0.1345,-0.1989,4.62,0.0,1.000,S2A_32SNF_20190928_1_L2A
2019-10-01,bizerte,Bizerte,north,0.2266,0.1310,-0.1877,5.28,0.0,1.000,S2A_32SNF_20191001_1_L2A
2019-11-02,bizerte,Bizerte,north,0.3082,0.1716,-0.1230,21.27,0.0,1.000,S2B_32SNF_20191102_1_L2A
2019-12-25,bizerte,Bizerte,north,0.5206,0.2319,0.0681,55.16,0.0,1.000,S2B_32SNF_20191225_1_L2A
2020-01-19,bizerte,Bizerte,north,0.6621,0.2111,0.2187,82.69,0.0,1.000,S2A_32SNF_20200119_1_L2A
2020-02-25,bizerte,Bizerte,north,0.6973,0.2267,0.2697,87.29,0.0,0.988,S2A_32SNG_20200225_1_L2A
2020-03-01,bizerte,Bizerte,north,0.6128,0.2160,0.2167,83.68,27.1,0.586,S2B_32SNF_20200301_0_L2A
2020-04-08,bizerte,Bizerte,north,0.7061,0.1892,0.3415,92.21,6.0,0.940,S2A_32SNG_20200408_0_L2A
2020-05-23,bizerte,Bizerte,north,0.2916,0.1221,-0.0711,14.92,0.0,1.000,S2B_32SNF_20200523_1_L2A
2020-06-24,bizerte,Bizerte,north,0.1987,0.0914,-0.1363,3.01,0.0,1.000,S2A_32SNG_20200624_1_L2A
2020-07-29,bizerte,Bizerte,north,0.1673,0.0759,-0.1501,1.64,0.0,1.000,S2B_32SNF_20200729_1_L2A
2020-08-28,bizerte,Bizerte,north,,,,,0.0,,S2B_32SNG_20200828_1_L2A
2020-09-17,bizerte,Bizerte,north,0.1756,0.0850,-0.2041,2.02,4.3,0.957,S2B_32SNF_20200917_1_L2A
2020-10-02,bizerte,Bizerte,north,0.2280,0.1306,-0.1832,5.84,0.0,1.000,S2A_32SNF_20201002_1_L2A
2020-11-26,bizerte,Bizerte,north,0.2877,0.1724,-0.1217,16.61,0.0,1.000,S2B_32SNG_20201126_1_L2A
2020-12-24,bizerte,Bizerte,north,0.4465,0.1961,0.0107,41.89,0.0,0.670,S2A_32SNG_20201224_3_L2A
2021-01-20,bizerte,Bizerte,north,0.5605,0.1991,0.1182,69.50,0.0,1.000,S2A_32SNG_20210120_1_L2A
2021-02-17,bizerte,Bizerte,north,0.7095,0.2007,0.2880,91.02,0.0,1.000,S2B_32SNF_20210217_0_L2A
2021-03-26,bizerte,Bizerte,north,0.7401,0.2261,0.3566,90.72,0.0,1.000,S2B_32SNG_20210326_1_L2A
2021-04-25,bizerte,Bizerte,north,0.6786,0.2163,0.2916,87.97,0.0,0.999,S2B_32SNG_20210425_1_L2A
2021-05-10,bizerte,Bizerte,north,0.4959,0.1881,0.1009,71.72,0.0,1.000,S2A_32SNG_20210510_1_L2A
2021-06-14,bizerte,Bizerte,north,0.2141,0.0936,-0.0892,5.98,0.0,1.000,S2B_32SNF_20210614_1_L2A
2021-07-24,bizerte,Bizerte,north,0.1772,0.0825,-0.1095,3.49,0.0,1.000,S2B_32SNF_20210724_1_L2A
2021-08-06,bizerte,Bizerte,north,0.1837,0.1131,-0.1228,4.06,0.0,1.000,S2B_32SNF_20210806_1_L2A
2021-09-25,bizerte,Bizerte,north,0.1414,0.0435,-0.1158,0.95,0.0,1.000,S2B_32SNF_20210925_1_L2A
2021-10-20,bizerte,Bizerte,north,0.2144,0.1391,-0.2157,5.75,0.5,0.995,S2A_32SNG_20211020_0_L2A
2021-11-24,bizerte,Bizerte,north,0.3424,0.2020,-0.1140,23.68,0.1,0.999,S2B_32SNF_20211124_0_L2A
2021-12-14,bizerte,Bizerte,north,0.4165,0.2310,0.0428,43.13,0.0,1.000,S2B_32SNF_20211214_1_L2A
2017-04-14,beja,Béja,north,0.6871,0.2061,0.2831,88.29,0.1,0.999,S2A_32SNF_20170414_0_L2A
2017-05-04,beja,Béja,north,0.5402,0.1965,0.1535,76.08,0.1,0.999,S2A_32SNF_20170504_0_L2A
2017-06-13,beja,Béja,north,0.2488,0.1458,-0.0847,9.83,0.5,0.995,S2A_MSIL2A_20170613T101031_R022_T32SNF_20210209T223826
2017-07-18,beja,Béja,north,0.2222,0.1510,-0.0875,11.08,0.0,1.000,S2B_32SMF_20170718_0_L2A
2017-08-27,beja,Béja,north,0.2146,0.1405,-0.1179,9.54,0.0,1.000,S2B_32SMF_20170827_0_L2A
2017-09-06,beja,Béja,north,0.2087,0.1521,-0.1271,9.18,0.1,0.999,S2B_32SMF_20170906_0_L2A
2017-10-16,beja,Béja,north,0.2355,0.1586,-0.1837,9.37,0.0,1.000,S2B_32SMF_20171016_0_L2A
2017-11-05,beja,Béja,north,0.1950,0.1266,-0.1696,7.89,11.1,0.889,S2B_32SMF_20171105_0_L2A
2017-12-15,beja,Béja,north,0.3237,0.1627,-0.1463,16.68,0.2,0.998,S2B_32SNF_20171215_0_L2A
2018-01-24,beja,Béja,north,0.5098,0.1811,0.0639,65.15,32.8,0.672,S2B_32SMF_20180124_0_L2A
2018-02-08,beja,Béja,north,0.6111,0.1919,0.1606,81.01,2.9,0.971,S2A_MSIL2A_20180208T101151_R022_T32SMF_20201013T201441
2018-03-05,beja,Béja,north,0.7062,0.1986,0.2580,88.14,2.0,0.980,S2B_MSIL2A_20180305T101019_R022_T32SMF_20201013T070136
2018-04-09,beja,Béja,north,0.7398,0.1830,0.3394,93.85,0.2,0.998,S2A_32SMF_20180409_0_L2A
2018-05-24,beja,Béja,north,0.4437,0.1966,0.0454,52.10,0.1,0.999,S2B_32SMF_20180524_0_L2A
2018-06-28,beja,Béja,north,0.2782,0.1585,-0.0674,15.20,0.0,1.000,S2A_32SMF_20180628_1_L2A
2018-07-13,beja,Béja,north,0.2371,0.1464,-0.0953,10.74,0.0,1.000,S2B_32SMF_20180713_0_L2A
2018-08-02,beja,Béja,north,0.2241,0.1568,-0.1065,10.32,0.0,1.000,S2B_32SMF_20180802_0_L2A
2018-09-01,beja,Béja,north,0.2044,0.1326,-0.2014,5.33,0.2,0.998,S2B_32SNF_20180901_1_L2A
2018-10-26,beja,Béja,north,0.3360,0.1934,-0.1337,22.17,0.0,1.000,S2A_32SNF_20181026_1_L2A
2018-11-05,beja,Béja,north,0.3714,0.2018,-0.0492,33.31,0.1,0.999,S2A_32SNF_20181105_0_L2A
2018-12-30,beja,Béja,north,,,,,45.3,,S2B_32SMF_20181230_0_L2A
2019-01-19,beja,Béja,north,0.6051,0.2025,0.1676,78.38,21.3,0.787,S2B_32SMF_20190119_0_L2A
2019-02-28,beja,Béja,north,0.6563,0.2005,0.2554,87.89,24.3,0.757,S2B_32SMF_20190228_0_L2A
2019-03-25,beja,Béja,north,0.7037,0.2247,0.3040,87.64,0.0,1.000,S2A_32SNF_20190325_1_L2A
2019-04-29,beja,Béja,north,0.6182,0.1937,0.2615,88.89,27.1,0.729,S2B_32SNF_20190429_0_L2A
2019-05-09,beja,Béja,north,0.5835,0.1899,0.1866,82.25,21.0,0.790,S2B_32SNF_20190509_0_L2A
2019-06-03,beja,Béja,north,0.4179,0.1871,0.0255,48.77,0.0,1.000,S2A_32SMF_20190603_1_L2A
2019-07-23,beja,Béja,north,0.2604,0.1655,-0.0797,14.19,0.0,1.000,S2A_32SMF_20190723_1_L2A
2019-08-17,beja,Béja,north,0.2272,0.1381,-0.1074,7.95,0.0,1.000,S2B_32SNF_20190817_1_L2A
2019-09-16,beja,Béja,north,0.2376,0.1312,-0.1815,7.03,0.1,0.999,S2B_32SNF_20190916_0_L2A
2019-10-01,beja,Béja,north,0.3160,0.1803,-0.1436,15.33,0.0,1.000,S2A_32SMF_20191001_1_L2A
2019-11-20,beja,Béja,north,0.4200,0.2066,-0.0524,38.90,0.0,1.000,S2A_32SMF_20191120_1_L2A
2019-12-25,beja,Béja,north,0.4947,0.2053,-0.0074,44.26,0.0,1.000,S2B_32SNF_20191225_1_L2A
2020-01-24,beja,Béja,north,0.6531,0.1855,0.1754,83.34,0.0,1.000,S2B_32SMF_20200124_1_L2A
2020-02-23,beja,Béja,north,0.6772,0.1988,0.2251,86.29,0.9,0.991,S2B_32SMF_20200223_0_L2A
2020-03-14,beja,Béja,north,0.6469,0.2271,0.2431,81.75,28.2,0.718,S2B_32SNF_20200314_0_L2A
2020-04-08,beja,Béja,north,0.6825,0.2128,0.2906,87.06,3.1,0.969,S2A_32SNF_20200408_0_L2A
2020-05-23,beja,Béja,north,0.3943,0.1764,0.0291,44.94,0.0,1.000,S2B_32SMF_20200523_1_L2A
2020-06-02,beja,Béja,north,0.3288,0.1655,-0.0307,25.15,0.0,1.000,S2B_32SMF_20200602_0_L2A
2020-07-22,beja,Béja,north,0.2432,0.1609,-0.0933,11.71,0.0,1.000,S2B_32SMF_20200722_1_L2A
2020-08-01,beja,Béja,north,0.1940,0.1097,-0.1163,5.38,0.0,1.000,S2B_32SNF_20200801_1_L2A
2020-09-30,beja,Béja,north,0.2417,0.1522,-0.1754,9.36,0.0,1.000,S2B_32SMF_20200930_1_L2A
2020-10-10,beja,Béja,north,0.2255,0.1437,-0.2031,6.39,0.0,1.000,S2B_32SNF_20201010_1_L2A
2020-11-14,beja,Béja,north,0.3096,0.1999,-0.1518,19.28,0.0,1.000,S2A_32SMF_20201114_1_L2A
2020-12-24,beja,Béja,north,0.4624,0.2004,-0.0340,40.06,0.0,1.000,S2A_32SMF_20201224_1_L2A
2021-01-03,beja,Béja,north,0.4817,0.1921,-0.0042,43.94,0.0,1.000,S2A_32SMF_20210103_1_L2A
2021-02-17,beja,Béja,north,0.6731,0.1912,0.2088,84.91,0.0,1.000,S2B_32SMF_20210217_0_L2A
2021-03-14,beja,Béja,north,0.6662,0.2090,0.2598,85.99,9.8,0.902,S2A_32SNF_20210314_0_L2A
2021-04-03,beja,Béja,north,0.6887,0.2157,0.2844,87.96,0.7,0.993,S2A_32SNF_20210403_1_L2A
2021-05-13,beja,Béja,north,0.5469,0.1847,0.1444,74.08,0.0,1.000,S2A_32SMF_20210513_1_L2A
2021-06-12,beja,Béja,north,0.2942,0.1585,-0.0405,19.61,0.2,0.998,S2A_32SMF_20210612_0_L2A
2021-07-22,beja,Béja,north,0.2361,0.1560,-0.0831,11.42,0.0,1.000,S2A_32SMF_20210722_1_L2A
2021-08-06,beja,Béja,north,0.1930,0.1271,-0.1183,5.47,0.0,1.000,S2B_32SNF_20210806_1_L2A
2021-09-25,beja,Béja,north,0.1581,0.0635,-0.1360,2.78,0.7,0.993,S2B_32SNF_20210925_1_L2A
2021-10-20,beja,Béja,north,0.2548,0.1726,-0.1839,10.52,0.0,1.000,S2A_32SMF_20211020_1_L2A
2021-11-24,beja,Béja,north,0.3870,0.2097,-0.1216,27.09,0.0,1.000,S2B_32SMF_20211124_1_L2A
2021-12-14,beja,Béja,north,0.4284,0.2172,-0.0121,41.00,0.0,1.000,S2B_32SMF_20211214_1_L2A
2017-04-14,jendouba,Jendouba,north,,,,,0.0,,S2A_32SNF_20170414_0_L2A
2017-05-04,jendouba,Jendouba,north,,,,,0.0,,S2A_32SNF_20170504_0_L2A
2017-06-13,jendouba,Jendouba,north,,,,,0.0,,S2A_MSIL2A_20170613T101031_R022_T32SNF_20210209T223826
2017-07-18,jendouba,Jendouba,north,0.2670,0.1991,-0.0663,18.58,0.0,1.000,S2B_32SMF_20170718_0_L2A
2017-08-27,jendouba,Jendouba,north,0.2523,0.1886,-0.0955,15.39,0.0,1.000,S2B_32SMF_20170827_0_L2A
2017-09-06,jendouba,Jendouba,north,0.2467,0.1958,-0.1075,14.71,0.4,0.996,S2B_32SMF_20170906_0_L2A
2017-10-16,jendouba,Jendouba,north,0.2761,0.2068,-0.1327,15.81,0.1,0.999,S2B_32SMF_20171016_0_L2A
2017-11-05,jendouba,Jendouba,north,0.2507,0.1670,-0.1239,15.41,3.4,0.966,S2B_32SMF_20171105_0_L2A
2017-12-15,jendouba,Jendouba,north,,,,,0.0,,S2B_32SNF_20171215_0_L2A
2018-01-24,jendouba,Jendouba,north,0.5453,0.1948,0.0895,65.13,14.4,0.856,S2B_32SMF_20180124_0_L2A
2018-02-08,jendouba,Jendouba,north,0.6043,0.2001,0.1558,77.76,7.1,0.929,S2A_MSIL2A_20180208T101151_R022_T32SMF_20201013T201441
2018-03-05,jendouba,Jendouba,north,0.7063,0.1962,0.2522,88.14,0.8,0.992,S2B_MSIL2A_20180305T101019_R022_T32SMF_20201013T070136
2018-04-09,jendouba,Jendouba,north,0.7219,0.1925,0.3170,91.29,1.8,0.982,S2A_32SMF_20180409_0_L2A
2018-05-24,jendouba,Jendouba,north,0.4195,0.2124,0.0084,42.45,0.1,0.999,S2B_32SMF_20180524_0_L2A
2018-06-28,jendouba,Jendouba,north,0.3099,0.2057,-0.0509,21.14,0.0,1.000,S2A_32SMF_20180628_1_L2A
2018-07-13,jendouba,Jendouba,north,0.2764,0.1919,-0.0794,18.00,0.0,1.000,S2B_32SMF_20180713_0_L2A
2018-08-02,jendouba,Jendouba,north,0.2600,0.1985,-0.0929,16.42,0.2,0.998,S2B_32SMF_20180802_0_L2A
2018-09-01,jendouba,Jendouba,north,,,,,0.0,,S2B_32SNF_20180901_1_L2A
2018-10-26,jendouba,Jendouba,north,,,,,0.0,,S2A_32SNF_20181026_1_L2A
2018-11-05,jendouba,Jendouba,north,,,,,0.0,,S2A_32SNF_20181105_0_L2A
2018-12-30,jendouba,Jendouba,north,0.5748,0.1934,0.1270,72.94,16.6,0.834,S2B_32SMF_20181230_0_L2A
2019-01-19,jendouba,Jendouba,north,0.6368,0.1875,0.1804,82.07,6.7,0.933,S2B_32SMF_20190119_0_L2A
2019-02-28,jendouba,Jendouba,north,0.6720,0.1865,0.2541,89.81,3.4,0.966,S2B_32SMF_20190228_0_L2A
2019-03-25,jendouba,Jendouba,north,,,,,0.0,,S2A_32SNF_20190325_1_L2A
2019-04-29,jendouba,Jendouba,north,,,,,0.0,,S2B_32SNF_20190429_0_L2A
2019-05-09,jendouba,Jendouba,north,,,,,0.0,,S2B_32SNF_20190509_0_L2A
2019-06-03,jendouba,Jendouba,north,0.4079,0.2132,0.0043,40.50,0.0,1.000,S2A_32SMF_20190603_1_L2A
2019-07-23,jendouba,Jendouba,north,0.3082,0.2122,-0.0548,22.13,0.0,1.000,S2A_32SMF_20190723_1_L2A
2019-08-17,jendouba,Jendouba,north,,,,,0.0,,S2B_32SNF_20190817_1_L2A
2019-09-16,jendouba,Jendouba,north,,,,,0.0,,S2B_32SNF_20190916_0_L2A
2019-10-01,jendouba,Jendouba,north,0.3593,0.2263,-0.0886,23.38,0.0,1.000,S2A_32SMF_20191001_1_L2A
2019-11-20,jendouba,Jendouba,north,0.4647,0.2389,0.0137,46.56,0.0,1.000,S2A_32SMF_20191120_1_L2A
2019-12-25,jendouba,Jendouba,north,,,,,0.0,,S2B_32SNF_20191225_1_L2A
2020-01-24,jendouba,Jendouba,north,0.6571,0.1889,0.1890,83.48,0.0,1.000,S2B_32SMF_20200124_1_L2A
2020-02-23,jendouba,Jendouba,north,0.6779,0.1964,0.2223,85.90,0.1,0.999,S2B_32SMF_20200223_0_L2A
2020-03-14,jendouba,Jendouba,north,,,,,0.0,,S2B_32SNF_20200314_0_L2A
2020-04-08,jendouba,Jendouba,north,,,,,0.0,,S2A_32SNF_20200408_0_L2A
2020-05-23,jendouba,Jendouba,north,0.4015,0.2084,0.0229,40.26,0.0,1.000,S2B_32SMF_20200523_1_L2A
2020-06-02,jendouba,Jendouba,north,0.3613,0.2069,-0.0205,28.34,0.1,0.999,S2B_32SMF_20200602_0_L2A
2020-07-22,jendouba,Jendouba,north,0.2863,0.2103,-0.0701,19.52,0.0,1.000,S2B_32SMF_20200722_1_L2A
2020-08-01,jendouba,Jendouba,north,,,,,0.0,,S2B_32SNF_20200801_1_L2A
2020-09-30,jendouba,Jendouba,north,0.2810,0.2014,-0.1298,16.93,0.0,1.000,S2B_32SMF_20200930_1_L2A
2020-10-10,jendouba,Jendouba,north,,,,,0.0,,S2B_32SNF_20201010_1_L2A
2020-11-14,jendouba,Jendouba,north,0.3383,0.2405,-0.1060,22.87,0.0,1.000,S2A_32SMF_20201114_1_L2A
2020-12-24,jendouba,Jendouba,north,0.5080,0.2225,0.0217,48.49,0.0,1.000,S2A_32SMF_20201224_1_L2A
2021-01-03,jendouba,Jendouba,north,0.5223,0.2139,0.0488,52.23,0.1,0.999,S2A_32SMF_20210103_1_L2A
2021-02-17,jendouba,Jendouba,north,0.6899,0.1866,0.2286,87.02,0.1,0.999,S2B_32SMF_20210217_0_L2A
2021-03-14,jendouba,Jendouba,north,,,,,0.0,,S2A_32SNF_20210314_0_L2A
2021-04-03,jendouba,Jendouba,north,,,,,0.0,,S2A_32SNF_20210403_1_L2A
2021-05-13,jendouba,Jendouba,north,0.4910,0.1991,0.0705,59.23,0.0,1.000,S2A_32SMF_20210513_1_L2A
2021-06-12,jendouba,Jendouba,north,0.3268,0.2044,-0.0422,23.37,0.1,0.999,S2A_32SMF_20210612_0_L2A
2021-07-22,jendouba,Jendouba,north,0.2837,0.2073,-0.0620,19.34,0.0,1.000,S2A_32SMF_20210722_1_L2A
2021-08-06,jendouba,Jendouba,north,,,,,0.0,,S2B_32SNF_20210806_1_L2A
2021-09-25,jendouba,Jendouba,north,,,,,0.0,,S2B_32SNF_20210925_1_L2A
2021-10-20,jendouba,Jendouba,north,0.3012,0.2198,-0.1287,17.47,0.0,1.000,S2A_32SMF_20211020_1_L2A
2021-11-24,jendouba,Jendouba,north,0.4129,0.2406,-0.0674,32.88,0.0,1.000,S2B_32SMF_20211124_1_L2A
2021-12-14,jendouba,Jendouba,north,0.4627,0.2465,0.0209,46.78,0.0,1.000,S2B_32SMF_20211214_1_L2A
2017-03-05,kef,Le Kef,north,0.4930,0.2033,0.0956,65.79,29.7,0.703,S2A_32SME_20170305_0_L2A
2017-04-14,kef,Le Kef,north,0.3869,0.1819,0.0065,38.81,0.2,0.998,S2A_32SME_20170414_0_L2A
2017-05-04,kef,Le Kef,north,0.2982,0.1465,-0.0550,19.73,0.2,0.998,S2A_MSIL2A_20170504T101031_R022_T32SMF_20210209T125753
2017-06-23,kef,Le Kef,north,0.1406,0.0675,-0.1571,0.50,0.9,0.991,S2A_32SME_20170623_0_L2A
2017-07-08,kef,Le Kef,north,0.1481,0.0702,-0.1348,0.71,0.1,0.999,S2B_32SME_20170708_0_L2A
2017-08-27,kef,Le Kef,north,0.1734,0.1034,-0.1328,2.51,0.1,0.999,S2B_32SMF_20170827_0_L2A
2017-09-06,kef,Le Kef,north,0.1565,0.1028,-0.1532,1.89,1.6,0.984,S2B_32SMF_20170906_0_L2A
2017-10-16,kef,Le Kef,north,0.1913,0.1125,-0.1476,3.89,0.1,0.999,S2B_32SMF_20171016_0_L2A
2017-11-05,kef,Le Kef,north,0.1618,0.0782,-0.1127,1.56,27.0,0.730,S2B_32SMF_20171105_0_L2A
2017-12-15,kef,Le Kef,north,0.2527,0.1328,-0.1149,7.07,0.0,1.000,S2B_32SME_20171215_0_L2A
2018-01-24,kef,Le Kef,north,0.3579,0.1722,-0.0287,30.15,0.0,1.000,S2B_32SME_20180124_0_L2A
2018-02-08,kef,Le Kef,north,0.4089,0.1874,0.0261,45.84,1.1,0.989,S2A_MSIL2A_20180208T101151_R022_T32SMF_20201013T201441
2018-03-05,kef,Le Kef,north,0.4760,0.2197,0.0694,53.59,0.3,0.997,S2B_MSIL2A_20180305T101019_R022_T32SMF_20201013T070136
2018-04-04,kef,Le Kef,north,0.3783,0.1602,0.0530,51.05,0.0,1.000,S2B_32SME_20180404_0_L2A
2018-05-24,kef,Le Kef,north,0.1612,0.0607,-0.1521,0.19,0.0,0.062,S2B_32SMF_20180524_1_L2A
2018-06-28,kef,Le Kef,north,0.1499,0.0678,-0.1574,0.59,0.0,1.000,S2A_32SME_20180628_1_L2A
2018-07-03,kef,Le Kef,north,0.1239,0.0399,-0.1647,0.29,0.0,1.000,S2B_32SME_20180703_0_L2A
2018-08-27,kef,Le Kef,north,0.1385,0.0693,-0.1864,0.63,0.0,1.000,S2A_32SME_20180827_1_L2A
2018-09-01,kef,Le Kef,north,0.1672,0.1063,-0.1775,1.92,0.1,0.999,S2B_32SMF_20180901_0_L2A
2018-10-26,kef,Le Kef,north,0.2177,0.1116,-0.1203,4.43,0.0,1.000,S2A_32SME_20181026_1_L2A
2018-11-05,kef,Le Kef,north,0.2558,0.1273,-0.0891,10.85,0.0,1.000,S2A_32SME_20181105_0_L2A
2018-12-30,kef,Le Kef,north,0.4192,0.1897,0.0361,48.63,0.5,0.995,S2B_32SME_20181230_1_L2A
2019-01-19,kef,Le Kef,north,0.4263,0.1757,0.0324,49.98,11.9,0.881,S2B_32SMF_20190119_0_L2A
2019-02-28,kef,Le Kef,north,0.4965,0.1976,0.1367,70.07,0.0,1.000,S2B_32SME_20190228_0_L2A
2019-03-10,kef,Le Kef,north,0.5097,0.2233,0.1346,67.24,0.0,1.000,S2B_32SME_20190310_0_L2A
2019-04-29,kef,Le Kef,north,0.4683,0.2067,0.1168,64.68,0.0,1.000,S2B_32SME_20190429_0_L2A
2019-05-09,kef,Le Kef,north,0.3947,0.1642,0.0538,53.07,6.5,0.935,S2B_32SME_20190509_0_L2A
2019-06-13,kef,Le Kef,north,0.2147,0.0956,-0.1157,2.34,0.0,1.000,S2A_32SME_20190613_1_L2A
2019-07-28,kef,Le Kef,north,0.1617,0.0842,-0.1312,1.23,0.0,1.000,S2B_32SME_20190728_1_L2A
2019-08-17,kef,Le Kef,north,0.1616,0.0752,-0.1323,1.41,0.0,1.000,S2B_32SME_20190817_1_L2A
2019-09-16,kef,Le Kef,north,0.2462,0.1283,-0.1309,4.80,0.0,1.000,S2B_32SME_20190916_1_L2A
2019-10-06,kef,Le Kef,north,0.2456,0.1215,-0.1258,6.67,0.0,1.000,S2B_32SME_20191006_1_L2A
2019-11-30,kef,Le Kef,north,0.2719,0.1346,-0.1244,9.64,0.0,1.000,S2A_32SME_20191130_1_L2A
2019-12-25,kef,Le Kef,north,0.3665,0.1580,-0.0413,27.53,0.0,1.000,S2B_32SME_20191225_1_L2A
2020-01-24,kef,Le Kef,north,0.4673,0.1931,0.0410,52.20,0.0,1.000,S2B_32SMF_20200124_1_L2A
2020-02-23,kef,Le Kef,north,0.3968,0.1703,0.0029,39.40,0.0,1.000,S2B_32SME_20200223_1_L2A
2020-03-14,kef,Le Kef,north,0.3783,0.1869,-0.0160,32.67,0.0,1.000,S2B_32SME_20200314_0_L2A
2020-04-28,kef,Le Kef,north,0.3878,0.1764,-0.0082,33.42,0.7,0.993,S2A_32SME_20200428_0_L2A
2020-05-23,kef,Le Kef,north,0.2678,0.1254,-0.0637,13.24,0.0,1.000,S2B_32SMF_20200523_1_L2A
2020-06-02,kef,Le Kef,north,0.2069,0.0784,-0.1110,1.89,0.0,1.000,S2B_32SME_20200602_0_L2A
2020-07-22,kef,Le Kef,north,0.1915,0.1150,-0.1178,5.18,0.0,1.000,S2B_32SMF_20200722_1_L2A
2020-08-26,kef,Le Kef,north,0.1552,0.0750,-0.1498,1.39,0.0,1.000,S2A_32SME_20200826_1_L2A
2020-09-30,kef,Le Kef,north,0.2006,0.1212,-0.1368,6.04,0.0,1.000,S2B_32SMF_20200930_1_L2A
2020-10-30,kef,Le Kef,north,0.1977,0.1093,-0.1513,3.77,0.2,0.998,S2B_32SME_20201030_1_L2A
2020-11-14,kef,Le Kef,north,0.2338,0.1552,-0.1230,9.94,0.0,1.000,S2A_32SMF_20201114_1_L2A
2020-12-24,kef,Le Kef,north,0.3645,0.1427,-0.0201,31.51,0.0,1.000,S2A_32SME_20201224_1_L2A
2021-01-03,kef,Le Kef,north,0.3880,0.1663,-0.0006,37.20,0.0,1.000,S2A_32SMF_20210103_1_L2A
2021-02-12,kef,Le Kef,north,0.4788,0.2033,0.0646,58.19,0.0,1.000,S2A_32SME_20210212_1_L2A
2021-03-29,kef,Le Kef,north,0.4463,0.1738,0.0845,60.95,0.0,1.000,S2B_32SME_20210329_1_L2A
2021-04-28,kef,Le Kef,north,0.3457,0.1482,-0.0269,27.96,0.0,1.000,S2B_32SME_20210428_3_L2A
2021-05-08,kef,Le Kef,north,0.3166,0.1218,-0.0601,15.75,0.0,1.000,S2B_32SME_20210508_1_L2A
2021-06-22,kef,Le Kef,north,0.1582,0.0601,-0.1417,0.59,6.6,0.934,S2A_32SME_20210622_1_L2A
2021-07-22,kef,Le Kef,north,0.1884,0.1124,-0.1183,3.76,0.0,1.000,S2A_32SMF_20210722_1_L2A
2021-08-06,kef,Le Kef,north,0.1484,0.0755,-0.1536,0.97,0.0,1.000,S2B_32SME_20210806_1_L2A
2021-09-25,kef,Le Kef,north,0.1328,0.0434,-0.1425,0.28,0.0,1.000,S2B_32SME_20210925_2_L2A
2021-10-20,kef,Le Kef,north,0.2081,0.1349,-0.1247,7.35,0.0,1.000,S2A_32SMF_20211020_1_L2A
2021-11-24,kef,Le Kef,north,0.2499,0.1535,-0.1166,11.44,0.0,1.000,S2B_32SMF_20211124_1_L2A
2021-12-14,kef,Le Kef,north,0.2289,0.1225,-0.1081,7.47,0.0,1.000,S2B_32SME_20211214_1_L2A
2017-03-12,siliana,Siliana,centre-west,0.5398,0.2307,0.1263,68.87,0.0,0.702,S2A_32SNE_20170312_0_L2A
2017-04-14,siliana,Siliana,centre-west,0.4809,0.2180,0.1107,63.84,0.2,0.998,S2A_32SNF_20170414_0_L2A
2017-05-04,siliana,Siliana,centre-west,0.3296,0.1597,-0.0091,32.35,0.2,0.998,S2A_32SNF_20170504_0_L2A
2017-06-30,siliana,Siliana,centre-west,0.1659,0.0810,-0.1288,2.44,0.0,0.075,S2A_MSIL2A_20170630T100031_R122_T32SNE_20210210T025551
2017-07-10,siliana,Siliana,centre-west,0.1452,0.0730,-0.1198,1.15,0.0,0.708,S2A_32SNE_20170710_0_L2A
2017-08-04,siliana,Siliana,centre-west,0.1444,0.0715,-0.1306,1.21,0.0,0.800,S2B_32SNE_20170804_1_L2A
2017-09-13,siliana,Siliana,centre-west,0.1486,0.0814,-0.1602,1.49,0.0,0.758,S2B_32SNE_20170913_0_L2A
2017-10-26,siliana,Siliana,centre-west,0.2089,0.1258,-0.1515,3.35,0.1,0.999,S2B_32SNE_20171026_0_L2A
2017-11-22,siliana,Siliana,centre-west,0.2514,0.1208,-0.1172,9.88,0.0,0.558,S2B_32SNF_20171122_0_L2A
2017-12-15,siliana,Siliana,centre-west,0.2789,0.1397,-0.0778,16.47,0.2,0.998,S2B_32SNF_20171215_0_L2A
2018-01-24,siliana,Siliana,centre-west,0.3756,0.1802,0.0025,37.43,13.9,0.861,S2B_32SNE_20180124_0_L2A
2018-02-05,siliana,Siliana,centre-west,0.3799,0.1746,-0.0172,32.76,3.4,0.660,S2A_MSIL2A_20180205T100211_R122_T32SNE_20201013T190311
2018-03-12,siliana,Siliana,centre-west,0.4580,0.2085,0.0425,51.42,6.7,0.490,S2B_32SNE_20180312_0_L2A
2018-04-11,siliana,Siliana,centre-west,0.3184,0.1434,-0.0209,29.84,0.0,0.748,S2B_32SNE_20180411_0_L2A
2018-05-31,siliana,Siliana,centre-west,0.2093,0.0992,-0.1345,2.31,1.0,0.640,S2B_32SNE_20180531_1_L2A
2018-06-10,siliana,Siliana,centre-west,0.1703,0.0763,-0.1543,1.24,0.0,0.694,S2B_32SNE_20180610_1_L2A
2018-07-18,siliana,Siliana,centre-west,0.1207,0.0549,-0.1569,0.42,0.0,1.000,S2A_32SNF_20180718_1_L2A
2018-08-29,siliana,Siliana,centre-west,0.1878,0.1210,-0.1622,3.40,0.0,0.658,S2B_32SNE_20180829_1_L2A
2018-09-01,siliana,Siliana,centre-west,0.1632,0.1035,-0.1711,1.93,0.0,1.000,S2B_32SNE_20180901_1_L2A
2018-10-26,siliana,Siliana,centre-west,0.2274,0.1379,-0.1063,9.56,0.0,1.000,S2A_32SNF_20181026_1_L2A
2018-11-05,siliana,Siliana,centre-west,0.2728,0.1501,-0.0617,18.81,0.1,0.999,S2A_32SNF_20181105_0_L2A
2018-12-30,siliana,Siliana,centre-west,0.4253,0.1981,0.0235,46.06,0.1,0.999,S2B_32SNE_20181230_0_L2A
2019-01-16,siliana,Siliana,centre-west,0.4400,0.1729,0.0492,53.78,0.2,0.582,S2B_32SNF_20190116_0_L2A
2019-02-08,siliana,Siliana,centre-west,0.4762,0.2021,0.1057,67.09,0.2,0.998,S2B_32SNE_20190208_0_L2A
2019-03-25,siliana,Siliana,centre-west,0.5589,0.2521,0.2080,75.14,0.0,1.000,S2A_32SNE_20190325_1_L2A
2019-04-29,siliana,Siliana,centre-west,0.5070,0.2545,0.1607,67.05,0.0,1.000,S2B_32SNE_20190429_1_L2A
2019-05-01,siliana,Siliana,centre-west,0.5043,0.2262,0.1642,70.10,0.0,0.740,S2A_32SNE_20190501_1_L2A
2019-06-25,siliana,Siliana,centre-west,0.1894,0.0772,-0.1268,1.71,0.0,0.751,S2B_32SNE_20190625_2_L2A
2019-07-05,siliana,Siliana,centre-west,0.1651,0.0798,-0.1328,1.33,0.0,0.762,S2B_32SNE_20190705_1_L2A
2019-08-17,siliana,Siliana,centre-west,0.1510,0.0797,-0.1281,2.13,0.0,1.000,S2B_32SNE_20190817_1_L2A
2019-09-28,siliana,Siliana,centre-west,0.3450,0.1744,-0.0700,22.72,0.0,0.745,S2A_32SNE_20190928_1_L2A
2019-10-11,siliana,Siliana,centre-west,0.2993,0.1713,-0.0866,18.63,0.0,1.000,S2A_32SNE_20191011_1_L2A
2019-11-02,siliana,Siliana,centre-west,0.2998,0.1667,-0.1059,17.08,0.0,0.579,S2B_32SNF_20191102_1_L2A
2019-12-25,siliana,Siliana,centre-west,0.3270,0.1640,-0.0676,21.54,0.0,1.000,S2B_32SNE_20191225_1_L2A
2020-01-19,siliana,Siliana,centre-west,0.3737,0.1654,-0.0278,30.92,0.0,1.000,S2A_32SNE_20200119_1_L2A
2020-02-25,siliana,Siliana,centre-west,0.3311,0.1647,-0.0570,23.14,0.0,0.688,S2A_32SNE_20200225_1_L2A
2020-03-01,siliana,Siliana,centre-west,0.3219,0.1657,-0.0577,22.43,0.0,0.688,S2B_32SNE_20200301_1_L2A
2020-04-05,siliana,Siliana,centre-west,0.4379,0.2224,0.0489,45.73,0.9,0.679,S2A_32SNE_20200405_2_L2A
2020-05-10,siliana,Siliana,centre-west,0.3653,0.1807,-0.0031,36.36,0.0,0.704,S2B_32SNE_20200510_1_L2A
2020-06-14,siliana,Siliana,centre-west,0.1769,0.0875,-0.1429,2.05,0.0,0.786,S2A_32SNE_20200614_1_L2A
2020-07-29,siliana,Siliana,centre-west,0.1473,0.0793,-0.1678,1.59,0.0,0.686,S2B_32SNE_20200729_1_L2A
2020-08-23,siliana,Siliana,centre-west,0.1474,0.0921,-0.1762,1.69,0.0,0.777,S2A_32SNE_20200823_1_L2A
2020-09-30,siliana,Siliana,centre-west,0.1989,0.1051,-0.1457,3.27,0.0,1.000,S2B_32SNE_20200930_1_L2A
2020-10-02,siliana,Siliana,centre-west,0.2102,0.1116,-0.1589,3.38,0.0,0.774,S2A_32SNE_20201002_1_L2A
2020-11-01,siliana,Siliana,centre-west,0.2152,0.1278,-0.1563,4.72,0.0,0.788,S2A_32SNE_20201101_1_L2A
2020-12-29,siliana,Siliana,centre-west,0.3649,0.1711,-0.0239,33.98,0.0,1.000,S2B_32SNE_20201229_1_L2A
2021-01-20,siliana,Siliana,centre-west,0.4117,0.1765,0.0147,43.78,0.0,0.665,S2A_32SNF_20210120_1_L2A
2021-02-12,siliana,Siliana,centre-west,0.4922,0.2176,0.0776,60.61,0.0,1.000,S2A_32SNE_20210212_1_L2A
2021-03-31,siliana,Siliana,centre-west,0.5114,0.2204,0.1332,67.49,0.0,0.745,S2A_32SNE_20210331_1_L2A
2021-04-28,siliana,Siliana,centre-west,0.4083,0.2048,0.0448,48.03,0.0,1.000,S2B_32SNE_20210428_2_L2A
2021-05-13,siliana,Siliana,centre-west,0.2890,0.1448,-0.0641,18.04,0.0,1.000,S2A_32SNE_20210513_1_L2A
2021-06-14,siliana,Siliana,centre-west,0.1773,0.0785,-0.1217,2.15,0.0,0.762,S2B_32SNE_20210614_1_L2A
2021-07-22,siliana,Siliana,centre-west,0.1465,0.0809,-0.1256,1.66,0.0,1.000,S2A_32SNE_20210722_1_L2A
2021-08-06,siliana,Siliana,centre-west,0.1360,0.0803,-0.1385,1.29,0.0,1.000,S2B_32SNF_20210806_1_L2A
2021-09-25,siliana,Siliana,centre-west,0.1167,0.0353,-0.1198,0.26,0.0,1.000,S2B_32SNE_20210925_2_L2A
2021-10-17,siliana,Siliana,centre-west,0.1609,0.0896,-0.1629,2.41,0.0,0.787,S2A_32SNE_20211017_1_L2A
2021-11-14,siliana,Siliana,centre-west,0.1851,0.1027,-0.1476,3.82,0.0,1.000,S2B_32SNE_20211114_1_L2A
2021-12-14,siliana,Siliana,centre-west,0.2567,0.1396,-0.0823,14.28,0.0,1.000,S2B_32SNE_20211214_1_L2A
2017-03-12,sousse,Sousse,sahel,0.4078,0.1870,0.0506,52.36,0.5,0.995,S2A_32SPE_20170312_0_L2A
2017-04-01,sousse,Sousse,sahel,0.3744,0.1649,0.0219,44.57,0.5,0.995,S2A_32SPE_20170401_0_L2A
2017-05-21,sousse,Sousse,sahel,0.2168,0.0885,-0.0859,2.99,5.6,0.944,S2A_MSIL2A_20170521T100031_R122_T32SPE_20210607T065439
2017-06-30,sousse,Sousse,sahel,0.1756,0.0840,-0.1210,1.40,0.2,0.998,S2A_MSIL2A_20170630T100031_R122_T32SPE_20210210T025551
2017-07-05,sousse,Sousse,sahel,0.1981,0.0898,-0.1097,2.08,3.0,0.970,S2B_32SPE_20170705_1_L2A
2017-08-04,sousse,Sousse,sahel,0.1762,0.0791,-0.1252,1.41,0.1,0.999,S2B_32SPE_20170804_0_L2A
2017-09-13,sousse,Sousse,sahel,0.1812,0.0920,-0.1282,1.57,0.2,0.998,S2B_MSIL2A_20170913T100019_R122_T32SPE_20210202T020817
2017-10-13,sousse,Sousse,sahel,0.2221,0.1187,-0.0896,5.31,13.9,0.861,S2B_32SPE_20171013_0_L2A
2017-11-12,sousse,Sousse,sahel,0.3191,0.1540,-0.0566,19.73,3.2,0.968,S2B_32SPE_20171112_0_L2A
2017-12-02,sousse,Sousse,sahel,0.3646,0.1910,-0.0267,29.35,1.0,0.990,S2B_32SPE_20171202_0_L2A
2018-01-31,sousse,Sousse,sahel,0.3069,0.1562,-0.0641,14.98,0.3,0.997,S2B_MSIL2A_20180131T100229_R122_T32SPE_20201014T103024
2018-02-10,sousse,Sousse,sahel,0.2859,0.1477,-0.0718,11.97,1.3,0.987,S2B_MSIL2A_20180210T100139_R122_T32SPE_20201026T013821
2018-03-12,sousse,Sousse,sahel,0.2840,0.1313,-0.0690,12.31,27.8,0.722,S2B_32SPE_20180312_0_L2A
2018-04-16,sousse,Sousse,sahel,0.2218,0.0939,-0.1046,4.17,2.2,0.978,S2A_32SPE_20180416_0_L2A
2018-05-31,sousse,Sousse,sahel,0.1690,0.0920,-0.1440,1.46,0.0,1.000,S2B_32SPE_20180531_1_L2A
2018-06-05,sousse,Sousse,sahel,0.1620,0.0892,-0.1564,1.25,0.0,1.000,S2A_32SPE_20180605_1_L2A
2018-07-05,sousse,Sousse,sahel,0.1317,0.0598,-0.1440,0.57,4.7,0.953,S2A_32SPE_20180705_1_L2A
2018-08-14,sousse,Sousse,sahel,0.1711,0.1009,-0.1497,2.20,0.0,1.000,S2A_32SPE_20180814_1_L2A
2018-09-03,sousse,Sousse,sahel,,,,,40.8,,S2A_32SPE_20180903_0_L2A
2018-10-08,sousse,Sousse,sahel,0.3322,0.1726,-0.0299,28.87,0.2,0.998,S2B_32SPE_20181008_0_L2A
2018-11-07,sousse,Sousse,sahel,0.3393,0.1703,0.0111,36.80,30.3,0.614,S2B_32SPE_20181107_0_L2A
2018-12-22,sousse,Sousse,sahel,0.3856,0.2012,-0.0066,35.93,0.1,0.999,S2A_32SPE_20181222_0_L2A
2019-01-16,sousse,Sousse,sahel,0.3269,0.1534,-0.0340,25.09,1.1,0.989,S2B_32SPE_20190116_0_L2A
2019-02-10,sousse,Sousse,sahel,0.3368,0.1704,-0.0126,27.75,0.2,0.998,S2A_32SPE_20190210_0_L2A
2019-03-17,sousse,Sousse,sahel,0.3013,0.1411,-0.0427,17.77,0.3,0.997,S2B_32SPE_20190317_0_L2A
2019-04-26,sousse,Sousse,sahel,0.2982,0.1000,-0.0027,31.00,0.2,0.998,S2B_32SPE_20190426_0_L2A
2019-05-16,sousse,Sousse,sahel,0.2737,0.1101,-0.0444,12.77,2.7,0.973,S2B_32SPE_20190516_1_L2A
2019-06-05,sousse,Sousse,sahel,0.2247,0.0986,-0.1030,3.26,0.0,1.000,S2B_32SPE_20190605_1_L2A
2019-07-25,sousse,Sousse,sahel,0.1752,0.0818,-0.1452,1.34,0.0,1.000,S2B_32SPE_20190725_1_L2A
2019-08-14,sousse,Sousse,sahel,0.1678,0.0941,-0.1439,1.21,0.1,0.999,S2B_32SPE_20190814_1_L2A
2019-09-28,sousse,Sousse,sahel,0.3306,0.1901,-0.0516,21.90,0.1,0.999,S2A_32SPE_20190928_0_L2A
2019-10-18,sousse,Sousse,sahel,0.2973,0.1498,-0.0783,12.69,0.6,0.994,S2A_32SPE_20191018_0_L2A
2019-11-07,sousse,Sousse,sahel,0.3322,0.1481,-0.0081,31.25,0.1,0.999,S2A_32SPE_20191107_1_L2A
2019-12-07,sousse,Sousse,sahel,0.3381,0.1556,-0.0272,28.23,0.1,0.999,S2A_32SPE_20191207_1_L2A
2020-01-26,sousse,Sousse,sahel,0.3542,0.1534,-0.0024,33.17,16.9,0.831,S2A_32SPE_20200126_0_L2A
2020-02-25,sousse,Sousse,sahel,0.3092,0.1265,-0.0497,16.43,0.1,0.999,S2A_32SPE_20200225_1_L2A
2020-03-01,sousse,Sousse,sahel,0.3014,0.1229,-0.0507,15.22,0.1,0.999,S2B_32SPE_20200301_1_L2A
2020-04-05,sousse,Sousse,sahel,0.3110,0.1315,-0.0442,16.37,0.1,0.999,S2A_32SPE_20200405_0_L2A
2020-05-05,sousse,Sousse,sahel,0.2609,0.1162,-0.0910,4.94,0.3,0.997,S2A_32SPE_20200505_1_L2A
2020-06-24,sousse,Sousse,sahel,0.1824,0.0885,-0.1410,1.52,0.0,1.000,S2A_32SPE_20200624_1_L2A
2020-07-29,sousse,Sousse,sahel,0.1659,0.0810,-0.1454,1.32,0.0,1.000,S2B_32SPE_20200729_1_L2A
2020-08-28,sousse,Sousse,sahel,0.1682,0.0809,-0.1439,1.39,0.0,1.000,S2B_32SPE_20200828_1_L2A
2020-09-07,sousse,Sousse,sahel,0.1944,0.1028,-0.1145,2.49,1.1,0.989,S2B_32SPE_20200907_0_L2A
2020-10-17,sousse,Sousse,sahel,0.3660,0.1705,0.0075,39.00,0.1,0.999,S2B_32SPE_20201017_1_L2A
2020-11-26,sousse,Sousse,sahel,0.3962,0.1935,0.0306,46.22,0.6,0.994,S2B_32SPE_20201126_0_L2A
2020-12-06,sousse,Sousse,sahel,0.3792,0.1705,0.0235,44.10,0.0,1.000,S2B_32SPE_20201206_1_L2A
2021-01-15,sousse,Sousse,sahel,0.3756,0.1765,-0.0084,34.69,3.7,0.963,S2B_32SPE_20210115_0_L2A
2021-02-09,sousse,Sousse,sahel,,,,,45.7,,S2A_32SPE_20210209_0_L2A
2021-03-26,sousse,Sousse,sahel,0.3215,0.1480,-0.0392,20.22,0.2,0.998,S2B_32SPE_20210326_0_L2A
2021-04-25,sousse,Sousse,sahel,0.2560,0.1186,-0.0913,5.80,19.9,0.801,S2B_32SPE_20210425_0_L2A
2021-05-25,sousse,Sousse,sahel,0.1816,0.0837,-0.1264,1.55,0.1,0.999,S2B_32SPE_20210525_1_L2A
2021-06-14,sousse,Sousse,sahel,0.1827,0.0836,-0.1389,1.50,0.0,1.000,S2B_32SPE_20210614_1_L2A
2021-07-24,sousse,Sousse,sahel,0.1746,0.0826,-0.1322,1.61,0.0,1.000,S2B_32SPE_20210724_1_L2A
2021-08-23,sousse,Sousse,sahel,0.1665,0.0826,-0.1461,1.42,0.0,1.000,S2B_32SPE_20210823_1_L2A
2021-09-07,sousse,Sousse,sahel,0.1831,0.1031,-0.1425,1.91,3.6,0.964,S2A_32SPE_20210907_0_L2A
2021-10-17,sousse,Sousse,sahel,0.1994,0.1107,-0.1319,2.42,1.1,0.989,S2A_32SPE_20211017_0_L2A
2021-11-11,sousse,Sousse,sahel,0.2681,0.1434,-0.0855,10.51,0.2,0.998,S2B_32SPE_20211111_0_L2A
2021-12-01,sousse,Sousse,sahel,0.2865,0.1673,-0.0864,11.71,0.3,0.997,S2B_32SPE_20211201_0_L2A
2017-03-12,monastir,Monastir,sahel,0.3504,0.1926,0.0206,39.74,0.6,0.964,S2A_32SPE_20170312_0_L2A
2017-04-01,monastir,Monastir,sahel,0.3166,0.1721,-0.0046,31.24,0.3,0.977,S2A_32SPE_20170401_0_L2A
2017-05-21,monastir,Monastir,sahel,0.2153,0.0956,-0.0777,4.31,5.1,0.810,S2A_MSIL2A_20170521T100031_R122_T32SPE_20210607T065439
2017-06-30,monastir,Monastir,sahel,0.1657,0.0867,-0.1068,1.52,1.7,0.948,S2A_MSIL2A_20170630T100031_R122_T32SPE_20210210T025551
2017-07-05,monastir,Monastir,sahel,0.1929,0.1035,-0.0903,3.72,3.9,0.418,S2B_32SPE_20170705_1_L2A
2017-08-04,monastir,Monastir,sahel,0.1728,0.0824,-0.1117,1.58,0.2,0.996,S2B_32SPE_20170804_0_L2A
2017-09-13,monastir,Monastir,sahel,0.1779,0.0949,-0.1169,1.73,0.4,0.989,S2B_MSIL2A_20170913T100019_R122_T32SPE_20210202T020817
2017-10-13,monastir,Monastir,sahel,0.2296,0.1129,-0.0852,5.10,11.1,0.692,S2B_32SPE_20171013_0_L2A
2017-11-12,monastir,Monastir,sahel,0.2857,0.1335,-0.0694,13.34,16.5,0.696,S2B_32SPE_20171112_0_L2A
2017-12-02,monastir,Monastir,sahel,0.3286,0.1776,-0.0338,22.46,0.6,0.965,S2B_32SPE_20171202_0_L2A
2018-01-31,monastir,Monastir,sahel,0.2709,0.1447,-0.0732,9.58,0.4,0.980,S2B_MSIL2A_20180131T100229_R122_T32SPE_20201014T103024
2018-02-10,monastir,Monastir,sahel,0.2497,0.1363,-0.0804,7.55,0.4,0.985,S2B_MSIL2A_20180210T100139_R122_T32SPE_20201026T013821
2018-03-12,monastir,Monastir,sahel,0.2525,0.1291,-0.0854,8.20,29.2,0.606,S2B_32SPE_20180312_0_L2A
2018-04-16,monastir,Monastir,sahel,0.2123,0.0962,-0.0955,4.66,5.6,0.882,S2A_32SPE_20180416_0_L2A
2018-05-31,monastir,Monastir,sahel,0.1597,0.0984,-0.1208,2.00,0.0,1.000,S2B_32SPE_20180531_1_L2A
2018-06-05,monastir,Monastir,sahel,0.1553,0.0927,-0.1333,1.75,0.0,1.000,S2A_32SPE_20180605_1_L2A
2018-07-05,monastir,Monastir,sahel,0.1293,0.0638,-0.1221,0.85,2.1,0.979,S2A_32SPE_20180705_1_L2A
2018-08-14,monastir,Monastir,sahel,0.1510,0.0866,-0.1522,1.42,0.1,0.999,S2A_32SPE_20180814_1_L2A
2018-09-03,monastir,Monastir,sahel,0.1772,0.0912,-0.1148,2.89,39.0,0.334,S2A_32SPE_20180903_0_L2A
2018-10-08,monastir,Monastir,sahel,0.2869,0.1597,-0.0484,18.80,12.1,0.786,S2B_32SPE_20181008_0_L2A
2018-11-07,monastir,Monastir,sahel,0.3043,0.1803,0.0283,37.12,26.9,0.329,S2B_32SPE_20181107_0_L2A
2018-12-22,monastir,Monastir,sahel,0.3646,0.2003,0.0015,34.94,0.3,0.962,S2A_32SPE_20181222_0_L2A
2019-01-16,monastir,Monastir,sahel,0.3115,0.1560,-0.0251,24.66,1.6,0.938,S2B_32SPE_20190116_0_L2A
2019-02-10,monastir,Monastir,sahel,0.3204,0.1796,0.0116,31.50,0.2,0.966,S2A_32SPE_20190210_0_L2A
2019-03-17,monastir,Monastir,sahel,0.2909,0.1571,-0.0272,21.49,0.3,0.981,S2B_32SPE_20190317_0_L2A
2019-04-26,monastir,Monastir,sahel,0.2639,0.1206,-0.0013,26.70,0.8,0.975,S2B_32SPE_20190426_0_L2A
2019-05-16,monastir,Monastir,sahel,0.2499,0.1238,-0.0329,13.23,0.3,0.997,S2B_32SPE_20190516_1_L2A
2019-06-05,monastir,Monastir,sahel,0.2097,0.1046,-0.0828,4.05,0.0,1.000,S2B_32SPE_20190605_1_L2A
2019-07-25,monastir,Monastir,sahel,0.1691,0.0865,-0.1249,1.78,0.0,1.000,S2B_32SPE_20190725_1_L2A
2019-08-14,monastir,Monastir,sahel,0.1619,0.1011,-0.1236,1.50,0.1,0.999,S2B_32SPE_20190814_1_L2A
2019-09-28,monastir,Monastir,sahel,0.2834,0.1720,-0.0608,15.19,0.5,0.981,S2A_32SPE_20190928_0_L2A
2019-10-18,monastir,Monastir,sahel,0.2526,0.1532,-0.0560,12.29,8.8,0.679,S2A_32SPE_20191018_0_L2A
2019-11-07,monastir,Monastir,sahel,0.3234,0.1598,0.0102,33.34,0.1,0.993,S2A_32SPE_20191107_1_L2A
2019-12-07,monastir,Monastir,sahel,0.3394,0.1672,0.0285,40.95,0.1,0.994,S2A_32SPE_20191207_1_L2A
2020-01-26,monastir,Monastir,sahel,0.3607,0.1774,0.0306,43.67,4.2,0.864,S2A_32SPE_20200126_0_L2A
2020-02-25,monastir,Monastir,sahel,0.3138,0.1543,-0.0085,29.78,0.0,0.997,S2A_32SPE_20200225_1_L2A
2020-03-01,monastir,Monastir,sahel,0.3063,0.1522,-0.0106,27.90,0.1,0.997,S2B_32SPE_20200301_1_L2A
2020-04-05,monastir,Monastir,sahel,0.3043,0.1552,-0.0136,25.00,0.3,0.979,S2A_32SPE_20200405_0_L2A
2020-05-05,monastir,Monastir,sahel,0.2410,0.1280,-0.0766,6.38,0.2,0.997,S2A_32SPE_20200505_1_L2A
2020-06-24,monastir,Monastir,sahel,0.1841,0.0991,-0.1143,2.50,0.0,1.000,S2A_32SPE_20200624_1_L2A
2020-07-29,monastir,Monastir,sahel,0.1676,0.0859,-0.1240,1.74,0.0,1.000,S2B_32SPE_20200729_1_L2A
2020-08-28,monastir,Monastir,sahel,0.1700,0.0847,-0.1199,1.73,0.0,1.000,S2B_32SPE_20200828_1_L2A
2020-09-07,monastir,Monastir,sahel,0.1857,0.1092,-0.0459,4.22,1.0,0.912,S2B_32SPE_20200907_0_L2A
2020-10-17,monastir,Monastir,sahel,0.3550,0.1827,0.0263,44.19,0.1,0.983,S2B_32SPE_20201017_1_L2A
2020-11-26,monastir,Monastir,sahel,0.3758,0.2009,0.0573,52.85,0.7,0.857,S2B_32SPE_20201126_0_L2A
2020-12-06,monastir,Monastir,sahel,0.3582,0.1780,0.0455,48.16,0.0,0.982,S2B_32SPE_20201206_1_L2A
2021-01-15,monastir,Monastir,sahel,0.3676,0.1888,0.0173,41.04,2.9,0.905,S2B_32SPE_20210115_0_L2A
2021-02-09,monastir,Monastir,sahel,0.3372,0.1693,-0.0006,34.21,6.1,0.907,S2A_32SPE_20210209_0_L2A
2021-03-26,monastir,Monastir,sahel,0.2982,0.1645,-0.0244,22.80,0.3,0.973,S2B_32SPE_20210326_0_L2A
2021-04-25,monastir,Monastir,sahel,0.2522,0.1221,-0.0706,8.82,27.3,0.497,S2B_32SPE_20210425_0_L2A
2021-05-25,monastir,Monastir,sahel,0.1872,0.0894,-0.0884,2.76,0.2,0.997,S2B_32SPE_20210525_1_L2A
2021-06-14,monastir,Monastir,sahel,0.1930,0.0935,-0.1080,2.65,0.0,0.996,S2B_32SPE_20210614_1_L2A
2021-07-24,monastir,Monastir,sahel,0.1810,0.0896,-0.1086,2.02,0.0,1.000,S2B_32SPE_20210724_1_L2A
2021-08-23,monastir,Monastir,sahel,0.1740,0.0879,-0.1234,1.66,0.0,1.000,S2B_32SPE_20210823_1_L2A
2021-09-07,monastir,Monastir,sahel,0.1875,0.1036,-0.1255,2.19,2.7,0.915,S2A_32SPE_20210907_0_L2A
2021-10-17,monastir,Monastir,sahel,0.2062,0.1142,-0.1133,3.14,1.4,0.951,S2A_32SPE_20211017_0_L2A
2021-11-11,monastir,Monastir,sahel,0.2704,0.1408,-0.0678,10.70,0.3,0.982,S2B_32SPE_20211111_0_L2A
2021-12-01,monastir,Monastir,sahel,0.2895,0.1607,-0.0764,10.64,0.3,0.974,S2B_32SPE_20211201_0_L2A
2017-03-12,mahdia,Mahdia,sahel,0.3441,0.1552,-0.0070,33.39,0.1,0.999,S2A_32SPE_20170312_0_L2A
2017-04-01,mahdia,Mahdia,sahel,0.3100,0.1325,-0.0329,23.61,0.0,1.000,S2A_32SPE_20170401_0_L2A
2017-05-21,mahdia,Mahdia,sahel,0.2340,0.0847,-0.0825,4.72,0.2,0.058,S2A_MSIL2A_20170521T100031_R122_T32SPE_20210607T065439
2017-06-30,mahdia,Mahdia,sahel,0.1780,0.0758,-0.1096,1.02,0.0,0.173,S2A_MSIL2A_20170630T100031_R122_T32SPE_20210210T025551
2017-07-25,mahdia,Mahdia,sahel,0.1654,0.0519,-0.1463,0.26,0.8,0.992,S2B_32SPE_20170725_0_L2A
2017-08-04,mahdia,Mahdia,sahel,0.1693,0.0524,-0.1405,0.23,0.1,0.999,S2B_32SPE_20170804_0_L2A
2017-09-13,mahdia,Mahdia,sahel,0.1736,0.0604,-0.1422,0.29,0.9,0.991,S2B_MSIL2A_20170913T100019_R122_T32SPE_20210202T020817
2017-10-13,mahdia,Mahdia,sahel,0.1946,0.0746,-0.1174,0.96,14.9,0.851,S2B_32SPE_20171013_0_L2A
2017-11-12,mahdia,Mahdia,sahel,0.2246,0.0878,-0.1220,2.82,0.9,0.991,S2B_32SPE_20171112_0_L2A
2017-12-02,mahdia,Mahdia,sahel,0.2883,0.1135,-0.0779,8.42,0.2,0.998,S2B_32SPE_20171202_0_L2A
2018-01-31,mahdia,Mahdia,sahel,0.2409,0.0906,-0.1170,2.29,0.2,0.998,S2B_MSIL2A_20180131T100229_R122_T32SPE_20201014T103024
2018-02-10,mahdia,Mahdia,sahel,0.2213,0.0828,-0.1272,1.53,0.5,0.995,S2B_MSIL2A_20180210T100139_R122_T32SPE_20201026T013821
2018-03-12,mahdia,Mahdia,sahel,0.2169,0.0816,-0.1239,1.76,0.7,0.993,S2B_32SPE_20180312_0_L2A
2018-04-16,mahdia,Mahdia,sahel,0.1867,0.0575,-0.1322,0.87,0.8,0.992,S2A_32SPE_20180416_0_L2A
2018-05-31,mahdia,Mahdia,sahel,0.1509,0.0554,-0.1475,0.35,0.4,0.996,S2B_32SPE_20180531_1_L2A
2018-06-05,mahdia,Mahdia,sahel,0.1471,0.0526,-0.1563,0.31,0.3,0.997,S2A_32SPE_20180605_1_L2A
2018-07-05,mahdia,Mahdia,sahel,0.1327,0.0412,-0.1456,0.13,3.1,0.969,S2A_32SPE_20180705_1_L2A
2018-08-14,mahdia,Mahdia,sahel,0.1440,0.0533,-0.1693,0.28,0.1,0.999,S2A_32SPE_20180814_1_L2A
2018-09-03,mahdia,Mahdia,sahel,0.1485,0.0574,-0.1546,0.34,10.7,0.893,S2A_32SPE_20180903_0_L2A
2018-10-08,mahdia,Mahdia,sahel,0.2415,0.0999,-0.1040,3.57,13.9,0.861,S2B_32SPE_20181008_0_L2A
2018-11-07,mahdia,Mahdia,sahel,0.2624,0.1232,-0.0230,18.03,30.2,0.653,S2B_32SPE_20181107_0_L2A
2018-12-22,mahdia,Mahdia,sahel,0.3162,0.1426,-0.0580,17.09,0.1,0.999,S2A_32SPE_20181222_0_L2A
2019-01-16,mahdia,Mahdia,sahel,0.2873,0.1173,-0.0716,11.80,0.0,1.000,S2B_32SPE_20190116_0_L2A
2019-02-10,mahdia,Mahdia,sahel,0.2940,0.1385,-0.0073,22.73,0.1,0.999,S2A_32SPE_20190210_0_L2A
2019-03-17,mahdia,Mahdia,sahel,0.2793,0.1287,-0.0562,14.53,0.0,1.000,S2B_32SPE_20190317_0_L2A
2019-04-26,mahdia,Mahdia,sahel,0.2691,0.0938,-0.0206,19.88,0.3,0.997,S2B_32SPE_20190426_0_L2A
2019-05-16,mahdia,Mahdia,sahel,0.2450,0.0792,-0.0567,6.52,0.4,0.996,S2B_32SPE_20190516_1_L2A
2019-06-05,mahdia,Mahdia,sahel,0.2022,0.0628,-0.1074,0.86,0.0,1.000,S2B_32SPE_20190605_1_L2A
2019-07-25,mahdia,Mahdia,sahel,0.1640,0.0553,-0.1467,0.33,0.1,0.999,S2B_32SPE_20190725_1_L2A
2019-08-14,mahdia,Mahdia,sahel,0.1601,0.0635,-0.1433,0.29,0.0,1.000,S2B_32SPE_20190814_1_L2A
2019-09-28,mahdia,Mahdia,sahel,0.2202,0.1056,-0.1204,3.05,2.4,0.976,S2A_32SPE_20190928_0_L2A
2019-10-18,mahdia,Mahdia,sahel,0.2260,0.0977,-0.1136,2.79,2.4,0.976,S2A_32SPE_20191018_0_L2A
2019-11-07,mahdia,Mahdia,sahel,0.2909,0.1072,-0.0393,15.59,0.0,1.000,S2A_32SPE_20191107_1_L2A
2019-12-07,mahdia,Mahdia,sahel,0.3014,0.1112,-0.0339,19.22,0.0,1.000,S2A_32SPE_20191207_1_L2A
2020-01-26,mahdia,Mahdia,sahel,0.3332,0.1395,-0.0194,26.82,0.8,0.992,S2A_32SPE_20200126_0_L2A
2020-02-25,mahdia,Mahdia,sahel,0.3007,0.1095,-0.0526,17.12,0.0,1.000,S2A_32SPE_20200225_1_L2A
2020-03-01,mahdia,Mahdia,sahel,0.2880,0.1023,-0.0587,13.84,0.1,0.999,S2B_32SPE_20200301_1_L2A
2020-04-05,mahdia,Mahdia,sahel,0.2699,0.1019,-0.0609,9.71,0.2,0.998,S2A_32SPE_20200405_0_L2A
2020-05-05,mahdia,Mahdia,sahel,0.2145,0.0739,-0.1129,1.40,0.0,1.000,S2A_32SPE_20200505_1_L2A
2020-06-24,mahdia,Mahdia,sahel,0.1670,0.0568,-0.1426,0.42,0.0,1.000,S2A_32SPE_20200624_1_L2A
2020-07-29,mahdia,Mahdia,sahel,0.1543,0.0509,-0.1538,0.27,0.0,1.000,S2B_32SPE_20200729_1_L2A
2020-08-28,mahdia,Mahdia,sahel,0.1593,0.0501,-0.1482,0.26,0.0,1.000,S2B_32SPE_20200828_1_L2A
2020-09-07,mahdia,Mahdia,sahel,0.1641,0.0757,-0.0580,0.93,4.1,0.959,S2B_32SPE_20200907_0_L2A
2020-10-17,mahdia,Mahdia,sahel,0.3388,0.1330,-0.0107,33.37,0.0,1.000,S2B_32SPE_20201017_1_L2A
2020-11-26,mahdia,Mahdia,sahel,0.3462,0.1443,0.0183,36.89,1.3,0.987,S2B_32SPE_20201126_0_L2A
2020-12-06,mahdia,Mahdia,sahel,0.3398,0.1326,0.0107,34.49,0.0,1.000,S2B_32SPE_20201206_1_L2A
2021-01-15,mahdia,Mahdia,sahel,0.3432,0.1439,-0.0263,25.92,0.7,0.993,S2B_32SPE_20210115_0_L2A
2021-02-09,mahdia,Mahdia,sahel,0.3193,0.1278,-0.0317,22.98,0.1,0.999,S2A_32SPE_20210209_0_L2A
2021-03-26,mahdia,Mahdia,sahel,0.2820,0.1222,-0.0634,12.82,0.0,1.000,S2B_32SPE_20210326_0_L2A
2021-04-25,mahdia,Mahdia,sahel,0.2397,0.0888,-0.0958,3.39,3.3,0.967,S2B_32SPE_20210425_0_L2A
2021-05-25,mahdia,Mahdia,sahel,0.1812,0.0540,-0.1191,0.44,1.1,0.989,S2B_32SPE_20210525_1_L2A
2021-06-14,mahdia,Mahdia,sahel,0.1875,0.0582,-0.1366,0.48,0.0,1.000,S2B_32SPE_20210614_1_L2A
2021-07-24,mahdia,Mahdia,sahel,0.1770,0.0576,-0.1361,0.43,0.0,1.000,S2B_32SPE_20210724_1_L2A
2021-08-23,mahdia,Mahdia,sahel,0.1754,0.0573,-0.1487,0.30,0.0,1.000,S2B_32SPE_20210823_1_L2A
2021-09-07,mahdia,Mahdia,sahel,0.1649,0.0629,-0.1553,0.30,10.2,0.898,S2A_32SPE_20210907_0_L2A
2021-10-17,mahdia,Mahdia,sahel,0.1903,0.0866,-0.1295,1.41,16.3,0.837,S2A_32SPE_20211017_0_L2A
2021-11-11,mahdia,Mahdia,sahel,0.2561,0.1190,-0.0925,8.54,0.1,0.999,S2B_32SPE_20211111_0_L2A
2021-12-01,mahdia,Mahdia,sahel,0.2709,0.1281,-0.0973,7.78,0.4,0.996,S2B_32SPE_20211201_0_L2A
2017-03-12,sfax,Sfax,sahel,0.2061,0.1055,-0.0637,7.43,0.4,0.996,S2A_32SPD_20170312_0_L2A
2017-04-11,sfax,Sfax,sahel,0.1763,0.0640,-0.0781,1.62,2.6,0.974,S2A_32SPD_20170411_0_L2A
2017-05-21,sfax,Sfax,sahel,0.1533,0.0524,-0.1025,0.61,1.8,0.982,S2A_MSIL2A_20170521T100031_R122_T32SPD_20210209T170506
2017-06-30,sfax,Sfax,sahel,0.1255,0.0424,-0.1356,0.29,0.4,0.996,S2A_MSIL2A_20170630T100031_R122_T32SPD_20210210T025555
2017-07-15,sfax,Sfax,sahel,0.1129,0.0354,-0.1398,0.27,0.0,0.246,S2B_32SPD_20170715_0_L2A
2017-08-04,sfax,Sfax,sahel,0.1249,0.0362,-0.1449,0.15,1.0,0.990,S2B_32SPD_20170804_0_L2A
2017-10-23,sfax,Sfax,sahel,0.1701,0.0788,-0.0685,2.61,12.8,0.872,S2B_32SPD_20171023_0_L2A
2017-11-12,sfax,Sfax,sahel,0.1852,0.0813,-0.0723,4.37,3.4,0.966,S2B_32SPD_20171112_0_L2A
2017-12-02,sfax,Sfax,sahel,0.2203,0.0953,-0.0588,7.07,2.3,0.977,S2B_32SPD_20171202_0_L2A
2018-01-01,sfax,Sfax,sahel,0.1783,0.0766,-0.1067,1.81,0.3,0.997,S2B_MSIL2A_20180101T100409_R122_T32SPD_20201014T023933
2018-02-10,sfax,Sfax,sahel,0.1696,0.0642,-0.0992,1.13,0.2,0.998,S2B_MSIL2A_20180210T100139_R122_T32SPD_20201026T013816
2018-03-12,sfax,Sfax,sahel,0.1644,0.0644,-0.1163,0.69,1.2,0.988,S2B_32SPD_20180312_0_L2A
2018-04-06,sfax,Sfax,sahel,0.1671,0.0584,-0.0970,0.69,1.2,0.988,S2A_32SPD_20180406_0_L2A
2018-05-26,sfax,Sfax,sahel,0.1308,0.0446,-0.1239,0.31,1.6,0.984,S2A_32SPD_20180526_0_L2A
2018-06-05,sfax,Sfax,sahel,0.1236,0.0460,-0.1307,0.29,0.0,1.000,S2A_32SPD_20180605_1_L2A
2018-07-30,sfax,Sfax,sahel,0.1178,0.0390,-0.1428,0.19,1.0,0.990,S2B_32SPD_20180730_0_L2A
2018-08-24,sfax,Sfax,sahel,0.1267,0.0537,-0.1261,0.41,0.0,1.000,S2A_32SPD_20180824_1_L2A
2018-09-03,sfax,Sfax,sahel,0.1130,0.0516,-0.1430,0.21,0.0,1.000,S2A_32SPD_20180903_1_L2A
2018-10-03,sfax,Sfax,sahel,0.1456,0.0659,-0.1132,0.61,1.4,0.986,S2A_32SPD_20181003_0_L2A
2018-11-27,sfax,Sfax,sahel,0.1870,0.0969,-0.0859,4.63,3.8,0.962,S2B_32SPD_20181127_0_L2A
2018-12-22,sfax,Sfax,sahel,0.1832,0.0922,-0.0918,3.94,0.3,0.997,S2A_32SPD_20181222_0_L2A
2019-01-16,sfax,Sfax,sahel,0.1752,0.0756,-0.0945,2.33,0.5,0.995,S2B_32SPD_20190116_0_L2A
2019-02-15,sfax,Sfax,sahel,0.1648,0.0739,-0.0735,2.26,0.3,0.997,S2B_32SPD_20190215_0_L2A
2019-03-17,sfax,Sfax,sahel,0.1686,0.0688,-0.0925,1.50,0.2,0.998,S2B_32SPD_20190317_0_L2A
2019-04-16,sfax,Sfax,sahel,0.1646,0.0670,-0.0839,1.41,0.0,1.000,S2B_32SPD_20190416_1_L2A
2019-05-11,sfax,Sfax,sahel,0.1390,0.0501,-0.1204,0.45,0.0,1.000,S2A_32SPD_20190511_1_L2A
2019-06-05,sfax,Sfax,sahel,0.1344,0.0433,-0.1170,0.38,0.0,1.000,S2B_32SPD_20190605_1_L2A
2019-07-25,sfax,Sfax,sahel,0.1155,0.0396,-0.1486,0.23,0.0,1.000,S2B_32SPD_20190725_1_L2A
2019-08-14,sfax,Sfax,sahel,0.1104,0.0469,-0.1407,0.22,0.0,1.000,S2B_32SPD_20190814_1_L2A
2019-09-03,sfax,Sfax,sahel,0.1138,0.0493,-0.1228,0.41,0.0,1.000,S2B_32SPD_20190903_1_L2A
2019-10-18,sfax,Sfax,sahel,0.1508,0.0811,-0.1096,1.60,0.9,0.991,S2A_32SPD_20191018_0_L2A
2019-11-07,sfax,Sfax,sahel,0.2075,0.0935,-0.0218,8.78,0.0,1.000,S2A_32SPD_20191107_1_L2A
2019-12-27,sfax,Sfax,sahel,0.2004,0.0848,-0.0773,4.46,0.1,0.999,S2A_32SPD_20191227_1_L2A
2020-01-06,sfax,Sfax,sahel,0.2123,0.0998,-0.0627,6.86,1.7,0.983,S2A_32SPD_20200106_0_L2A
2020-02-25,sfax,Sfax,sahel,0.2029,0.0778,-0.0785,3.42,0.0,1.000,S2A_32SPD_20200225_1_L2A
2020-03-26,sfax,Sfax,sahel,0.1842,0.0729,-0.0586,2.43,1.1,0.989,S2A_32SPD_20200326_0_L2A
2020-04-05,sfax,Sfax,sahel,0.1883,0.0699,-0.0816,1.30,0.0,0.054,S2A_32SPD_20200405_1_L2A
2020-05-20,sfax,Sfax,sahel,0.1415,0.0474,-0.1176,0.54,0.5,0.995,S2B_32SPD_20200520_1_L2A
2020-06-24,sfax,Sfax,sahel,0.1229,0.0461,-0.1325,0.35,0.0,1.000,S2A_32SPD_20200624_1_L2A
2020-07-29,sfax,Sfax,sahel,0.1204,0.0407,-0.1361,0.26,0.0,1.000,S2B_32SPD_20200729_1_L2A
2020-08-28,sfax,Sfax,sahel,0.1195,0.0460,-0.1387,0.26,0.2,0.998,S2B_32SPD_20200828_0_L2A
2020-09-17,sfax,Sfax,sahel,0.1677,0.0826,-0.0836,2.20,0.0,1.000,S2B_32SPD_20200917_1_L2A
2020-10-17,sfax,Sfax,sahel,0.1921,0.0855,-0.0871,3.64,0.0,1.000,S2B_32SPD_20201017_1_L2A
2020-11-26,sfax,Sfax,sahel,0.1863,0.0899,-0.0711,2.97,0.4,0.996,S2B_32SPD_20201126_0_L2A
2020-12-31,sfax,Sfax,sahel,0.2023,0.0914,-0.0758,5.05,0.1,0.999,S2A_32SPD_20201231_1_L2A
2021-01-15,sfax,Sfax,sahel,0.1923,0.0794,-0.0893,3.18,0.1,0.999,S2B_32SPD_20210115_1_L2A
2021-02-09,sfax,Sfax,sahel,0.1820,0.0695,-0.0961,1.65,0.0,1.000,S2A_32SPD_20210209_1_L2A
2021-03-26,sfax,Sfax,sahel,0.1621,0.0564,-0.1008,0.62,0.0,1.000,S2B_32SPD_20210326_1_L2A
2021-04-25,sfax,Sfax,sahel,0.1702,0.0548,-0.1084,0.25,0.0,0.047,S2B_32SPD_20210425_1_L2A
2021-05-20,sfax,Sfax,sahel,0.1329,0.0495,-0.1233,0.36,0.0,1.000,S2A_32SPD_20210520_2_L2A
2021-06-14,sfax,Sfax,sahel,0.1314,0.0431,-0.1280,0.35,0.0,1.000,S2B_32SPD_20210614_1_L2A
2021-07-19,sfax,Sfax,sahel,0.1189,0.0411,-0.1399,0.23,0.0,1.000,S2A_32SPD_20210719_1_L2A
2021-08-08,sfax,Sfax,sahel,0.1123,0.0375,-0.1418,0.17,0.0,1.000,S2A_32SPD_20210808_1_L2A
2021-09-17,sfax,Sfax,sahel,0.1181,0.0445,-0.1369,0.22,0.0,1.000,S2A_32SPD_20210917_1_L2A
2021-10-17,sfax,Sfax,sahel,0.1249,0.0509,-0.1346,0.38,0.8,0.992,S2A_32SPD_20211017_0_L2A
2021-11-11,sfax,Sfax,sahel,0.1428,0.0589,-0.1134,0.85,0.0,1.000,S2B_32SPD_20211111_1_L2A
2021-12-21,sfax,Sfax,sahel,0.1463,0.0593,-0.1039,1.04,0.1,0.999,S2B_32SPD_20211221_1_L2A
2017-03-12,kairouan,Kairouan,centre-west,0.3803,0.2286,0.0552,44.45,0.2,0.998,S2A_32SNE_20170312_0_L2A
2017-04-14,kairouan,Kairouan,centre-west,0.2625,0.1609,-0.0064,23.37,0.1,0.346,S2A_32SPE_20170414_0_L2A
2017-05-21,kairouan,Kairouan,centre-west,0.1597,0.0682,-0.0840,2.29,0.7,0.747,S2A_32SNE_20170521_1_L2A
2017-06-30,kairouan,Kairouan,centre-west,0.1218,0.0547,-0.1127,0.85,0.2,0.998,S2A_MSIL2A_20170630T100031_R122_T32SPE_20210210T025551
2017-07-10,kairouan,Kairouan,centre-west,0.1473,0.0756,-0.1013,3.60,0.6,0.994,S2A_32SNE_20170710_0_L2A
2017-08-04,kairouan,Kairouan,centre-west,0.1500,0.0828,-0.1182,3.51,0.4,0.996,S2B_32SNE_20170804_1_L2A
2017-09-13,kairouan,Kairouan,centre-west,0.1518,0.1010,-0.1322,4.28,0.4,0.996,S2B_32SNE_20170913_0_L2A
2017-10-26,kairouan,Kairouan,centre-west,0.2661,0.1712,-0.0744,17.19,0.7,0.993,S2B_32SNE_20171026_0_L2A
2017-11-05,kairouan,Kairouan,centre-west,0.2238,0.1157,-0.0479,15.34,0.8,0.532,S2B_32SPE_20171105_0_L2A
2017-12-15,kairouan,Kairouan,centre-west,0.2749,0.1656,-0.0397,28.21,0.3,0.356,S2B_32SPE_20171215_0_L2A
2018-01-24,kairouan,Kairouan,centre-west,0.2505,0.1674,-0.0749,16.32,6.4,0.936,S2B_32SNE_20180124_0_L2A
2018-02-08,kairouan,Kairouan,centre-west,0.2432,0.1484,-0.0385,19.21,0.1,0.359,S2A_MSIL2A_20180208T101151_R022_T32SPE_20201013T201230
2018-03-12,kairouan,Kairouan,centre-west,,,,,41.2,,S2B_32SPE_20180312_0_L2A
2018-04-11,kairouan,Kairouan,centre-west,0.1966,0.1085,-0.0658,12.75,0.3,0.997,S2B_32SNE_20180411_0_L2A
2018-05-31,kairouan,Kairouan,centre-west,0.1671,0.1071,-0.1157,4.75,0.0,1.000,S2B_32SNE_20180531_1_L2A
2018-06-23,kairouan,Kairouan,centre-west,0.1241,0.0768,-0.1344,1.22,0.0,0.381,S2B_32SPE_20180623_1_L2A
2018-07-18,kairouan,Kairouan,centre-west,0.1119,0.0664,-0.1248,1.03,0.0,0.350,S2A_32SPE_20180718_1_L2A
2018-08-27,kairouan,Kairouan,centre-west,0.1633,0.1200,-0.1008,4.49,0.0,0.296,S2A_32SPE_20180827_1_L2A
2018-09-01,kairouan,Kairouan,centre-west,0.1650,0.1202,-0.1176,4.45,0.1,0.478,S2B_32SPE_20180901_1_L2A
2018-10-26,kairouan,Kairouan,centre-west,0.3035,0.1592,-0.0212,26.99,0.0,1.000,S2A_32SNE_20181026_1_L2A
2018-11-05,kairouan,Kairouan,centre-west,0.2811,0.1753,0.0233,31.99,0.2,0.329,S2A_32SPE_20181105_0_L2A
2018-12-30,kairouan,Kairouan,centre-west,0.2616,0.1458,-0.0258,27.00,0.0,0.377,S2B_32SPE_20181230_1_L2A
2019-01-19,kairouan,Kairouan,centre-west,0.2639,0.1575,-0.0432,23.15,0.1,0.394,S2B_32SPE_20190119_0_L2A
2019-02-28,kairouan,Kairouan,centre-west,0.2541,0.1531,-0.0322,20.38,0.1,0.431,S2B_32SPE_20190228_0_L2A
2019-03-25,kairouan,Kairouan,centre-west,0.2969,0.2209,0.0292,23.24,0.0,1.000,S2A_32SNE_20190325_1_L2A
2019-04-29,kairouan,Kairouan,centre-west,0.2343,0.1572,-0.0148,17.68,0.0,0.287,S2B_32SPE_20190429_1_L2A
2019-05-01,kairouan,Kairouan,centre-west,0.3394,0.1658,0.0386,43.36,0.0,1.000,S2A_32SNE_20190501_1_L2A
2019-06-18,kairouan,Kairouan,centre-west,0.1717,0.0977,-0.0901,3.84,0.0,0.333,S2B_32SPE_20190618_1_L2A
2019-07-03,kairouan,Kairouan,centre-west,0.1499,0.0885,-0.0994,2.58,0.0,0.345,S2A_32SPE_20190703_1_L2A
2019-08-27,kairouan,Kairouan,centre-west,0.1260,0.0900,-0.1356,1.93,0.0,0.338,S2B_32SPE_20190827_1_L2A
2019-09-16,kairouan,Kairouan,centre-west,0.1597,0.1012,-0.1254,2.31,0.1,0.393,S2B_32SPE_20190916_1_L2A
2019-10-06,kairouan,Kairouan,centre-west,0.1834,0.1031,-0.0972,3.45,0.4,0.400,S2B_32SPE_20191006_1_L2A
2019-11-05,kairouan,Kairouan,centre-west,0.1929,0.1065,-0.1098,4.14,0.0,0.368,S2B_32SPE_20191105_1_L2A
2019-12-25,kairouan,Kairouan,centre-west,0.2771,0.1580,-0.0789,15.74,0.0,1.000,S2B_32SNE_20191225_1_L2A
2020-01-19,kairouan,Kairouan,centre-west,0.2777,0.1608,-0.0594,18.29,0.0,1.000,S2A_32SNE_20200119_1_L2A
2020-02-25,kairouan,Kairouan,centre-west,0.2500,0.1762,-0.0601,14.94,0.0,1.000,S2A_32SNE_20200225_1_L2A
2020-03-01,kairouan,Kairouan,centre-west,0.2514,0.1817,-0.0568,15.09,0.0,1.000,S2B_32SNE_20200301_1_L2A
2020-04-05,kairouan,Kairouan,centre-west,0.2208,0.1423,-0.0571,9.38,0.5,0.995,S2A_32SPE_20200405_0_L2A
2020-05-23,kairouan,Kairouan,centre-west,0.1663,0.1008,-0.0940,4.45,0.0,0.369,S2B_32SPE_20200523_1_L2A
2020-06-17,kairouan,Kairouan,centre-west,0.1661,0.1218,-0.0841,4.25,0.0,0.306,S2A_32SPE_20200617_1_L2A
2020-07-22,kairouan,Kairouan,centre-west,0.1498,0.1053,-0.1125,3.60,0.0,0.472,S2B_32SPE_20200722_1_L2A
2020-08-21,kairouan,Kairouan,centre-west,0.1264,0.0893,-0.1384,2.39,0.0,0.387,S2B_32SPE_20200821_1_L2A
2020-09-30,kairouan,Kairouan,centre-west,0.2646,0.1536,-0.0344,23.21,0.2,0.371,S2B_32SPE_20200930_1_L2A
2020-10-10,kairouan,Kairouan,centre-west,0.2702,0.1602,-0.0235,26.57,0.0,0.341,S2B_32SPE_20201010_1_L2A
2020-11-01,kairouan,Kairouan,centre-west,0.3017,0.1649,-0.0296,28.18,0.0,1.000,S2A_32SNE_20201101_1_L2A
2020-12-29,kairouan,Kairouan,centre-west,0.3190,0.1633,-0.0146,29.23,0.0,1.000,S2B_32SNE_20201229_1_L2A
2021-01-08,kairouan,Kairouan,centre-west,0.2494,0.1245,-0.0116,24.25,0.3,0.338,S2B_32SPE_20210108_1_L2A
2021-02-27,kairouan,Kairouan,centre-west,0.2835,0.1492,-0.0131,26.82,0.0,0.323,S2B_32SPE_20210227_1_L2A
2021-03-31,kairouan,Kairouan,centre-west,0.3071,0.1873,-0.0105,25.01,0.0,1.000,S2A_32SNE_20210331_1_L2A
2021-04-28,kairouan,Kairouan,centre-west,0.2034,0.1367,-0.0803,9.41,0.0,0.369,S2B_32SPE_20210428_1_L2A
2021-05-08,kairouan,Kairouan,centre-west,0.1931,0.1310,-0.0989,6.62,0.0,0.352,S2B_32SPE_20210508_1_L2A
2021-06-22,kairouan,Kairouan,centre-west,0.1420,0.0914,-0.1057,2.96,0.0,0.442,S2A_32SPE_20210622_1_L2A
2021-07-07,kairouan,Kairouan,centre-west,0.1406,0.1070,-0.1276,3.05,0.0,0.298,S2B_32SPE_20210707_1_L2A
2021-08-16,kairouan,Kairouan,centre-west,0.1300,0.0882,-0.1363,1.72,0.3,0.335,S2B_32SPE_20210816_1_L2A
2021-09-25,kairouan,Kairouan,centre-west,0.1428,0.0759,-0.1007,3.69,0.0,0.345,S2B_32SPE_20210925_1_L2A
2021-10-17,kairouan,Kairouan,centre-west,0.1779,0.1240,-0.1166,7.43,0.0,1.000,S2A_32SNE_20211017_1_L2A
2021-11-14,kairouan,Kairouan,centre-west,0.1758,0.1002,-0.1008,5.13,0.1,0.282,S2B_32SPE_20211114_1_L2A
2021-12-14,kairouan,Kairouan,centre-west,0.1826,0.1083,-0.1096,6.36,0.0,0.320,S2B_32SPE_20211214_1_L2A
2017-03-05,kasserine,Kasserine,centre-west,0.2735,0.1340,-0.0544,14.87,0.0,1.000,S2A_32SMD_20170305_0_L2A
2017-04-14,kasserine,Kasserine,centre-west,0.2530,0.0842,-0.0623,6.91,0.0,1.000,S2A_32SND_20170414_0_L2A
2017-05-04,kasserine,Kasserine,centre-west,0.2251,0.0944,-0.0877,3.92,0.1,0.999,S2A_32SMD_20170504_0_L2A
2017-06-13,kasserine,Kasserine,centre-west,0.1835,0.0890,-0.1067,2.21,0.1,0.999,S2A_32SMD_20170613_0_L2A
2017-07-28,kasserine,Kasserine,centre-west,0.1408,0.0592,-0.1486,0.71,0.0,1.000,S2B_32SND_20170728_0_L2A
2017-08-27,kasserine,Kasserine,centre-west,0.1437,0.0530,-0.1433,0.59,0.0,1.000,S2B_32SND_20170827_0_L2A
2017-09-06,kasserine,Kasserine,centre-west,0.1276,0.0503,-0.1627,0.43,0.0,1.000,S2B_32SND_20170906_0_L2A
2017-10-26,kasserine,Kasserine,centre-west,0.1720,0.0763,-0.1392,0.76,0.0,1.000,S2B_32SND_20171026_0_L2A
2017-11-20,kasserine,Kasserine,centre-west,0.2098,0.1340,-0.1098,4.76,0.9,0.991,S2A_32SMD_20171120_0_L2A
2017-12-25,kasserine,Kasserine,centre-west,0.2277,0.1448,-0.1064,5.46,0.1,0.999,S2B_32SMD_20171225_0_L2A
2018-01-24,kasserine,Kasserine,centre-west,0.1993,0.1237,-0.1181,3.97,0.4,0.996,S2B_32SMD_20180124_0_L2A
2018-02-28,kasserine,Kasserine,centre-west,,,,,43.6,,S2A_32SMD_20180228_0_L2A
2018-03-10,kasserine,Kasserine,centre-west,0.1565,0.0664,-0.1124,1.60,0.0,1.000,S2A_32SMD_20180310_0_L2A
2018-04-24,kasserine,Kasserine,centre-west,0.1957,0.0910,-0.1101,2.60,0.0,1.000,S2B_32SMD_20180424_0_L2A
2018-05-29,kasserine,Kasserine,centre-west,0.1765,0.0920,-0.1183,1.80,0.0,1.000,S2A_32SMD_20180529_1_L2A
2018-06-28,kasserine,Kasserine,centre-west,0.1755,0.0966,-0.1280,2.56,0.0,1.000,S2A_32SME_20180628_1_L2A
2018-07-13,kasserine,Kasserine,centre-west,0.1283,0.0486,-0.1543,0.46,0.0,1.000,S2B_32SND_20180713_2_L2A
2018-08-27,kasserine,Kasserine,centre-west,0.1845,0.0992,-0.1341,2.37,0.2,0.998,S2A_32SMD_20180827_1_L2A
2018-09-01,kasserine,Kasserine,centre-west,0.2338,0.1423,-0.1083,9.90,0.0,1.000,S2B_32SNE_20180901_1_L2A
2018-10-26,kasserine,Kasserine,centre-west,0.2673,0.1304,-0.0705,11.62,0.0,1.000,S2A_32SME_20181026_1_L2A
2018-11-05,kasserine,Kasserine,centre-west,0.2282,0.1012,-0.0810,4.68,0.0,1.000,S2A_32SND_20181105_0_L2A
2018-12-10,kasserine,Kasserine,centre-west,0.2513,0.1082,-0.0855,5.00,0.6,0.994,S2B_32SND_20181210_0_L2A
2019-01-19,kasserine,Kasserine,centre-west,0.2151,0.0850,-0.1080,2.12,0.0,1.000,S2B_32SND_20190119_0_L2A
2019-02-08,kasserine,Kasserine,centre-west,0.2381,0.0925,-0.0894,5.83,0.0,1.000,S2B_32SNE_20190208_0_L2A
2019-03-15,kasserine,Kasserine,centre-west,0.1737,0.0728,-0.1249,0.81,0.0,1.000,S2A_32SND_20190315_0_L2A
2019-04-29,kasserine,Kasserine,centre-west,0.1886,0.0686,-0.1106,1.45,0.0,1.000,S2B_32SND_20190429_0_L2A
2019-05-09,kasserine,Kasserine,centre-west,0.2468,0.1056,-0.0743,9.19,0.0,1.000,S2B_32SNE_20190509_0_L2A
2019-06-13,kasserine,Kasserine,centre-west,0.2291,0.1046,-0.0735,7.44,0.0,1.000,S2A_32SME_20190613_1_L2A
2019-07-28,kasserine,Kasserine,centre-west,0.1541,0.0767,-0.1344,1.31,0.0,1.000,S2B_32SMD_20190728_1_L2A
2019-08-17,kasserine,Kasserine,centre-west,0.1614,0.0892,-0.1329,2.01,0.0,1.000,S2B_32SMD_20190817_1_L2A
2019-09-16,kasserine,Kasserine,centre-west,0.2060,0.1082,-0.1136,3.76,0.0,1.000,S2B_32SMD_20190916_1_L2A
2019-10-06,kasserine,Kasserine,centre-west,0.2171,0.1038,-0.1002,5.41,0.0,1.000,S2B_32SMD_20191006_1_L2A
2019-11-05,kasserine,Kasserine,centre-west,0.2095,0.1147,-0.1128,5.65,0.0,1.000,S2B_32SMD_20191105_1_L2A
2019-12-25,kasserine,Kasserine,centre-west,0.2360,0.0953,-0.1050,4.98,0.0,1.000,S2B_32SNE_20191225_1_L2A
2020-01-19,kasserine,Kasserine,centre-west,0.2313,0.0889,-0.1086,4.43,0.0,1.000,S2A_32SNE_20200119_1_L2A
2020-02-28,kasserine,Kasserine,centre-west,0.1716,0.0557,-0.1292,0.50,0.0,1.000,S2A_32SND_20200228_1_L2A
2020-03-14,kasserine,Kasserine,centre-west,0.1791,0.0913,-0.1287,2.24,6.6,0.934,S2B_32SMD_20200314_1_L2A
2020-04-28,kasserine,Kasserine,centre-west,0.2298,0.1130,-0.0928,4.44,0.7,0.993,S2A_32SMD_20200428_1_L2A
2020-05-23,kasserine,Kasserine,centre-west,0.2286,0.0992,-0.0877,8.19,0.0,1.000,S2B_32SNE_20200523_1_L2A
2020-06-02,kasserine,Kasserine,centre-west,0.1746,0.0684,-0.1163,1.63,0.0,1.000,S2B_32SND_20200602_1_L2A
2020-07-27,kasserine,Kasserine,centre-west,0.1482,0.0628,-0.1461,0.84,0.0,1.000,S2A_32SND_20200727_1_L2A
2020-08-01,kasserine,Kasserine,centre-west,0.1548,0.0505,-0.1395,0.83,0.0,1.000,S2B_32SND_20200801_1_L2A
2020-09-30,kasserine,Kasserine,centre-west,0.2513,0.1166,-0.1047,7.65,0.0,1.000,S2B_32SNE_20200930_1_L2A
2020-10-10,kasserine,Kasserine,centre-west,0.2361,0.1099,-0.1158,6.33,0.0,1.000,S2B_32SNE_20201010_1_L2A
2020-11-09,kasserine,Kasserine,centre-west,0.1735,0.0744,-0.1374,1.02,0.0,1.000,S2B_32SND_20201109_1_L2A
2020-12-29,kasserine,Kasserine,centre-west,0.1768,0.0802,-0.1432,1.02,0.0,1.000,S2B_32SND_20201229_1_L2A
2021-01-13,kasserine,Kasserine,centre-west,0.1615,0.0621,-0.1439,0.64,0.0,1.000,S2A_32SND_20210113_1_L2A
2021-02-12,kasserine,Kasserine,centre-west,0.1752,0.1081,-0.1357,3.60,0.0,1.000,S2A_32SMD_20210212_1_L2A
2021-03-29,kasserine,Kasserine,centre-west,0.1562,0.0805,-0.1350,1.86,0.0,1.000,S2B_32SMD_20210329_1_L2A
2021-04-28,kasserine,Kasserine,centre-west,0.1756,0.0921,-0.1289,3.86,0.0,1.000,S2B_32SNE_20210428_2_L2A
2021-05-08,kasserine,Kasserine,centre-west,0.1582,0.0911,-0.1356,1.75,0.0,1.000,S2B_32SMD_20210508_1_L2A
2021-06-22,kasserine,Kasserine,centre-west,0.1107,0.0392,-0.1565,0.40,0.0,1.000,S2A_32SND_20210622_0_L2A
2021-07-22,kasserine,Kasserine,centre-west,0.1689,0.1095,-0.1328,6.34,0.0,1.000,S2A_32SNE_20210722_1_L2A
2021-08-06,kasserine,Kasserine,centre-west,0.1292,0.0704,-0.1539,1.10,0.0,1.000,S2B_32SMD_20210806_1_L2A
2021-09-25,kasserine,Kasserine,centre-west,0.1181,0.0345,-0.1334,0.26,0.0,1.000,S2B_32SMD_20210925_0_L2A
2021-10-20,kasserine,Kasserine,centre-west,0.1656,0.1014,-0.1360,3.64,0.4,0.996,S2A_32SME_20211020_0_L2A
2021-11-14,kasserine,Kasserine,centre-west,0.1978,0.1162,-0.1151,7.66,0.0,1.000,S2B_32SNE_20211114_1_L2A
2021-12-04,kasserine,Kasserine,centre-west,0.1420,0.0670,-0.1386,1.51,0.0,1.000,S2B_32SND_20211204_1_L2A
2017-03-02,sidi-bouzid,Sidi Bouzid,centre-west,0.2575,0.1461,-0.0341,18.74,0.2,0.998,S2A_32SND_20170302_0_L2A
2017-04-14,sidi-bouzid,Sidi Bouzid,centre-west,0.2519,0.1401,-0.0473,10.99,0.0,1.000,S2A_32SND_20170414_0_L2A
2017-05-24,sidi-bouzid,Sidi Bouzid,centre-west,0.1541,0.0622,-0.1219,0.90,0.0,1.000,S2A_MSIL2A_20170524T101031_R022_T32SNE_20210209T174750
2017-06-30,sidi-bouzid,Sidi Bouzid,centre-west,0.1323,0.0610,-0.1226,1.20,0.0,1.000,S2A_MSIL2A_20170630T100031_R122_T32SNE_20210210T025551
2017-07-28,sidi-bouzid,Sidi Bouzid,centre-west,0.1446,0.0787,-0.1298,2.11,0.0,1.000,S2B_32SND_20170728_0_L2A
2017-08-27,sidi-bouzid,Sidi Bouzid,centre-west,0.1495,0.0766,-0.1196,2.38,0.0,1.000,S2B_32SND_20170827_0_L2A
2017-09-06,sidi-bouzid,Sidi Bouzid,centre-west,0.1307,0.0759,-0.1432,2.01,0.1,0.999,S2B_32SND_20170906_0_L2A
2017-10-26,sidi-bouzid,Sidi Bouzid,centre-west,0.1774,0.1066,-0.1162,3.66,0.1,0.999,S2B_32SND_20171026_0_L2A
2017-11-12,sidi-bouzid,Sidi Bouzid,centre-west,0.1763,0.1017,-0.1077,4.59,0.2,0.998,S2B_32SND_20171112_0_L2A
2017-12-15,sidi-bouzid,Sidi Bouzid,centre-west,0.2036,0.0980,-0.0779,6.13,0.4,0.996,S2B_32SNE_20171215_0_L2A
2018-01-24,sidi-bouzid,Sidi Bouzid,centre-west,0.1671,0.0934,-0.1093,3.40,1.5,0.985,S2B_32SNE_20180124_0_L2A
2018-02-05,sidi-bouzid,Sidi Bouzid,centre-west,0.1700,0.0984,-0.1004,5.20,0.1,0.999,S2A_MSIL2A_20180205T100211_R122_T32SND_20201013T190313
2018-03-12,sidi-bouzid,Sidi Bouzid,centre-west,0.1751,0.1143,-0.1043,5.61,7.5,0.925,S2B_32SND_20180312_1_L2A
2018-04-24,sidi-bouzid,Sidi Bouzid,centre-west,0.1757,0.1023,-0.1060,5.29,0.0,1.000,S2B_32SND_20180424_0_L2A
2018-05-24,sidi-bouzid,Sidi Bouzid,centre-west,0.1604,0.0869,-0.1224,3.14,0.0,1.000,S2B_32SND_20180524_0_L2A
2018-06-28,sidi-bouzid,Sidi Bouzid,centre-west,0.1400,0.0835,-0.1253,2.60,0.0,1.000,S2A_32SND_20180628_1_L2A
2018-07-13,sidi-bouzid,Sidi Bouzid,centre-west,0.1283,0.0672,-0.1398,1.81,0.0,1.000,S2B_32SND_20180713_2_L2A
2018-08-14,sidi-bouzid,Sidi Bouzid,centre-west,0.1436,0.0867,-0.1329,2.62,0.0,1.000,S2A_32SND_20180814_1_L2A
2018-09-01,sidi-bouzid,Sidi Bouzid,centre-west,0.1828,0.1185,-0.1126,5.15,0.1,0.999,S2B_32SNE_20180901_1_L2A
2018-10-26,sidi-bouzid,Sidi Bouzid,centre-west,0.2421,0.1126,-0.0626,8.76,0.0,1.000,S2A_32SNE_20181026_1_L2A
2018-11-05,sidi-bouzid,Sidi Bouzid,centre-west,0.2760,0.1398,-0.0374,17.17,0.0,1.000,S2A_32SND_20181105_0_L2A
2018-12-17,sidi-bouzid,Sidi Bouzid,centre-west,0.2674,0.1444,-0.0553,14.89,0.0,1.000,S2B_32SND_20181217_0_L2A
2019-01-19,sidi-bouzid,Sidi Bouzid,centre-west,0.2352,0.1188,-0.0769,9.51,0.7,0.993,S2B_32SND_20190119_0_L2A
2019-02-08,sidi-bouzid,Sidi Bouzid,centre-west,0.2029,0.0965,-0.0907,5.06,0.1,0.999,S2B_32SNE_20190208_0_L2A
2019-03-15,sidi-bouzid,Sidi Bouzid,centre-west,0.1963,0.1282,-0.0915,6.75,0.0,1.000,S2A_32SND_20190315_0_L2A
2019-04-29,sidi-bouzid,Sidi Bouzid,centre-west,0.1985,0.1061,-0.0981,5.67,0.0,1.000,S2B_32SND_20190429_0_L2A
2019-05-11,sidi-bouzid,Sidi Bouzid,centre-west,0.1732,0.0978,-0.1053,4.47,0.0,1.000,S2A_32SND_20190511_0_L2A
2019-06-13,sidi-bouzid,Sidi Bouzid,centre-west,0.1820,0.0909,-0.0967,3.58,0.0,1.000,S2A_32SND_20190613_3_L2A
2019-07-05,sidi-bouzid,Sidi Bouzid,centre-west,0.1425,0.0688,-0.1198,1.30,0.0,1.000,S2B_32SNE_20190705_1_L2A
2019-08-17,sidi-bouzid,Sidi Bouzid,centre-west,0.1398,0.0735,-0.1356,1.91,0.0,1.000,S2B_32SNE_20190817_1_L2A
2019-09-28,sidi-bouzid,Sidi Bouzid,centre-west,0.1738,0.1038,-0.1159,3.62,0.0,1.000,S2A_32SNE_20190928_1_L2A
2019-10-11,sidi-bouzid,Sidi Bouzid,centre-west,0.1687,0.1010,-0.1186,3.25,0.0,1.000,S2A_32SNE_20191011_1_L2A
2019-11-30,sidi-bouzid,Sidi Bouzid,centre-west,0.1943,0.1106,-0.1069,5.85,0.0,1.000,S2A_32SND_20191130_1_L2A
2019-12-25,sidi-bouzid,Sidi Bouzid,centre-west,0.1872,0.0988,-0.1032,4.60,0.0,1.000,S2B_32SNE_20191225_1_L2A
2020-01-19,sidi-bouzid,Sidi Bouzid,centre-west,0.1884,0.0909,-0.0999,3.99,0.0,1.000,S2A_32SNE_20200119_1_L2A
2020-02-28,sidi-bouzid,Sidi Bouzid,centre-west,0.1835,0.1112,-0.1058,5.84,0.0,1.000,S2A_32SND_20200228_1_L2A
2020-03-01,sidi-bouzid,Sidi Bouzid,centre-west,0.1639,0.0848,-0.1123,2.87,0.0,1.000,S2B_32SNE_20200301_1_L2A
2020-04-05,sidi-bouzid,Sidi Bouzid,centre-west,0.1807,0.1061,-0.0812,4.22,0.2,0.998,S2A_32SNE_20200405_3_L2A
2020-05-10,sidi-bouzid,Sidi Bouzid,centre-west,0.1961,0.0947,-0.0772,4.64,0.0,1.000,S2B_32SNE_20200510_1_L2A
2020-06-02,sidi-bouzid,Sidi Bouzid,centre-west,0.1849,0.0892,-0.0849,4.57,0.0,1.000,S2B_32SND_20200602_1_L2A
2020-07-27,sidi-bouzid,Sidi Bouzid,centre-west,0.1476,0.0809,-0.1263,2.69,0.0,1.000,S2A_32SND_20200727_1_L2A
2020-08-01,sidi-bouzid,Sidi Bouzid,centre-west,0.1536,0.0737,-0.1168,2.88,0.0,1.000,S2B_32SND_20200801_1_L2A
2020-09-30,sidi-bouzid,Sidi Bouzid,centre-west,0.2729,0.1332,-0.0490,16.69,0.0,1.000,S2B_32SNE_20200930_1_L2A
2020-10-02,sidi-bouzid,Sidi Bouzid,centre-west,0.2661,0.1217,-0.0570,14.96,0.0,1.000,S2A_32SNE_20201002_1_L2A
2020-11-01,sidi-bouzid,Sidi Bouzid,centre-west,0.2352,0.1103,-0.0749,7.92,0.0,1.000,S2A_32SNE_20201101_1_L2A
2020-12-29,sidi-bouzid,Sidi Bouzid,centre-west,0.2308,0.1158,-0.0797,8.10,0.0,1.000,S2B_32SND_20201229_1_L2A
2021-01-13,sidi-bouzid,Sidi Bouzid,centre-west,0.2061,0.0991,-0.0977,5.46,0.0,1.000,S2A_32SND_20210113_1_L2A
2021-02-12,sidi-bouzid,Sidi Bouzid,centre-west,0.1988,0.1216,-0.1078,5.36,0.0,1.000,S2A_32SND_20210212_0_L2A
2021-03-31,sidi-bouzid,Sidi Bouzid,centre-west,0.1731,0.0863,-0.1031,2.97,0.0,1.000,S2A_32SNE_20210331_1_L2A
2021-04-28,sidi-bouzid,Sidi Bouzid,centre-west,0.1608,0.0817,-0.1160,2.70,0.0,1.000,S2B_32SNE_20210428_2_L2A
2021-05-13,sidi-bouzid,Sidi Bouzid,centre-west,0.1586,0.0781,-0.1148,2.17,0.0,1.000,S2A_32SNE_20210513_1_L2A
2021-06-14,sidi-bouzid,Sidi Bouzid,centre-west,0.1423,0.0671,-0.1253,1.54,0.0,1.000,S2B_32SNE_20210614_1_L2A
2021-07-22,sidi-bouzid,Sidi Bouzid,centre-west,0.1474,0.0842,-0.1228,2.78,0.0,1.000,S2A_32SNE_20210722_1_L2A
2021-08-23,sidi-bouzid,Sidi Bouzid,centre-west,0.1472,0.0846,-0.1228,2.91,0.0,1.000,S2B_32SNE_20210823_1_L2A
2021-09-12,sidi-bouzid,Sidi Bouzid,centre-west,0.1498,0.0954,-0.1295,3.04,0.0,1.000,S2B_32SND_20210912_0_L2A
2021-10-17,sidi-bouzid,Sidi Bouzid,centre-west,0.1668,0.1010,-0.1060,4.41,0.0,1.000,S2A_32SNE_20211017_1_L2A
2021-11-14,sidi-bouzid,Sidi Bouzid,centre-west,0.1738,0.0997,-0.0959,5.76,0.0,1.000,S2B_32SNE_20211114_1_L2A
2021-12-04,sidi-bouzid,Sidi Bouzid,centre-west,0.1817,0.1105,-0.0934,6.92,0.0,1.000,S2B_32SND_20211204_1_L2A
2017-03-02,gabes,Gabès,south,0.1811,0.1109,-0.0369,8.31,0.1,0.999,S2A_32SNC_20170302_0_L2A
2017-04-11,gabes,Gabès,south,0.1709,0.0818,-0.0414,4.77,3.6,0.964,S2A_32SNC_20170411_0_L2A
2017-05-21,gabes,Gabès,south,0.1933,0.1676,-0.0440,12.51,3.7,0.926,S2A_MSIL2A_20170521T100031_R122_T32SPC_20210209T170506
2017-06-30,gabes,Gabès,south,0.1135,0.0781,-0.1008,2.65,0.1,0.999,S2A_MSIL2A_20170630T100031_R122_T32SNC_20210210T025558
2017-07-05,gabes,Gabès,south,0.1222,0.0844,-0.0889,2.92,0.1,0.999,S2B_32SNC_20170705_0_L2A
2017-08-04,gabes,Gabès,south,0.1166,0.0762,-0.1055,2.46,1.3,0.987,S2B_32SNC_20170804_0_L2A
2017-09-13,gabes,Gabès,south,0.1845,0.1574,-0.0597,11.85,3.8,0.850,S2B_MSIL2A_20170913T100019_R122_T32SPC_20210529T070358
2017-10-13,gabes,Gabès,south,0.1335,0.0932,-0.0876,3.12,7.4,0.926,S2B_32SNC_20171013_0_L2A
2017-11-02,gabes,Gabès,south,0.1516,0.0973,-0.0976,3.23,8.0,0.920,S2B_32SNC_20171102_0_L2A
2017-12-02,gabes,Gabès,south,0.2160,0.1335,-0.0430,9.29,1.1,0.989,S2B_32SNC_20171202_0_L2A
2018-01-31,gabes,Gabès,south,0.2667,0.1890,-0.0029,20.82,0.3,0.947,S2B_MSIL2A_20180131T100229_R122_T32SPC_20201014T103023
2018-02-10,gabes,Gabès,south,0.2925,0.1804,0.0475,32.41,0.3,0.930,S2B_MSIL2A_20180210T100139_R122_T32SPC_20201026T013817
2018-03-27,gabes,Gabès,south,0.1576,0.0853,-0.0776,3.05,18.9,0.811,S2A_32SNC_20180327_0_L2A
2018-04-06,gabes,Gabès,south,0.2295,0.1704,-0.0173,15.36,3.5,0.853,S2A_32SPC_20180406_0_L2A
2018-05-11,gabes,Gabès,south,0.1966,0.1637,-0.0573,12.68,3.4,0.849,S2B_32SPC_20180511_0_L2A
2018-06-05,gabes,Gabès,south,0.1131,0.0905,-0.1042,2.90,0.0,1.000,S2A_32SNC_20180605_1_L2A
2018-07-15,gabes,Gabès,south,0.0973,0.0532,-0.1294,1.08,0.0,0.899,S2A_32SNC_20180715_2_L2A
2018-08-14,gabes,Gabès,south,0.1019,0.0874,-0.1204,2.45,0.0,1.000,S2A_32SNC_20180814_1_L2A
2018-09-28,gabes,Gabès,south,0.1252,0.0978,-0.0805,3.43,2.2,0.978,S2B_32SNC_20180928_1_L2A
2018-10-08,gabes,Gabès,south,0.1202,0.0914,-0.1015,2.86,0.1,0.999,S2B_32SNC_20181008_0_L2A
2018-11-07,gabes,Gabès,south,0.2111,0.1755,-0.0453,11.62,5.8,0.896,S2B_32SPC_20181107_0_L2A
2018-12-12,gabes,Gabès,south,0.2124,0.1718,-0.0420,11.50,0.3,0.945,S2A_32SPC_20181212_0_L2A
2019-01-01,gabes,Gabès,south,0.1240,0.0873,-0.0909,2.90,1.6,0.984,S2A_32SNC_20190101_0_L2A
2019-02-10,gabes,Gabès,south,0.1993,0.1628,-0.0354,10.46,0.3,0.954,S2A_32SPC_20190210_0_L2A
2019-03-17,gabes,Gabès,south,0.1256,0.0790,-0.0775,2.66,0.1,0.999,S2B_32SNC_20190317_0_L2A
2019-04-16,gabes,Gabès,south,0.1290,0.0841,-0.0683,3.31,0.1,0.999,S2B_32SNC_20190416_1_L2A
2019-05-06,gabes,Gabès,south,0.1291,0.0850,-0.0747,3.36,0.0,1.000,S2B_32SNC_20190506_2_L2A
2019-06-30,gabes,Gabès,south,0.0970,0.0796,-0.1121,2.32,0.1,0.999,S2A_32SNC_20190630_0_L2A
2019-07-25,gabes,Gabès,south,0.1033,0.0804,-0.1062,2.39,0.1,0.999,S2B_32SNC_20190725_0_L2A
2019-08-19,gabes,Gabès,south,0.1532,0.1450,-0.0800,9.28,0.1,0.975,S2A_32SPC_20190819_1_L2A
2019-09-28,gabes,Gabès,south,0.1103,0.1069,-0.1024,2.92,0.0,1.000,S2A_32SNC_20190928_1_L2A
2019-10-23,gabes,Gabès,south,0.1578,0.1503,-0.0636,8.93,0.1,0.974,S2B_32SPC_20191023_1_L2A
2019-11-02,gabes,Gabès,south,0.1235,0.1045,-0.0942,3.03,0.1,0.999,S2B_32SNC_20191102_0_L2A
2019-12-02,gabes,Gabès,south,0.2245,0.1842,-0.0212,13.66,0.1,0.972,S2B_32SPC_20191202_1_L2A
2020-01-16,gabes,Gabès,south,0.2336,0.1466,0.0185,17.93,0.2,0.971,S2A_32SPC_20200116_1_L2A
2020-02-25,gabes,Gabès,south,0.1611,0.0949,-0.0459,4.27,0.1,0.999,S2A_32SNC_20200225_1_L2A
2020-03-26,gabes,Gabès,south,0.1705,0.0925,-0.0190,5.19,0.0,1.000,S2A_32SNC_20200326_1_L2A
2020-04-30,gabes,Gabès,south,0.2002,0.1719,-0.0275,13.26,0.0,0.975,S2B_32SPC_20200430_1_L2A
2020-05-20,gabes,Gabès,south,0.1231,0.0864,-0.0852,3.24,0.1,0.999,S2B_32SNC_20200520_0_L2A
2020-06-14,gabes,Gabès,south,0.1057,0.0714,-0.0957,2.67,0.1,0.999,S2A_32SNC_20200614_0_L2A
2020-07-29,gabes,Gabès,south,0.1091,0.0858,-0.1014,2.74,0.1,0.999,S2B_32SNC_20200729_0_L2A
2020-08-28,gabes,Gabès,south,0.1686,0.1492,-0.0615,10.82,0.0,0.974,S2B_32SPC_20200828_1_L2A
2020-09-07,gabes,Gabès,south,0.1102,0.0921,-0.1081,3.00,0.1,0.999,S2B_32SNC_20200907_0_L2A
2020-10-22,gabes,Gabès,south,0.1806,0.1487,-0.0551,11.56,0.2,0.972,S2A_32SPC_20201022_1_L2A
2020-11-21,gabes,Gabès,south,0.2381,0.1707,0.0015,16.53,0.2,0.926,S2A_32SPC_20201121_3_L2A
2020-12-01,gabes,Gabès,south,0.1246,0.0991,-0.0907,3.24,0.1,0.999,S2A_32SNC_20201201_1_L2A
2021-01-30,gabes,Gabès,south,0.1926,0.1469,-0.0438,10.00,0.3,0.969,S2A_32SPC_20210130_1_L2A
2021-02-09,gabes,Gabès,south,0.1254,0.0792,-0.0810,2.72,0.1,0.999,S2A_32SNC_20210209_0_L2A
2021-03-26,gabes,Gabès,south,0.1860,0.1523,-0.0384,10.79,0.2,0.972,S2B_32SPC_20210326_1_L2A
2021-04-10,gabes,Gabès,south,0.1143,0.0841,-0.0862,3.10,3.3,0.967,S2A_32SNC_20210410_0_L2A
2021-05-20,gabes,Gabès,south,0.0994,0.0804,-0.0998,2.62,0.1,0.999,S2A_32SNC_20210520_0_L2A
2021-06-14,gabes,Gabès,south,0.1027,0.0783,-0.1030,2.57,0.1,0.999,S2B_32SNC_20210614_0_L2A
2021-07-29,gabes,Gabès,south,0.1582,0.1539,-0.0687,9.68,0.0,0.977,S2A_32SPC_20210729_1_L2A
2021-08-03,gabes,Gabès,south,0.1558,0.1530,-0.0662,9.49,0.0,0.976,S2B_32SPC_20210803_1_L2A
2021-09-12,gabes,Gabès,south,0.0923,0.0817,-0.1161,2.15,0.1,0.999,S2B_32SNC_20210912_0_L2A
2021-10-22,gabes,Gabès,south,0.1629,0.1560,-0.0618,10.75,0.3,0.956,S2B_32SPC_20211022_0_L2A
2021-11-11,gabes,Gabès,south,0.1874,0.1613,-0.0350,12.20,0.2,0.971,S2B_32SPC_20211111_1_L2A
2021-12-16,gabes,Gabès,south,0.1135,0.0878,-0.0763,3.39,0.1,0.999,S2A_32SNC_20211216_1_L2A
2017-03-12,medenine,Medenine,south,0.1204,0.0372,-0.0999,0.20,0.0,1.000,S2A_32SPB_20170312_0_L2A
2017-04-11,medenine,Medenine,south,0.1532,0.0521,-0.0406,0.84,28.2,0.718,S2A_32SPC_20170411_0_L2A
2017-05-31,medenine,Medenine,south,0.1072,0.0280,-0.1172,0.12,0.0,1.000,S2A_MSIL2A_20170531T100031_R122_T32SPB_20210209T192725
2017-06-30,medenine,Medenine,south,0.1049,0.0246,-0.1146,0.10,0.0,1.000,S2A_MSIL2A_20170630T100031_R122_T32SPB_20210210T025556
2017-07-15,medenine,Medenine,south,0.0958,0.0232,-0.1340,0.07,0.1,0.999,S2B_32SPB_20170715_0_L2A
2017-08-04,medenine,Medenine,south,0.1001,0.0242,-0.1252,0.07,0.0,1.000,S2B_32SPB_20170804_0_L2A
2017-09-23,medenine,Medenine,south,0.0760,0.0263,-0.1289,0.04,16.7,0.833,S2B_32SPB_20170923_0_L2A
2017-10-13,medenine,Medenine,south,0.1011,0.0464,-0.1020,0.13,23.4,0.766,S2B_32SPC_20171013_0_L2A
2017-11-02,medenine,Medenine,south,0.1445,0.0539,-0.1070,0.55,15.1,0.849,S2B_32SPB_20171102_0_L2A
2017-12-12,medenine,Medenine,south,0.2028,0.0817,-0.0554,6.88,0.2,0.998,S2B_32SPB_20171212_0_L2A
2018-01-31,medenine,Medenine,south,0.2576,0.1194,-0.0137,22.88,0.1,0.999,S2B_MSIL2A_20180131T100229_R122_T32SPC_20201014T103023
2018-02-10,medenine,Medenine,south,0.2855,0.1189,0.0266,33.81,0.2,0.998,S2B_MSIL2A_20180210T100139_R122_T32SPC_20201026T013817
2018-03-27,medenine,Medenine,south,0.1998,0.0582,-0.0603,1.79,9.5,0.905,S2A_32SPB_20180327_0_L2A
2018-04-21,medenine,Medenine,south,0.1383,0.0253,-0.1099,0.10,0.1,0.999,S2B_32SPB_20180421_0_L2A
2018-05-11,medenine,Medenine,south,0.1280,0.0314,-0.1290,0.12,0.2,0.998,S2B_32SPB_20180511_0_L2A
2018-06-05,medenine,Medenine,south,0.1204,0.0385,-0.1196,0.22,0.0,1.000,S2A_32SPC_20180605_1_L2A
2018-07-15,medenine,Medenine,south,0.1037,0.0225,-0.1411,0.06,0.0,1.000,S2A_32SPB_20180715_1_L2A
2018-08-09,medenine,Medenine,south,0.0953,0.0271,-0.1600,0.07,0.0,1.000,S2B_32SPB_20180809_1_L2A
2018-09-03,medenine,Medenine,south,0.1022,0.0275,-0.1500,0.07,0.2,0.998,S2A_32SPB_20180903_0_L2A
2018-10-23,medenine,Medenine,south,0.1477,0.0537,-0.1124,0.38,0.3,0.997,S2A_32SPB_20181023_0_L2A
2018-11-22,medenine,Medenine,south,0.2063,0.0765,-0.0681,4.58,0.0,1.000,S2A_32SPB_20181122_0_L2A
2018-12-17,medenine,Medenine,south,0.1999,0.0848,-0.0825,3.21,0.0,1.000,S2B_32SPC_20181217_1_L2A
2019-01-21,medenine,Medenine,south,0.1674,0.0544,-0.0979,0.87,0.0,1.000,S2A_32SPB_20190121_0_L2A
2019-02-10,medenine,Medenine,south,0.1778,0.0564,-0.0841,1.04,0.0,1.000,S2A_32SPB_20190210_0_L2A
2019-03-02,medenine,Medenine,south,0.1706,0.0513,-0.0861,0.58,0.0,1.000,S2A_32SPB_20190302_0_L2A
2019-04-06,medenine,Medenine,south,0.1426,0.0413,-0.1119,0.29,0.1,0.999,S2B_32SPC_20190406_1_L2A
2019-05-11,medenine,Medenine,south,0.1112,0.0285,-0.1361,0.12,0.0,1.000,S2A_32SPB_20190511_1_L2A
2019-06-25,medenine,Medenine,south,0.0961,0.0191,-0.1483,0.06,0.0,1.000,S2B_32SPB_20190625_0_L2A
2019-07-25,medenine,Medenine,south,0.0998,0.0234,-0.1474,0.08,0.0,1.000,S2B_32SPB_20190725_1_L2A
2019-08-19,medenine,Medenine,south,0.0901,0.0221,-0.1581,0.05,0.0,1.000,S2A_32SPB_20190819_1_L2A
2019-09-28,medenine,Medenine,south,0.0909,0.0258,-0.1534,0.06,0.0,1.000,S2A_32SPB_20190928_0_L2A
2019-10-23,medenine,Medenine,south,0.1327,0.0499,-0.1084,0.32,0.0,1.000,S2B_32SPC_20191023_1_L2A
2019-11-17,medenine,Medenine,south,0.2102,0.0821,-0.0614,5.47,0.0,1.000,S2A_32SPB_20191117_1_L2A
2019-12-22,medenine,Medenine,south,0.2088,0.0740,-0.0614,4.35,0.0,1.000,S2B_32SPB_20191222_1_L2A
2020-01-16,medenine,Medenine,south,0.2746,0.0999,0.0178,26.09,0.0,1.000,S2A_32SPC_20200116_1_L2A
2020-02-25,medenine,Medenine,south,0.2138,0.0683,-0.0522,5.55,0.0,1.000,S2A_32SPB_20200225_1_L2A
2020-03-31,medenine,Medenine,south,0.1649,0.0471,-0.0993,0.38,0.0,1.000,S2B_32SPB_20200331_3_L2A
2020-04-30,medenine,Medenine,south,0.1368,0.0364,-0.1192,0.15,0.0,1.000,S2B_32SPB_20200430_1_L2A
2020-05-05,medenine,Medenine,south,0.1342,0.0387,-0.1219,0.23,0.0,1.000,S2A_32SPC_20200505_1_L2A
2020-06-29,medenine,Medenine,south,0.0980,0.0281,-0.1481,0.08,0.0,1.000,S2B_32SPB_20200629_1_L2A
2020-07-29,medenine,Medenine,south,0.1075,0.0304,-0.1427,0.14,1.0,0.990,S2B_32SPC_20200729_1_L2A
2020-08-28,medenine,Medenine,south,0.1081,0.0252,-0.1394,0.08,0.0,1.000,S2B_32SPB_20200828_1_L2A
2020-09-17,medenine,Medenine,south,0.0982,0.0267,-0.1688,0.06,0.3,0.997,S2B_32SPB_20200917_0_L2A
2020-10-22,medenine,Medenine,south,0.1081,0.0328,-0.1407,0.11,0.0,1.000,S2A_32SPB_20201022_1_L2A
2020-11-21,medenine,Medenine,south,0.1669,0.0557,-0.0762,0.92,0.0,1.000,S2A_32SPB_20201121_1_L2A
2020-12-01,medenine,Medenine,south,0.1459,0.0572,-0.1123,0.85,0.0,1.000,S2A_32SPB_20201201_1_L2A
2021-01-30,medenine,Medenine,south,0.1792,0.0629,-0.0834,1.83,0.0,1.000,S2A_32SPB_20210130_1_L2A
2021-02-19,medenine,Medenine,south,0.1856,0.0544,-0.0736,1.26,0.0,1.000,S2A_32SPB_20210219_1_L2A
2021-03-26,medenine,Medenine,south,0.1596,0.0445,-0.0911,0.42,0.0,1.000,S2B_32SPC_20210326_1_L2A
2021-04-25,medenine,Medenine,south,0.1242,0.0326,-0.1175,0.15,2.7,0.973,S2B_32SPB_20210425_0_L2A
2021-05-15,medenine,Medenine,south,0.1092,0.0295,-0.1238,0.14,0.3,0.997,S2B_32SPB_20210515_1_L2A
2021-06-24,medenine,Medenine,south,0.0975,0.0251,-0.1340,0.07,0.0,1.000,S2B_32SPB_20210624_1_L2A
2021-07-29,medenine,Medenine,south,0.0992,0.0265,-0.1361,0.09,0.0,1.000,S2A_32SPB_20210729_1_L2A
2021-08-03,medenine,Medenine,south,0.1053,0.0260,-0.1291,0.08,0.0,1.000,S2B_32SPB_20210803_1_L2A
2021-09-27,medenine,Medenine,south,0.0933,0.0231,-0.1431,0.04,0.0,1.000,S2A_32SPB_20210927_1_L2A
2021-10-22,medenine,Medenine,south,0.1069,0.0503,-0.1400,0.10,0.1,0.999,S2B_32SPB_20211022_1_L2A
2021-11-11,medenine,Medenine,south,0.1126,0.0297,-0.1235,0.16,0.0,1.000,S2B_32SPB_20211111_1_L2A
2021-12-16,medenine,Medenine,south,0.1134,0.0378,-0.1135,0.22,0.0,1.000,S2A_32SPB_20211216_0_L2A
2017-03-02,tataouine,Tataouine,south,0.1448,0.0513,-0.0777,1.09,0.0,1.000,S2A_32SNB_20170302_1_L2A
2017-04-11,tataouine,Tataouine,south,0.1434,0.0394,-0.0547,0.48,29.3,0.707,S2A_32SNB_20170411_0_L2A
2017-05-31,tataouine,Tataouine,south,0.1097,0.0288,-0.1082,0.08,0.0,1.000,S2A_MSIL2A_20170531T100031_R122_T32SPB_20210209T192725
2017-06-30,tataouine,Tataouine,south,0.1106,0.0203,-0.1091,0.03,0.0,1.000,S2A_MSIL2A_20170630T100031_R122_T32SNB_20210210T025553
2017-07-15,tataouine,Tataouine,south,0.1015,0.0177,-0.1225,0.01,0.0,1.000,S2B_32SNB_20170715_0_L2A
2017-08-24,tataouine,Tataouine,south,0.1069,0.0205,-0.1154,0.03,0.0,1.000,S2B_32SNB_20170824_0_L2A
2017-09-23,tataouine,Tataouine,south,0.0787,0.0215,-0.1368,0.02,2.6,0.974,S2B_32SPB_20170923_0_L2A
2017-10-23,tataouine,Tataouine,south,0.1136,0.0315,-0.1244,0.05,2.7,0.973,S2B_32SNB_20171023_0_L2A
2017-11-02,tataouine,Tataouine,south,0.1136,0.0316,-0.1301,0.04,3.5,0.965,S2B_32SNB_20171102_0_L2A
2017-12-12,tataouine,Tataouine,south,0.1629,0.0618,-0.0856,1.93,0.2,0.998,S2B_32SPB_20171212_0_L2A
2018-01-31,tataouine,Tataouine,south,0.2021,0.0870,-0.0562,8.68,0.1,0.999,S2B_MSIL2A_20180131T100229_R122_T32SPB_20201014T103026
2018-02-10,tataouine,Tataouine,south,0.2312,0.1003,-0.0205,14.84,0.0,1.000,S2B_MSIL2A_20180210T100139_R122_T32SPB_20201026T013819
2018-03-27,tataouine,Tataouine,south,0.1704,0.0516,-0.0762,1.09,7.2,0.928,S2A_32SNB_20180327_0_L2A
2018-04-11,tataouine,Tataouine,south,0.1428,0.0204,-0.0871,0.06,0.0,1.000,S2B_32SNB_20180411_0_L2A
2018-05-11,tataouine,Tataouine,south,0.1189,0.0240,-0.1212,0.04,0.0,1.000,S2B_32SNB_20180511_0_L2A
2018-06-05,tataouine,Tataouine,south,0.1135,0.0243,-0.1120,0.03,0.0,1.000,S2A_32SNB_20180605_1_L2A
2018-07-15,tataouine,Tataouine,south,0.1042,0.0153,-0.1319,0.00,0.0,1.000,S2A_32SNB_20180715_1_L2A
2018-08-09,tataouine,Tataouine,south,0.0928,0.0236,-0.1488,0.03,0.1,0.999,S2B_32SPB_20180809_1_L2A
2018-09-28,tataouine,Tataouine,south,0.1138,0.0288,-0.1207,0.16,0.1,0.999,S2B_32SNB_20180928_1_L2A
2018-10-08,tataouine,Tataouine,south,0.1118,0.0250,-0.1245,0.07,0.0,1.000,S2B_32SNB_20181008_1_L2A
2018-11-22,tataouine,Tataouine,south,0.1519,0.0594,-0.0981,1.22,0.0,1.000,S2A_32SPB_20181122_0_L2A
2018-12-17,tataouine,Tataouine,south,0.1407,0.0582,-0.1069,0.80,0.0,1.000,S2B_32SNB_20181217_1_L2A
2019-01-01,tataouine,Tataouine,south,0.1413,0.0537,-0.1073,0.64,0.0,1.000,S2A_32SNB_20190101_0_L2A
2019-02-10,tataouine,Tataouine,south,0.1545,0.0532,-0.0950,0.80,0.2,0.998,S2A_32SPB_20190210_0_L2A
2019-03-02,tataouine,Tataouine,south,0.1361,0.0379,-0.0998,0.27,0.0,1.000,S2A_32SNB_20190302_0_L2A
2019-04-11,tataouine,Tataouine,south,0.1215,0.0328,-0.1068,0.06,0.0,1.000,S2A_32SNB_20190411_1_L2A
2019-05-11,tataouine,Tataouine,south,0.1043,0.0254,-0.1227,0.06,0.0,1.000,S2A_32SNB_20190511_1_L2A
2019-06-30,tataouine,Tataouine,south,0.0927,0.0181,-0.1391,0.02,0.0,1.000,S2A_32SNB_20190630_1_L2A
2019-07-05,tataouine,Tataouine,south,0.0914,0.0189,-0.1315,0.01,0.0,1.000,S2B_32SNB_20190705_1_L2A
2019-08-14,tataouine,Tataouine,south,0.0854,0.0186,-0.1384,0.01,0.0,1.000,S2B_32SNB_20190814_1_L2A
2019-09-28,tataouine,Tataouine,south,0.0963,0.0296,-0.1358,0.09,0.0,1.000,S2A_32SNB_20190928_1_L2A
2019-10-23,tataouine,Tataouine,south,0.1038,0.0301,-0.1316,0.13,0.2,0.998,S2B_32SNB_20191023_0_L2A
2019-11-02,tataouine,Tataouine,south,0.1365,0.0483,-0.1115,0.60,0.0,1.000,S2B_32SNB_20191102_1_L2A
2019-12-22,tataouine,Tataouine,south,0.1530,0.0538,-0.0924,0.95,0.0,1.000,S2B_32SNB_20191222_1_L2A
2020-01-01,tataouine,Tataouine,south,0.1721,0.0565,-0.0589,2.02,0.0,1.000,S2B_32SNB_20200101_1_L2A
2020-02-25,tataouine,Tataouine,south,0.1622,0.0510,-0.0799,1.14,0.0,1.000,S2A_32SNB_20200225_1_L2A
2020-03-31,tataouine,Tataouine,south,0.1325,0.0370,-0.1099,0.15,0.0,1.000,S2B_32SPB_20200331_2_L2A
2020-04-30,tataouine,Tataouine,south,0.1199,0.0301,-0.1056,0.05,0.0,1.000,S2B_32SNB_20200430_1_L2A
2020-05-10,tataouine,Tataouine,south,0.1083,0.0279,-0.1154,0.02,0.0,1.000,S2B_32SNB_20200510_1_L2A
2020-06-29,tataouine,Tataouine,south,0.0946,0.0184,-0.1302,0.01,0.0,1.000,S2B_32SNB_20200629_1_L2A
2020-07-19,tataouine,Tataouine,south,0.0963,0.0219,-0.1378,0.01,0.0,1.000,S2B_32SNB_20200719_1_L2A
2020-08-13,tataouine,Tataouine,south,0.0914,0.0192,-0.1437,0.00,0.0,1.000,S2A_32SNB_20200813_1_L2A
2020-09-17,tataouine,Tataouine,south,0.0980,0.0193,-0.1433,0.00,0.0,1.000,S2B_32SNB_20200917_1_L2A
2020-10-22,tataouine,Tataouine,south,0.0971,0.0200,-0.1377,0.00,0.0,1.000,S2A_32SNB_20201022_1_L2A
2020-11-21,tataouine,Tataouine,south,0.1300,0.0274,-0.0971,0.06,0.0,1.000,S2A_32SNB_20201121_1_L2A
2020-12-01,tataouine,Tataouine,south,0.1088,0.0266,-0.1322,0.02,0.0,1.000,S2A_32SNB_20201201_1_L2A
2021-01-15,tataouine,Tataouine,south,0.1298,0.0337,-0.1143,0.13,0.0,1.000,S2B_32SNB_20210115_3_L2A
2021-02-09,tataouine,Tataouine,south,0.1229,0.0211,-0.1022,0.01,0.0,1.000,S2A_32SNB_20210209_1_L2A
2021-03-26,tataouine,Tataouine,south,0.1221,0.0211,-0.1090,0.01,0.0,1.000,S2B_32SNB_20210326_1_L2A
2021-04-25,tataouine,Tataouine,south,0.1112,0.0249,-0.1160,0.05,8.0,0.920,S2B_32SPB_20210425_0_L2A
2021-05-15,tataouine,Tataouine,south,0.0992,0.0159,-0.1195,0.00,0.0,1.000,S2B_32SNB_20210515_1_L2A
2021-06-24,tataouine,Tataouine,south,0.0947,0.0123,-0.1330,0.00,0.0,1.000,S2B_32SNB_20210624_1_L2A
2021-07-09,tataouine,Tataouine,south,0.0914,0.0130,-0.1331,0.00,0.0,1.000,S2A_32SNB_20210709_1_L2A
2021-08-18,tataouine,Tataouine,south,0.0872,0.0125,-0.1450,0.00,0.0,1.000,S2A_32SNB_20210818_1_L2A
2021-09-17,tataouine,Tataouine,south,0.0928,0.0142,-0.1311,0.00,0.0,1.000,S2A_32SNB_20210917_1_L2A
2021-10-22,tataouine,Tataouine,south,0.0926,0.0231,-0.1359,0.00,0.0,1.000,S2B_32SNB_20211022_1_L2A
2021-11-11,tataouine,Tataouine,south,0.1057,0.0162,-0.1212,0.00,0.0,1.000,S2B_32SNB_20211111_1_L2A
2021-12-01,tataouine,Tataouine,south,0.1064,0.0170,-0.1128,0.01,0.0,1.000,S2B_32SNB_20211201_3_L2A
2017-03-02,gafsa,Gafsa,south,0.2057,0.1095,-0.0436,10.71,0.0,0.377,S2A_32SMD_20170302_0_L2A
2017-04-14,gafsa,Gafsa,south,0.1960,0.0877,-0.0671,3.46,0.0,1.000,S2A_32SND_20170414_0_L2A
2017-05-04,gafsa,Gafsa,south,0.1045,0.0334,-0.1102,0.19,0.0,1.000,S2A_32SNC_20170504_0_L2A
2017-06-30,gafsa,Gafsa,south,0.1037,0.0490,-0.1105,1.02,0.0,0.347,S2A_32SMD_20170630_0_L2A
2017-07-10,gafsa,Gafsa,south,0.1027,0.0442,-0.1145,0.93,0.0,0.371,S2A_32SMD_20170710_0_L2A
2017-08-24,gafsa,Gafsa,south,0.1030,0.0532,-0.1170,1.04,0.0,0.446,S2B_32SMD_20170824_0_L2A
2017-09-06,gafsa,Gafsa,south,0.0961,0.0419,-0.1442,0.38,0.0,1.000,S2B_32SND_20170906_0_L2A
2017-10-26,gafsa,Gafsa,south,0.1640,0.0751,-0.0914,1.98,0.0,1.000,S2B_32SND_20171026_0_L2A
2017-11-02,gafsa,Gafsa,south,0.1603,0.0843,-0.0984,2.95,0.0,0.343,S2B_32SMD_20171102_0_L2A
2017-12-12,gafsa,Gafsa,south,0.1892,0.0987,-0.0738,5.84,0.1,0.402,S2B_32SMD_20171212_0_L2A
2018-01-26,gafsa,Gafsa,south,0.1657,0.0981,-0.0831,4.74,0.0,0.392,S2A_32SMD_20180126_0_L2A
2018-02-05,gafsa,Gafsa,south,0.1651,0.0752,-0.0756,4.24,0.0,0.409,S2A_32SMD_20180205_1_L2A
2018-03-12,gafsa,Gafsa,south,0.1702,0.0883,-0.0773,4.15,0.0,0.326,S2B_32SMD_20180312_1_L2A
2018-04-11,gafsa,Gafsa,south,0.1564,0.0751,-0.0902,2.42,0.0,0.412,S2B_32SMD_20180411_0_L2A
2018-05-29,gafsa,Gafsa,south,0.1171,0.0752,-0.1038,2.19,0.0,1.000,S2A_32SMD_20180529_1_L2A
2018-06-10,gafsa,Gafsa,south,0.1101,0.0546,-0.1073,1.15,0.0,0.368,S2B_32SMD_20180610_1_L2A
2018-07-13,gafsa,Gafsa,south,0.1012,0.0390,-0.1357,0.30,0.0,1.000,S2B_32SND_20180713_2_L2A
2018-08-14,gafsa,Gafsa,south,0.0969,0.0568,-0.1308,0.97,0.1,0.424,S2A_32SMD_20180814_0_L2A
2018-09-03,gafsa,Gafsa,south,0.0966,0.0633,-0.1315,1.35,0.0,0.450,S2A_32SMD_20180903_0_L2A
2018-10-08,gafsa,Gafsa,south,0.1306,0.0706,-0.1077,1.84,0.0,0.400,S2B_32SMD_20181008_2_L2A
2018-11-05,gafsa,Gafsa,south,0.1799,0.1045,-0.0749,5.85,0.0,1.000,S2A_32SND_20181105_0_L2A
2018-12-17,gafsa,Gafsa,south,0.1581,0.1031,-0.0966,4.15,0.0,0.388,S2B_32SMD_20181217_0_L2A
2019-01-06,gafsa,Gafsa,south,0.1558,0.0972,-0.0942,3.62,0.0,0.398,S2B_32SMD_20190106_0_L2A
2019-02-25,gafsa,Gafsa,south,0.1457,0.0797,-0.0948,2.74,0.0,0.398,S2B_32SMD_20190225_0_L2A
2019-03-15,gafsa,Gafsa,south,0.1421,0.0814,-0.1008,2.35,0.0,1.000,S2A_32SND_20190315_0_L2A
2019-04-26,gafsa,Gafsa,south,0.1411,0.0799,-0.0813,2.15,0.0,0.423,S2B_32SMD_20190426_1_L2A
2019-05-11,gafsa,Gafsa,south,0.1107,0.0630,-0.1131,1.39,0.0,0.406,S2A_32SMD_20190511_1_L2A
2019-06-30,gafsa,Gafsa,south,0.0935,0.0565,-0.1270,1.20,0.0,0.417,S2A_32SMD_20190630_2_L2A
2019-07-05,gafsa,Gafsa,south,0.0996,0.0565,-0.1150,1.22,0.0,0.425,S2B_32SMD_20190705_1_L2A
2019-08-22,gafsa,Gafsa,south,0.0894,0.0749,-0.1324,1.78,0.0,1.000,S2A_32SMD_20190822_3_L2A
2019-09-03,gafsa,Gafsa,south,0.1028,0.0675,-0.1258,1.39,0.0,0.399,S2B_32SMD_20190903_1_L2A
2019-10-06,gafsa,Gafsa,south,0.1257,0.0791,-0.1014,2.89,0.0,1.000,S2B_32SMD_20191006_1_L2A
2019-11-05,gafsa,Gafsa,south,0.1278,0.0850,-0.1002,3.07,0.0,1.000,S2B_32SMD_20191105_1_L2A
2019-12-22,gafsa,Gafsa,south,0.1525,0.0829,-0.0867,3.22,0.0,0.353,S2B_32SMD_20191222_1_L2A
2020-01-16,gafsa,Gafsa,south,0.1503,0.0739,-0.0910,2.72,0.0,0.357,S2A_32SMD_20200116_1_L2A
2020-02-28,gafsa,Gafsa,south,0.1357,0.0627,-0.1066,1.64,0.0,1.000,S2A_32SND_20200228_1_L2A
2020-03-14,gafsa,Gafsa,south,0.1077,0.0402,-0.0983,0.47,0.0,1.000,S2B_32SNC_20200314_1_L2A
2020-04-28,gafsa,Gafsa,south,0.1331,0.0913,-0.0963,2.65,1.3,0.987,S2A_32SMD_20200428_1_L2A
2020-05-10,gafsa,Gafsa,south,0.1172,0.0712,-0.0992,1.51,0.0,0.377,S2B_32SMD_20200510_1_L2A
2020-06-29,gafsa,Gafsa,south,0.0993,0.0658,-0.1180,1.21,0.0,0.378,S2B_32SMD_20200629_1_L2A
2020-07-04,gafsa,Gafsa,south,0.0948,0.0536,-0.1223,1.02,0.0,0.403,S2A_32SMD_20200704_1_L2A
2020-08-01,gafsa,Gafsa,south,0.1127,0.0427,-0.1198,0.65,0.0,1.000,S2B_32SND_20200801_1_L2A
2020-09-07,gafsa,Gafsa,south,0.1179,0.0702,-0.1062,2.04,0.0,0.382,S2B_32SMD_20200907_1_L2A
2020-10-30,gafsa,Gafsa,south,0.1332,0.0901,-0.0872,3.89,0.0,1.000,S2B_32SMD_20201030_1_L2A
2020-11-09,gafsa,Gafsa,south,0.1470,0.0804,-0.0875,3.69,0.0,1.000,S2B_32SND_20201109_1_L2A
2020-12-29,gafsa,Gafsa,south,0.1908,0.0962,-0.0505,7.78,0.0,1.000,S2B_32SND_20201229_1_L2A
2021-01-13,gafsa,Gafsa,south,0.1788,0.0833,-0.0758,4.88,0.0,1.000,S2A_32SND_20210113_1_L2A
2021-02-12,gafsa,Gafsa,south,0.1328,0.0835,-0.0985,2.90,0.0,1.000,S2A_32SMD_20210212_1_L2A
2021-03-29,gafsa,Gafsa,south,0.1225,0.0719,-0.0952,2.47,0.0,1.000,S2B_32SMD_20210329_1_L2A
2021-04-08,gafsa,Gafsa,south,0.1373,0.0659,-0.1032,1.60,0.0,1.000,S2B_32SND_20210408_0_L2A
2021-05-20,gafsa,Gafsa,south,0.1024,0.0647,-0.1140,1.61,0.0,0.408,S2A_32SMD_20210520_2_L2A
2021-06-14,gafsa,Gafsa,south,0.1030,0.0597,-0.1145,1.60,0.0,0.425,S2B_32SMD_20210614_1_L2A
2021-07-19,gafsa,Gafsa,south,0.0945,0.0540,-0.1195,1.23,0.0,0.413,S2A_32SMD_20210719_1_L2A
2021-08-03,gafsa,Gafsa,south,0.1017,0.0571,-0.1092,1.29,0.0,0.417,S2B_32SMD_20210803_1_L2A
2021-09-12,gafsa,Gafsa,south,0.1009,0.0605,-0.1245,1.51,0.0,0.395,S2B_32SMD_20210912_1_L2A
2021-10-27,gafsa,Gafsa,south,0.1090,0.0777,-0.1180,2.11,0.0,0.446,S2A_32SMD_20211027_0_L2A
2021-11-11,gafsa,Gafsa,south,0.1253,0.0802,-0.0990,2.86,0.0,0.432,S2B_32SMD_20211111_1_L2A
2021-12-04,gafsa,Gafsa,south,0.1312,0.0725,-0.0853,2.74,0.0,1.000,S2B_32SND_20211204_1_L2A
2017-03-25,tozeur,Tozeur,south,0.1253,0.1112,-0.0264,6.54,21.3,0.787,S2A_32SLC_20170325_0_L2A
2017-04-14,tozeur,Tozeur,south,0.1115,0.1095,-0.0354,5.90,16.8,0.832,S2A_32SLC_20170414_0_L2A
2017-05-04,tozeur,Tozeur,south,0.1026,0.1088,-0.0619,6.31,28.1,0.719,S2A_32SLC_20170504_0_L2A
2017-06-23,tozeur,Tozeur,south,0.0879,0.0978,-0.0790,5.07,16.2,0.838,S2A_32SLC_20170623_0_L2A
2017-07-28,tozeur,Tozeur,south,0.0871,0.1039,-0.0854,5.45,17.8,0.822,S2B_32SLC_20170728_0_L2A
2017-08-27,tozeur,Tozeur,south,0.0822,0.0960,-0.0907,5.01,13.7,0.863,S2B_32SLC_20170827_0_L2A
2017-09-21,tozeur,Tozeur,south,0.0836,0.0876,-0.0710,4.65,5.8,0.942,S2A_32SLC_20170921_1_L2A
2017-10-21,tozeur,Tozeur,south,0.0904,0.1096,-0.0127,5.30,0.0,1.000,S2A_32SLC_20171021_0_L2A
2017-11-20,tozeur,Tozeur,south,0.1201,0.1238,-0.0280,7.04,20.7,0.793,S2A_32SLC_20171120_0_L2A
2017-12-05,tozeur,Tozeur,south,0.1278,0.1390,-0.0342,6.72,20.5,0.795,S2B_32SLC_20171205_0_L2A
2018-01-24,tozeur,Tozeur,south,0.1339,0.1381,-0.0432,7.40,30.3,0.697,S2B_32SLC_20180124_0_L2A
2018-02-23,tozeur,Tozeur,south,0.1352,0.1208,0.0765,5.56,0.0,1.000,S2B_32SLC_20180223_1_L2A
2018-03-10,tozeur,Tozeur,south,0.1039,0.1025,-0.0281,5.09,3.7,0.963,S2A_32SLC_20180310_1_L2A
2018-04-29,tozeur,Tozeur,south,0.0992,0.0953,-0.0645,5.30,15.3,0.847,S2A_32SLC_20180429_0_L2A
2018-05-24,tozeur,Tozeur,south,0.1041,0.1027,-0.0586,5.59,17.3,0.827,S2B_32SLC_20180524_0_L2A
2018-06-18,tozeur,Tozeur,south,0.0806,0.0924,-0.0620,4.32,1.4,0.986,S2A_32SLC_20180618_1_L2A
2018-07-13,tozeur,Tozeur,south,0.0760,0.0853,-0.0321,3.72,4.3,0.957,S2B_32SMC_20180713_1_L2A
2018-08-02,tozeur,Tozeur,south,0.0341,0.0074,-0.0657,0.00,0.0,0.266,S2B_32SLC_20180802_1_L2A
2018-09-01,tozeur,Tozeur,south,0.0821,0.0957,-0.0718,4.44,0.1,0.999,S2B_32SLC_20180901_1_L2A
2018-10-26,tozeur,Tozeur,south,0.0910,0.1144,-0.0477,5.32,4.2,0.958,S2A_32SLC_20181026_1_L2A
2018-11-20,tozeur,Tozeur,south,0.0967,0.1139,-0.0551,5.42,4.4,0.956,S2B_32SLC_20181120_0_L2A
2018-12-30,tozeur,Tozeur,south,0.1076,0.1211,-0.0361,5.43,0.0,1.000,S2B_32SLC_20181230_1_L2A
2019-01-29,tozeur,Tozeur,south,0.1109,0.1182,-0.0323,5.23,1.5,0.985,S2B_32SLC_20190129_0_L2A
2019-02-08,tozeur,Tozeur,south,0.1022,0.1147,-0.0370,5.11,1.8,0.982,S2B_32SLC_20190208_0_L2A
2019-03-25,tozeur,Tozeur,south,0.0931,0.0995,-0.0297,4.18,0.5,0.995,S2A_32SMC_20190325_1_L2A
2019-04-14,tozeur,Tozeur,south,0.0998,0.1017,-0.0292,5.14,4.8,0.952,S2A_32SLC_20190414_1_L2A
2019-05-29,tozeur,Tozeur,south,0.0786,0.1035,-0.0408,4.69,2.8,0.972,S2B_32SLC_20190529_1_L2A
2019-06-03,tozeur,Tozeur,south,0.0786,0.0961,-0.0405,4.57,2.4,0.976,S2A_32SLC_20190603_1_L2A
2019-07-23,tozeur,Tozeur,south,0.0863,0.0880,-0.0474,4.36,0.6,0.994,S2A_32SLC_20190723_1_L2A
2019-08-17,tozeur,Tozeur,south,0.0738,0.0978,-0.0730,4.32,1.6,0.984,S2B_32SLC_20190817_1_L2A
2019-09-01,tozeur,Tozeur,south,0.0920,0.1092,-0.0337,5.24,0.0,1.000,S2A_32SLC_20190901_1_L2A
2019-10-11,tozeur,Tozeur,south,0.0726,0.1141,-0.0366,4.84,4.4,0.956,S2A_32SLC_20191011_1_L2A
2019-11-30,tozeur,Tozeur,south,0.0982,0.1139,-0.0256,5.65,4.4,0.956,S2A_32SLC_20191130_1_L2A
2019-12-25,tozeur,Tozeur,south,0.1052,0.1079,-0.0095,5.45,1.5,0.985,S2B_32SLC_20191225_1_L2A
2020-01-14,tozeur,Tozeur,south,0.1127,0.1236,0.0181,5.68,0.0,1.000,S2B_32SLC_20200114_1_L2A
2020-02-23,tozeur,Tozeur,south,0.0985,0.1102,-0.0226,5.26,2.5,0.975,S2B_32SLC_20200223_1_L2A
2020-03-14,tozeur,Tozeur,south,0.0996,0.1064,-0.0344,5.15,2.6,0.974,S2B_32SLC_20200314_1_L2A
2020-04-23,tozeur,Tozeur,south,0.0895,0.1063,-0.0236,5.23,6.3,0.937,S2B_32SLC_20200423_1_L2A
2020-05-03,tozeur,Tozeur,south,0.0934,0.1160,-0.0435,5.64,14.6,0.854,S2B_32SLC_20200503_1_L2A
2020-06-22,tozeur,Tozeur,south,0.0897,0.0970,-0.0526,4.66,1.3,0.987,S2B_32SLC_20200622_1_L2A
2020-07-02,tozeur,Tozeur,south,0.0840,0.0643,-0.0626,3.54,0.0,1.000,S2B_32SLC_20200702_0_L2A
2020-08-26,tozeur,Tozeur,south,0.0691,0.0928,-0.0801,4.36,1.1,0.989,S2A_32SLC_20200826_1_L2A
2020-09-30,tozeur,Tozeur,south,0.0768,0.0883,-0.0745,4.68,0.7,0.993,S2B_32SLC_20200930_1_L2A
2020-10-10,tozeur,Tozeur,south,0.0881,0.1111,-0.0689,5.13,0.1,0.999,S2B_32SLC_20201010_1_L2A
2020-11-29,tozeur,Tozeur,south,0.0971,0.1203,-0.0362,5.59,0.7,0.993,S2B_32SLC_20201129_1_L2A
2020-12-24,tozeur,Tozeur,south,0.1060,0.1291,-0.0417,5.68,0.3,0.997,S2A_32SLC_20201224_1_L2A
2021-01-28,tozeur,Tozeur,south,0.0938,0.1092,-0.0498,5.22,0.1,0.999,S2B_32SLC_20210128_1_L2A
2021-02-12,tozeur,Tozeur,south,0.0960,0.1110,-0.0498,5.20,0.5,0.995,S2A_32SLC_20210212_0_L2A
2021-03-14,tozeur,Tozeur,south,0.0948,0.0947,-0.0639,4.94,0.5,0.995,S2A_32SLC_20210314_0_L2A
2021-04-28,tozeur,Tozeur,south,0.0950,0.0970,-0.0518,4.94,0.3,0.997,S2B_32SLC_20210428_2_L2A
2021-05-13,tozeur,Tozeur,south,0.0859,0.0918,-0.0661,4.68,0.3,0.997,S2A_32SLC_20210513_0_L2A
2021-06-07,tozeur,Tozeur,south,0.0637,0.0586,-0.0935,2.23,0.0,1.000,S2B_32SLC_20210607_0_L2A
2021-07-22,tozeur,Tozeur,south,0.0690,0.0827,-0.0910,3.94,0.0,1.000,S2A_32SLC_20210722_0_L2A
2021-08-11,tozeur,Tozeur,south,0.0791,0.0699,-0.0798,3.74,0.0,1.000,S2A_32SLC_20210811_0_L2A
2021-09-25,tozeur,Tozeur,south,0.0827,0.0605,-0.0828,3.29,0.0,1.000,S2B_32SLC_20210925_0_L2A
2021-10-15,tozeur,Tozeur,south,0.1028,0.1053,-0.0590,5.31,0.0,1.000,S2B_32SLC_20211015_1_L2A
2021-11-29,tozeur,Tozeur,south,0.1105,0.1078,0.0135,5.39,0.0,1.000,S2A_32SLC_20211129_0_L2A
2021-12-04,tozeur,Tozeur,south,0.1108,0.1154,-0.0070,5.90,1.8,0.982,S2B_32SLC_20211204_1_L2A
2017-03-25,kebili,Kebili,south,0.1040,0.0499,-0.0430,1.78,7.9,0.921,S2A_32SNC_20170325_0_L2A
2017-04-11,kebili,Kebili,south,0.0975,0.0516,-0.0508,1.77,7.4,0.926,S2A_32SNC_20170411_0_L2A
2017-05-04,kebili,Kebili,south,0.0912,0.0642,-0.0643,1.81,5.4,0.946,S2A_32SNC_20170504_0_L2A
2017-06-13,kebili,Kebili,south,0.1181,0.1409,-0.0187,8.83,28.6,0.714,S2A_32SMC_20170613_0_L2A
2017-07-05,kebili,Kebili,south,0.0897,0.0563,-0.0445,1.66,0.0,1.000,S2B_32SNC_20170705_0_L2A
2017-08-07,kebili,Kebili,south,0.0818,0.0483,-0.0865,1.54,7.1,0.929,S2B_32SNC_20170807_0_L2A
2017-09-06,kebili,Kebili,south,0.0613,0.0473,-0.1008,1.19,11.6,0.884,S2B_32SNC_20170906_0_L2A
2017-10-21,kebili,Kebili,south,0.1172,0.1411,-0.0145,7.85,11.8,0.882,S2A_32SMC_20171021_0_L2A
2017-11-02,kebili,Kebili,south,0.1058,0.0758,-0.0650,2.31,12.5,0.875,S2B_32SNC_20171102_0_L2A
2017-12-02,kebili,Kebili,south,0.1293,0.0877,-0.0380,2.67,10.3,0.897,S2B_32SNC_20171202_0_L2A
2018-01-01,kebili,Kebili,south,0.1478,0.1593,0.0264,8.85,2.6,0.974,S2B_32SMC_20180101_0_L2A
2018-02-05,kebili,Kebili,south,0.1389,0.1112,0.0269,8.47,0.5,0.995,S2A_32SMC_20180205_1_L2A
2018-03-22,kebili,Kebili,south,0.1591,0.1367,0.0617,9.32,0.1,0.999,S2B_32SMC_20180322_1_L2A
2018-04-11,kebili,Kebili,south,0.1040,0.0529,-0.0710,1.82,5.1,0.949,S2B_32SNC_20180411_0_L2A
2018-05-24,kebili,Kebili,south,0.0962,0.0614,-0.0702,1.76,4.5,0.955,S2B_32SNC_20180524_0_L2A
2018-06-28,kebili,Kebili,south,0.0834,0.0570,-0.0695,1.51,0.1,0.999,S2A_32SNC_20180628_1_L2A
2018-07-13,kebili,Kebili,south,0.0806,0.0465,-0.0769,1.33,0.1,0.999,S2B_32SNC_20180713_1_L2A
2018-08-02,kebili,Kebili,south,0.3270,0.1791,0.0142,49.70,0.0,0.002,S2B_32SNC_20180802_2_L2A
2018-09-21,kebili,Kebili,south,0.0736,0.0679,-0.0787,1.66,0.0,1.000,S2B_32SNC_20180921_1_L2A
2018-10-08,kebili,Kebili,south,0.0962,0.0607,-0.0529,1.87,0.1,0.999,S2B_32SNC_20181008_0_L2A
2018-11-05,kebili,Kebili,south,0.0963,0.0746,-0.0477,2.01,0.1,0.999,S2A_32SNC_20181105_0_L2A
2018-12-17,kebili,Kebili,south,0.1014,0.0886,-0.0558,2.83,0.0,1.000,S2B_32SNC_20181217_1_L2A
2019-01-14,kebili,Kebili,south,0.1015,0.0769,-0.0472,2.09,1.7,0.983,S2A_32SNC_20190114_0_L2A
2019-02-28,kebili,Kebili,south,0.0989,0.0668,-0.0509,1.89,0.8,0.992,S2B_32SNC_20190228_0_L2A
2019-03-17,kebili,Kebili,south,0.1018,0.0579,-0.0436,1.81,0.0,1.000,S2B_32SNC_20190317_0_L2A
2019-04-16,kebili,Kebili,south,0.0950,0.0554,-0.0402,1.77,0.2,0.998,S2B_32SNC_20190416_1_L2A
2019-05-06,kebili,Kebili,south,0.0979,0.0557,-0.0497,1.78,0.0,1.000,S2B_32SNC_20190506_2_L2A
2019-06-18,kebili,Kebili,south,0.0842,0.0510,-0.0659,1.48,0.0,1.000,S2B_32SNC_20190618_0_L2A
2019-07-08,kebili,Kebili,south,0.0701,0.0449,-0.0861,1.20,0.0,1.000,S2B_32SNC_20190708_0_L2A
2019-08-02,kebili,Kebili,south,0.0705,0.0446,-0.0794,1.19,0.0,1.000,S2A_32SNC_20190802_0_L2A
2019-09-28,kebili,Kebili,south,0.0729,0.0667,-0.0719,1.74,0.1,0.999,S2A_32SNC_20190928_1_L2A
2019-10-31,kebili,Kebili,south,0.0823,0.0683,-0.0648,1.94,0.0,1.000,S2A_32SNC_20191031_0_L2A
2019-11-02,kebili,Kebili,south,0.0857,0.0719,-0.0640,2.02,0.0,1.000,S2B_32SNC_20191102_0_L2A
2019-12-02,kebili,Kebili,south,0.1016,0.0774,-0.0336,2.26,0.3,0.997,S2B_32SNC_20191202_1_L2A
2020-01-01,kebili,Kebili,south,0.1006,0.0664,-0.0370,2.11,0.1,0.999,S2B_32SNC_20200101_1_L2A
2020-02-28,kebili,Kebili,south,0.0913,0.0676,-0.0498,1.89,0.0,1.000,S2A_32SNC_20200228_0_L2A
2020-03-14,kebili,Kebili,south,0.0957,0.0628,-0.0494,1.90,0.0,1.000,S2B_32SNC_20200314_1_L2A
2020-04-30,kebili,Kebili,south,0.0890,0.0547,-0.0555,1.68,0.5,0.995,S2B_32SNC_20200430_0_L2A
2020-05-20,kebili,Kebili,south,0.0846,0.0532,-0.0600,1.59,0.0,1.000,S2B_32SNC_20200520_0_L2A
2020-06-02,kebili,Kebili,south,0.0780,0.0545,-0.0750,1.52,0.0,1.000,S2B_32SNC_20200602_0_L2A
2020-07-27,kebili,Kebili,south,0.0701,0.0544,-0.0836,1.45,0.0,1.000,S2A_32SNC_20200727_0_L2A
2020-08-26,kebili,Kebili,south,0.0713,0.0576,-0.0763,1.51,0.0,1.000,S2A_32SNC_20200826_0_L2A
2020-09-30,kebili,Kebili,south,0.0667,0.0457,-0.0879,1.29,0.0,1.000,S2B_32SNC_20200930_0_L2A
2020-10-10,kebili,Kebili,south,0.0778,0.0656,-0.0717,1.82,0.0,1.000,S2B_32SNC_20201010_0_L2A
2020-11-06,kebili,Kebili,south,0.0783,0.0606,-0.0635,1.85,0.3,0.997,S2B_32SNC_20201106_0_L2A
2020-12-24,kebili,Kebili,south,0.0902,0.0756,-0.0571,2.19,0.4,0.996,S2A_32SNC_20201224_1_L2A
2021-01-13,kebili,Kebili,south,0.0981,0.0668,-0.0481,2.11,0.2,0.998,S2A_32SNC_20210113_1_L2A
2021-02-09,kebili,Kebili,south,0.0843,0.0618,-0.0524,1.87,0.0,1.000,S2A_32SNC_20210209_0_L2A
2021-03-16,kebili,Kebili,south,0.0976,0.0615,-0.0443,1.95,0.0,1.000,S2B_32SNC_20210316_1_L2A
2021-04-08,kebili,Kebili,south,0.0897,0.0702,-0.0470,2.01,1.0,0.990,S2B_32SNC_20210408_1_L2A
2021-05-13,kebili,Kebili,south,0.0807,0.0564,-0.0634,1.63,0.0,1.000,S2A_32SNC_20210513_0_L2A
2021-06-07,kebili,Kebili,south,0.0654,0.0351,-0.0872,0.74,0.0,1.000,S2B_32SNC_20210607_0_L2A
2021-07-17,kebili,Kebili,south,0.0747,0.0550,-0.0738,1.52,0.0,1.000,S2B_32SNC_20210717_0_L2A
2021-08-21,kebili,Kebili,south,0.0623,0.0419,-0.0881,1.05,0.0,1.000,S2A_32SNC_20210821_0_L2A
2021-09-25,kebili,Kebili,south,0.0767,0.0393,-0.0722,1.11,0.0,1.000,S2B_32SNC_20210925_0_L2A
2021-10-15,kebili,Kebili,south,0.0922,0.0654,-0.0513,1.97,0.0,1.000,S2B_32SNC_20211015_0_L2A
2021-11-11,kebili,Kebili,south,0.0930,0.0689,-0.0516,2.11,0.1,0.999,S2B_32SNC_20211111_0_L2A
2021-12-16,kebili,Kebili,south,0.0903,0.0694,-0.0395,2.25,0.7,0.993,S2A_32SNC_20211216_1_L2A
2026-09-16,tunis,Tunis,north,,,,,69.2,,S2C_32SNF_20260914_0_L2A
2026-09-16,ariana,Ariana,north,,,,,78.1,,S2C_32SNF_20260914_0_L2A
2026-09-16,ben-arous,Ben Arous,north,0.1953,0.1415,-0.1221,7.41,24.6,0.754,S2C_32SNF_20260914_0_L2A
2026-09-16,manouba,Manouba,north,,,,,43.1,,S2C_32SNF_20260914_0_L2A
2026-09-16,nabeul,Nabeul,cap-bon,0.2980,0.1772,-0.0898,18.52,10.9,0.891,S2A_32SPF_20260913_0_L2A
2026-09-16,zaghouan,Zaghouan,north,0.2309,0.1403,-0.1246,11.05,14.1,0.859,S2C_32SNF_20260914_0_L2A
2026-09-16,bizerte,Bizerte,north,,,,,51.1,,S2C_32SNF_20260914_0_L2A
2026-09-16,beja,Béja,north,0.2275,0.1657,-0.1208,10.64,28.0,0.720,S2C_32SMF_20260914_0_L2A
2026-09-16,jendouba,Jendouba,north,0.2877,0.2207,-0.1008,17.67,11.7,0.883,S2C_32SMF_20260914_0_L2A
2026-09-16,kef,Le Kef,north,0.1699,0.0825,-0.1495,1.68,0.0,1.000,S2C_32SME_20260914_0_L2A
2026-09-16,siliana,Siliana,centre-west,0.1558,0.0852,-0.1668,2.11,4.1,0.959,S2C_32SNE_20260914_0_L2A
2026-09-16,sousse,Sousse,sahel,0.1540,0.0851,-0.1593,1.16,0.1,0.999,S2A_32SPE_20260913_0_L2A
2026-09-16,monastir,Monastir,sahel,0.1576,0.0886,-0.1346,1.37,0.4,0.993,S2A_32SPE_20260913_0_L2A
2026-09-16,mahdia,Mahdia,sahel,0.1461,0.0560,-0.1574,0.25,5.2,0.948,S2A_32SPE_20260913_0_L2A
2026-09-16,sfax,Sfax,sahel,0.1090,0.0460,-0.1547,0.25,8.5,0.915,S2A_32SPD_20260913_0_L2A
2026-09-16,kairouan,Kairouan,centre-west,0.1703,0.1265,-0.1248,7.25,14.6,0.854,S2C_32SNE_20260914_0_L2A
2026-09-16,kasserine,Kasserine,centre-west,0.1624,0.0871,-0.1247,2.80,0.0,1.000,S2C_32SMD_20260914_1_L2A
2026-09-16,sidi-bouzid,Sidi Bouzid,centre-west,0.1555,0.0959,-0.1241,4.11,0.0,1.000,S2C_32SND_20260914_0_L2A
2026-09-16,gabes,Gabès,south,0.0863,0.0784,-0.1095,1.94,12.6,0.874,S2A_32SNC_20260913_0_L2A
2026-09-16,medenine,Medenine,south,0.0792,0.0261,-0.1398,0.07,0.0,1.000,S2C_32SPB_20260911_0_L2A
2026-09-16,tataouine,Tataouine,south,0.0741,0.0266,-0.1417,0.01,24.5,0.755,S2A_32SNB_20260913_0_L2A
2026-09-16,gafsa,Gafsa,south,0.0913,0.0308,-0.0812,0.31,0.0,1.000,S2C_32SMC_20260914_1_L2A
2026-09-16,tozeur,Tozeur,south,0.0852,0.0976,-0.0616,5.14,1.3,0.987,S2C_32SLC_20260914_0_L2A
2026-09-16,kebili,Kebili,south,0.1122,0.1203,-0.0199,7.49,0.0,1.000,S2C_32SMC_20260914_1_L2A
2026-09-21,tunis,Tunis,north,0.1609,0.1404,-0.0710,6.57,21.7,0.783,S2A_32SNF_20260916_1_L2A
2026-09-21,ariana,Ariana,north,0.1671,0.1112,-0.1371,3.00,21.8,0.782,S2A_32SNF_20260916_1_L2A
2026-09-21,ben-arous,Ben Arous,north,0.1949,0.1397,-0.1316,5.51,21.4,0.786,S2A_32SNF_20260916_1_L2A
2026-09-21,manouba,Manouba,north,0.1789,0.1185,-0.1632,3.60,9.0,0.910,S2A_32SNF_20260916_1_L2A
2026-09-21,nabeul,Nabeul,cap-bon,,,,,41.1,,S2B_32SPF_20260916_0_L2A
2026-09-21,zaghouan,Zaghouan,north,0.2500,0.1612,-0.1206,12.61,5.0,0.950,S2A_32SNF_20260916_1_L2A
2026-09-21,bizerte,Bizerte,north,0.1907,0.1228,-0.1685,4.02,1.7,0.983,S2A_32SNF_20260916_1_L2A
2026-09-21,beja,Béja,north,0.2428,0.1705,-0.1239,11.23,0.0,1.000,S2A_32SMF_20260916_0_L2A
2026-09-21,jendouba,Jendouba,north,0.2892,0.2190,-0.1081,17.40,0.0,1.000,S2A_32SMF_20260916_0_L2A
2026-09-21,kef,Le Kef,north,0.1510,0.0739,-0.1666,0.92,21.1,0.789,S2A_32SME_20260916_0_L2A
2026-09-21,siliana,Siliana,centre-west,0.1470,0.0831,-0.1806,1.63,0.5,0.995,S2A_32SNE_20260916_1_L2A
2026-09-21,sousse,Sousse,sahel,0.1549,0.0889,-0.1398,1.48,31.5,0.685,S2B_32SPE_20260916_0_L2A
2026-09-21,monastir,Monastir,sahel,0.1642,0.0919,-0.1171,1.77,12.9,0.670,S2B_32SPE_20260916_0_L2A
2026-09-21,mahdia,Mahdia,sahel,,,,,52.5,,S2B_32SPE_20260916_0_L2A
2026-09-21,sfax,Sfax,sahel,0.1142,0.0452,-0.1475,0.32,6.9,0.931,S2B_32SPD_20260916_0_L2A
2026-09-21,kairouan,Kairouan,centre-west,0.1651,0.1276,-0.1258,6.80,2.4,0.976,S2A_32SNE_20260916_1_L2A
2026-09-21,kasserine,Kasserine,centre-west,0.1385,0.0657,-0.0948,1.76,7.6,0.201,S2B_32SMD_20260919_1_L2A
2026-09-21,sidi-bouzid,Sidi Bouzid,centre-west,0.1623,0.0649,-0.0651,3.83,0.0,0.039,S2B_32SND_20260919_1_L2A
2026-09-21,gabes,Gabès,south,0.0915,0.0794,-0.1155,2.47,18.5,0.815,S2B_32SNC_20260916_0_L2A
2026-09-21,medenine,Medenine,south,0.0806,0.0269,-0.1483,0.05,11.1,0.889,S2B_32SPB_20260916_0_L2A
2026-09-21,tataouine,Tataouine,south,0.0818,0.0117,-0.1437,0.00,0.0,1.000,S2B_32SNB_20260916_0_L2A
2026-09-21,gafsa,Gafsa,south,0.0958,0.0609,-0.0692,1.38,8.2,0.918,S2B_32SMC_20260919_0_L2A
2026-09-21,tozeur,Tozeur,south,0.0846,0.1040,-0.0704,5.08,0.1,0.999,S2B_32SLC_20260919_0_L2A
2026-09-21,kebili,Kebili,south,0.0978,0.1339,-0.0407,7.79,4.1,0.959,S2B_32SMC_20260919_0_L2A
2026-09-24,tunis,Tunis,north,0.1624,0.1400,-0.0589,7.88,37.4,0.626,S2A_32SNF_20260923_0_L2A
2026-09-24,ariana,Ariana,north,,,,,60.7,,S2A_32SNF_20260923_0_L2A
2026-09-24,ben-arous,Ben Arous,north,0.2081,0.1455,-0.1254,7.19,22.6,0.774,S2A_32SNF_20260923_0_L2A
2026-09-24,manouba,Manouba,north,,,,,43.7,,S2A_32SNF_20260923_0_L2A
2026-09-24,nabeul,Nabeul,cap-bon,,,,,78.3,,S2A_32SPF_20260923_0_L2A
2026-09-24,zaghouan,Zaghouan,north,0.2485,0.1467,-0.1277,11.59,33.7,0.663,S2A_32SNF_20260923_0_L2A
2026-09-24,bizerte,Bizerte,north,,,,,50.6,,S2A_32SNF_20260923_0_L2A
2026-09-24,beja,Béja,north,0.2428,0.1705,-0.1239,11.23,0.0,1.000,S2A_32SMF_20260916_0_L2A
2026-09-24,jendouba,Jendouba,north,0.2892,0.2190,-0.1081,17.40,0.0,1.000,S2A_32SMF_20260916_0_L2A
2026-09-24,kef,Le Kef,north,0.1510,0.0739,-0.1666,0.92,21.1,0.789,S2A_32SME_20260916_0_L2A
2026-09-24,siliana,Siliana,centre-west,0.1535,0.0812,-0.1754,1.28,11.6,0.367,S2A_32SNF_20260923_0_L2A
2026-09-24,sousse,Sousse,sahel,0.1572,0.0998,-0.1419,1.80,28.6,0.714,S2A_32SPE_20260923_0_L2A
2026-09-24,monastir,Monastir,sahel,0.1857,0.1109,-0.0883,3.77,6.4,0.816,S2A_32SPE_20260923_0_L2A
2026-09-24,mahdia,Mahdia,sahel,,,,,43.2,,S2A_32SPE_20260923_0_L2A
2026-09-24,sfax,Sfax,sahel,,,,,68.8,,S2A_32SPD_20260923_0_L2A
2026-09-24,kairouan,Kairouan,centre-west,0.1236,0.0837,-0.1478,1.96,12.6,0.874,S2A_32SPE_20260923_0_L2A
2026-09-24,kasserine,Kasserine,centre-west,0.1385,0.0657,-0.0948,1.76,7.6,0.201,S2B_32SMD_20260919_1_L2A
2026-09-24,sidi-bouzid,Sidi Bouzid,centre-west,,,,,52.5,,S2C_32SND_20260921_0_L2A
2026-09-24,gabes,Gabès,south,,,,,51.5,,S2A_32SPC_20260923_0_L2A
2026-09-24,medenine,Medenine,south,0.0766,0.0313,-0.1494,0.07,21.1,0.789,S2A_32SPB_20260923_1_L2A
2026-09-24,tataouine,Tataouine,south,0.0794,0.0159,-0.1460,0.00,1.1,0.989,S2A_32SNB_20260923_0_L2A
2026-09-24,gafsa,Gafsa,south,0.0570,0.0426,-0.1155,0.49,9.6,0.339,S2A_32SMC_20260923_0_L2A
2026-09-24,tozeur,Tozeur,south,0.0846,0.1040,-0.0704,5.08,0.1,0.999,S2B_32SLC_20260919_0_L2A
2026-09-24,kebili,Kebili,south,0.0957,0.1396,-0.0474,8.61,0.6,0.994,S2A_32SMC_20260923_0_L2A
2026-09-26,tunis,Tunis,north,,,,,54.7,,S2C_32SNF_20260924_0_L2A
2026-09-26,ariana,Ariana,north,,,,,60.8,,S2C_32SNF_20260924_0_L2A
2026-09-26,ben-arous,Ben Arous,north,,,,,44.9,,S2C_32SNF_20260924_0_L2A
2026-09-26,manouba,Manouba,north,0.1817,0.1146,-0.1583,4.33,39.4,0.606,S2C_32SNF_20260924_0_L2A
2026-09-26,nabeul,Nabeul,cap-bon,,,,,78.3,,S2A_32SPF_20260923_0_L2A
2026-09-26,zaghouan,Zaghouan,north,,,,,45.3,,S2C_32SNF_20260924_0_L2A
2026-09-26,bizerte,Bizerte,north,0.1880,0.1118,-0.1750,4.10,16.6,0.834,S2C_32SNF_20260924_0_L2A
2026-09-26,beja,Béja,north,0.2206,0.1509,-0.1709,8.49,7.2,0.928,S2C_32SMF_20260924_0_L2A
2026-09-26,jendouba,Jendouba,north,0.2656,0.2028,-0.1400,13.90,8.0,0.920,S2C_32SMF_20260924_0_L2A
2026-09-26,kef,Le Kef,north,,,,,47.1,,S2C_32SME_20260924_0_L2A
2026-09-26,siliana,Siliana,centre-west,,,,,58.1,,S2C_32SNE_20260924_0_L2A
2026-09-26,sousse,Sousse,sahel,0.1572,0.0998,-0.1419,1.80,28.6,0.714,S2A_32SPE_20260923_0_L2A
2026-09-26,monastir,Monastir,sahel,0.1857,0.1109,-0.0883,3.77,6.4,0.816,S2A_32SPE_20260923_0_L2A
2026-09-26,mahdia,Mahdia,sahel,,,,,43.2,,S2A_32SPE_20260923_0_L2A
2026-09-26,sfax,Sfax,sahel,,,,,68.8,,S2A_32SPD_20260923_0_L2A
2026-09-26,kairouan,Kairouan,centre-west,,,,,51.4,,S2C_32SNE_20260924_0_L2A
2026-09-26,kasserine,Kasserine,centre-west,0.1669,0.0950,-0.1250,3.41,29.7,0.703,S2C_32SMD_20260924_0_L2A
2026-09-26,sidi-bouzid,Sidi Bouzid,centre-west,,,,,45.3,,S2C_32SND_20260924_0_L2A
2026-09-26,gabes,Gabès,south,,,,,51.5,,S2A_32SPC_20260923_0_L2A
2026-09-26,medenine,Medenine,south,0.0766,0.0313,-0.1494,0.07,21.1,0.789,S2A_32SPB_20260923_1_L2A
2026-09-26,tataouine,Tataouine,south,0.0794,0.0159,-0.1460,0.00,1.1,0.989,S2A_32SNB_20260923_0_L2A
2026-09-26,gafsa,Gafsa,south,0.0798,0.0552,-0.1015,1.03,5.0,0.950,S2C_32SMC_20260924_0_L2A
2026-09-26,tozeur,Tozeur,south,0.0720,0.1006,-0.0661,4.88,2.8,0.972,S2C_32SLC_20260924_0_L2A
2026-09-26,kebili,Kebili,south,,,,,43.6,,S2C_32SMC_20260924_0_L2A
