date,dam_id,dam_name,surface_area_km2,cloud_pct,scene_id,threshold_used,historical_avg_km2,pct_of_avg,surface_area_mndwi_km2,confidence
2026-09-12,sidi-salem,Sidi Salem,18.151,0.0,S2B_32SNF_20260909_0_L2A,0.05,28.8,63.0,,
2026-09-12,sidi-el-barrak,Sidi El Barrak,17.904,0.0,S2B_32SMF_20260909_0_L2A,0.05,15.5,115.5,,
2026-09-12,zerga,Zerga,0.197,0.0,S2B_32SNF_20260909_0_L2A,0.05,1.5,13.2,,
2026-09-12,beni-mtir,Beni Mtir,2.782,0.0,S2B_32SMF_20260909_0_L2A,0.05,3.5,79.5,,
2026-09-12,bou-heurtma,Bou Heurtma,4.367,0.0,S2B_32SMF_20260909_0_L2A,0.05,5.0,87.3,,
2026-09-12,barbara,Barbara,0.086,0.0,S2B_32SMF_20260909_0_L2A,0.05,4.0,2.2,,
2026-09-12,siliana,Siliana,1.108,0.0,S2B_32SNE_20260909_0_L2A,0.05,3.0,36.9,,
2026-09-12,rmil,Rmil,1.933,0.0,S2B_32SNF_20260909_0_L2A,0.05,1.5,128.8,,
2026-09-12,bir-mcherga,Bir Mcherga,0.622,0.0,S2B_32SNF_20260909_0_L2A,0.05,4.5,13.8,,
2026-09-12,sidi-saad,Sidi Saad,3.107,0.0,S2B_32SNE_20260909_0_L2A,0.05,10.0,31.1,,
2026-09-12,chiba,Chiba,0.174,7.2,S2B_32SPF_20260906_0_L2A,0.05,0.7,24.9,,
2026-09-12,masri,Masri,0.066,0.0,S2B_32SPF_20260906_0_L2A,0.05,0.9,7.3,,
2026-09-12,lebna,Lebna,5.144,0.2,S2B_32SPF_20260906_0_L2A,0.05,3.0,171.5,,
2026-09-12,ziatine,Ziatine,3.186,0.0,S2B_32SNG_20260909_0_L2A,0.05,0.9,354.0,,
2026-09-12,gamgoum,Gamgoum,0.079,0.0,S2B_32SNF_20260909_0_L2A,0.05,0.6,13.1,,
2026-09-12,melah,El Melah,1.163,46.5,S2C_32SNG_20260911_0_L2A,0.05,0.8,145.4,,
2026-09-12,bou-hertma-lower,Bou Heurtma Lower,0.095,0.0,S2B_32SMF_20260909_0_L2A,0.05,0.9,10.5,,
2026-09-12,kebir,El Kebir,0.137,0.0,S2B_32SMF_20260909_0_L2A,0.05,0.9,15.2,,
2026-09-12,douimis,Douimis,,55.2,S2C_32SNG_20260911_0_L2A,0.05,0.5,,,
2026-09-12,el-breck,El Breck,0.009,0.0,S2B_32SNF_20260909_0_L2A,0.05,0.4,2.2,,
2026-09-12,sidi-abdelmoumen,Sidi Abdelmoumen,0.003,0.0,S2B_32SNE_20260909_0_L2A,0.05,0.9,0.4,,
2026-09-12,rmel,Rmel,0.012,0.9,S2B_32SPF_20260906_0_L2A,0.05,0.6,2.0,,
2026-09-12,el-abid,El Abid Upper,0.000,0.0,S2B_32SME_20260909_0_L2A,0.05,0.5,0.0,,
2025-06-26,sidi-salem,Sidi Salem,16.822,0.0,S2B_32SNF_20250626_0_L2A,0.05,28.8,58.4,,
2025-07-23,sidi-salem,Sidi Salem,16.297,0.0,S2A_32SNF_20250723_0_L2A,0.05,28.8,56.6,,
2025-08-25,sidi-salem,Sidi Salem,15.476,0.0,S2B_32SNF_20250825_0_L2A,0.05,28.8,53.7,,
2022-01-28,sidi-salem,Sidi Salem,17.742,0.0,S2A_32SNF_20220128_0_L2A,0.05,28.8,61.6,,
2022-02-22,sidi-salem,Sidi Salem,17.139,28.1,S2B_32SNF_20220222_0_L2A,0.05,28.8,59.5,,
2022-03-24,sidi-salem,Sidi Salem,17.171,12.3,S2B_32SNF_20220324_0_L2A,0.05,28.8,59.6,,
2022-04-08,sidi-salem,Sidi Salem,17.950,0.0,S2A_32SNF_20220408_0_L2A,0.05,28.8,62.3,,
2022-05-23,sidi-salem,Sidi Salem,17.481,0.0,S2B_32SNF_20220523_0_L2A,0.05,28.8,60.7,,
2022-06-17,sidi-salem,Sidi Salem,16.741,0.1,S2A_32SNF_20220617_0_L2A,0.05,28.8,58.1,,
2022-07-17,sidi-salem,Sidi Salem,16.013,0.0,S2A_32SNF_20220717_0_L2A,0.05,28.8,55.6,,
2022-08-26,sidi-salem,Sidi Salem,13.964,0.0,S2A_32SNF_20220826_0_L2A,0.05,28.8,48.5,,
2022-09-10,sidi-salem,Sidi Salem,13.314,0.0,S2B_32SNF_20220910_0_L2A,0.05,28.8,46.2,,
2022-10-20,sidi-salem,Sidi Salem,12.479,0.0,S2B_32SNF_20221020_0_L2A,0.05,28.8,43.3,,
2022-11-14,sidi-salem,Sidi Salem,12.142,0.0,S2A_32SNF_20221114_0_L2A,0.05,28.8,42.2,,
2022-12-04,sidi-salem,Sidi Salem,12.137,0.0,S2A_32SNF_20221204_0_L2A,0.05,28.8,42.1,,
2023-01-08,sidi-salem,Sidi Salem,12.381,0.0,S2B_32SNF_20230108_0_L2A,0.05,28.8,43.0,,
2023-02-22,sidi-salem,Sidi Salem,7.453,0.0,S2A_32SNF_20230222_1_L2A,0.05,28.8,25.9,,
2023-03-24,sidi-salem,Sidi Salem,13.050,0.0,S2A_32SNF_20230324_0_L2A,0.05,28.8,45.3,,
2023-04-08,sidi-salem,Sidi Salem,13.015,0.0,S2B_32SNF_20230408_0_L2A,0.05,28.8,45.2,,
2023-05-28,sidi-salem,Sidi Salem,12.995,0.9,S2B_32SNF_20230528_0_L2A,0.05,28.8,45.1,,
2023-06-22,sidi-salem,Sidi Salem,17.219,0.2,S2A_32SNF_20230622_1_L2A,0.05,28.8,59.8,,
2023-07-22,sidi-salem,Sidi Salem,17.317,0.0,S2A_32SNF_20230722_0_L2A,0.05,28.8,60.1,,
2023-08-26,sidi-salem,Sidi Salem,16.771,0.0,S2B_32SNF_20230826_0_L2A,0.05,28.8,58.2,,
2023-09-10,sidi-salem,Sidi Salem,16.549,0.0,S2A_32SNF_20230910_1_L2A,0.05,28.8,57.5,,
2023-10-10,sidi-salem,Sidi Salem,16.140,0.0,S2A_32SNF_20231010_0_L2A,0.05,28.8,56.0,,
2023-11-14,sidi-salem,Sidi Salem,15.774,0.0,S2B_32SNF_20231114_0_L2A,0.05,28.8,54.8,,
2023-12-24,sidi-salem,Sidi Salem,16.433,0.2,S2B_32SNF_20231224_0_L2A,0.05,28.8,57.1,,
2024-01-13,sidi-salem,Sidi Salem,,62.2,S2B_32SNF_20240113_0_L2A,0.05,28.8,,,
2024-02-07,sidi-salem,Sidi Salem,17.086,0.0,S2A_32SNF_20240207_0_L2A,0.05,28.8,59.3,,
2024-03-18,sidi-salem,Sidi Salem,18.272,0.0,S2A_32SNF_20240318_0_L2A,0.05,28.8,63.4,,
2024-04-27,sidi-salem,Sidi Salem,17.699,0.0,S2A_32SNF_20240427_0_L2A,0.05,28.8,61.5,,
2024-05-12,sidi-salem,Sidi Salem,17.399,0.0,S2B_32SNF_20240512_0_L2A,0.05,28.8,60.4,,
2024-06-26,sidi-salem,Sidi Salem,15.963,0.1,S2A_32SNF_20240626_0_L2A,0.05,28.8,55.4,,
2024-07-31,sidi-salem,Sidi Salem,14.480,0.0,S2B_32SNF_20240731_0_L2A,0.05,28.8,50.3,,
2024-08-10,sidi-salem,Sidi Salem,14.038,0.0,S2B_32SNF_20240810_0_L2A,0.05,28.8,48.7,,
2024-09-29,sidi-salem,Sidi Salem,12.393,0.0,S2B_32SNF_20240929_0_L2A,0.05,28.8,43.0,,
2024-10-04,sidi-salem,Sidi Salem,12.828,0.3,S2A_32SNF_20241004_0_L2A,0.05,28.8,44.5,,
2024-11-03,sidi-salem,Sidi Salem,12.226,0.0,S2A_32SNF_20241103_0_L2A,0.05,28.8,42.5,,
2024-12-18,sidi-salem,Sidi Salem,11.307,14.4,S2B_32SNF_20241218_0_L2A,0.05,28.8,39.3,,
2025-01-07,sidi-salem,Sidi Salem,12.994,0.4,S2B_32SNF_20250107_0_L2A,0.05,28.8,45.1,,
2025-02-16,sidi-salem,Sidi Salem,14.395,0.0,S2B_32SNF_20250216_0_L2A,0.05,28.8,50.0,,
2025-03-15,sidi-salem,Sidi Salem,13.619,0.0,S2A_32SNF_20250315_1_L2A,0.05,28.8,47.3,,
2025-04-04,sidi-salem,Sidi Salem,8.047,32.4,S2A_32SNF_20250404_1_L2A,0.05,28.8,27.9,,
2025-05-27,sidi-salem,Sidi Salem,17.499,0.0,S2B_32SNF_20250527_0_L2A,0.05,28.8,60.8,,
2025-09-01,sidi-salem,Sidi Salem,15.313,0.0,S2A_32SNF_20250901_0_L2A,0.05,28.8,53.2,,
2025-10-21,sidi-salem,Sidi Salem,15.082,0.0,S2A_32SNF_20251021_0_L2A,0.05,28.8,52.4,,
2025-11-30,sidi-salem,Sidi Salem,14.112,0.0,S2A_32SNF_20251130_1_L2A,0.05,28.8,49.0,,
2025-12-08,sidi-salem,Sidi Salem,14.301,0.0,S2C_32SNF_20251208_0_L2A,0.05,28.8,49.7,,
2026-01-09,sidi-salem,Sidi Salem,13.986,0.0,S2A_32SNF_20260109_0_L2A,0.05,28.8,48.6,,
2026-02-26,sidi-salem,Sidi Salem,18.021,0.0,S2C_32SNF_20260226_0_L2A,0.05,28.8,62.6,,
2026-03-18,sidi-salem,Sidi Salem,18.218,0.2,S2C_32SNF_20260318_0_L2A,0.05,28.8,63.3,,
2026-04-07,sidi-salem,Sidi Salem,18.419,0.0,S2C_32SNF_20260407_0_L2A,0.05,28.8,64.0,,
2026-05-19,sidi-salem,Sidi Salem,19.812,0.0,S2A_32SNF_20260519_2_L2A,0.05,28.8,68.8,,
2026-06-28,sidi-salem,Sidi Salem,19.565,0.0,S2A_32SNF_20260628_1_L2A,0.05,28.8,67.9,,
2026-07-08,sidi-salem,Sidi Salem,19.392,0.0,S2A_32SNF_20260708_1_L2A,0.05,28.8,67.3,,
2026-08-20,sidi-salem,Sidi Salem,18.501,0.0,S2B_32SNF_20260820_0_L2A,0.05,28.8,64.2,,
2022-01-28,sidi-el-barrak,Sidi El Barrak,22.295,0.0,S2A_32SMF_20220128_0_L2A,0.05,15.5,143.8,,
2022-02-22,sidi-el-barrak,Sidi El Barrak,,57.5,S2B_32SNG_20220222_0_L2A,0.05,15.5,,,
2022-03-14,sidi-el-barrak,Sidi El Barrak,21.007,2.7,S2B_32SMF_20220314_0_L2A,0.05,15.5,135.5,,
2022-04-08,sidi-el-barrak,Sidi El Barrak,22.233,0.0,S2A_32SNF_20220408_0_L2A,0.05,15.5,143.4,,
2022-05-13,sidi-el-barrak,Sidi El Barrak,21.300,0.0,S2B_32SMG_20220513_0_L2A,0.05,15.5,137.4,,
2022-06-17,sidi-el-barrak,Sidi El Barrak,18.995,1.2,S2A_32SMF_20220617_0_L2A,0.05,15.5,122.5,,
2022-07-17,sidi-el-barrak,Sidi El Barrak,19.130,0.0,S2A_32SMG_20220717_0_L2A,0.05,15.5,123.4,,
2022-08-26,sidi-el-barrak,Sidi El Barrak,17.126,0.0,S2A_32SNF_20220826_0_L2A,0.05,15.5,110.5,,
2022-09-10,sidi-el-barrak,Sidi El Barrak,16.659,0.0,S2B_32SNF_20220910_0_L2A,0.05,15.5,107.5,,
2022-10-20,sidi-el-barrak,Sidi El Barrak,15.797,0.0,S2B_32SMF_20221020_0_L2A,0.05,15.5,101.9,,
2022-11-14,sidi-el-barrak,Sidi El Barrak,15.192,0.0,S2A_32SMF_20221114_0_L2A,0.05,15.5,98.0,,
2022-12-04,sidi-el-barrak,Sidi El Barrak,15.240,0.0,S2A_32SMG_20221204_0_L2A,0.05,15.5,98.3,,
2023-01-08,sidi-el-barrak,Sidi El Barrak,14.368,0.0,S2B_32SNF_20230108_0_L2A,0.05,15.5,92.7,,
2023-02-22,sidi-el-barrak,Sidi El Barrak,15.370,0.0,S2A_32SNF_20230222_0_L2A,0.05,15.5,99.2,,
2023-03-24,sidi-el-barrak,Sidi El Barrak,15.778,0.0,S2A_32SMF_20230324_0_L2A,0.05,15.5,101.8,,
2023-04-08,sidi-el-barrak,Sidi El Barrak,15.597,0.0,S2B_32SNF_20230408_0_L2A,0.05,15.5,100.6,,
2023-05-03,sidi-el-barrak,Sidi El Barrak,,94.6,S2A_32SMG_20230503_0_L2A,0.05,15.5,,,
2023-06-12,sidi-el-barrak,Sidi El Barrak,13.090,0.5,S2A_32SMG_20230612_0_L2A,0.05,15.5,84.5,,
2023-07-12,sidi-el-barrak,Sidi El Barrak,11.590,0.0,S2A_32SMG_20230712_0_L2A,0.05,15.5,74.8,,
2023-08-26,sidi-el-barrak,Sidi El Barrak,9.422,0.0,S2B_32SMF_20230826_0_L2A,0.05,15.5,60.8,,
2023-09-10,sidi-el-barrak,Sidi El Barrak,8.874,0.0,S2A_32SMG_20230910_1_L2A,0.05,15.5,57.3,,
2023-10-10,sidi-el-barrak,Sidi El Barrak,8.002,0.0,S2A_32SMF_20231010_0_L2A,0.05,15.5,51.6,,
2023-11-14,sidi-el-barrak,Sidi El Barrak,6.809,0.0,S2B_32SMG_20231114_0_L2A,0.05,15.5,43.9,,
2023-12-24,sidi-el-barrak,Sidi El Barrak,5.958,48.5,S2B_32SNF_20231224_0_L2A,0.05,15.5,38.4,,
2024-01-28,sidi-el-barrak,Sidi El Barrak,11.733,12.9,S2A_32SMF_20240128_0_L2A,0.05,15.5,75.7,,
2024-02-07,sidi-el-barrak,Sidi El Barrak,12.044,17.8,S2A_32SMF_20240207_0_L2A,0.05,15.5,77.7,,
2024-03-23,sidi-el-barrak,Sidi El Barrak,13.506,2.0,S2B_32SMF_20240323_0_L2A,0.05,15.5,87.1,,
2024-04-27,sidi-el-barrak,Sidi El Barrak,12.393,0.0,S2A_32SMF_20240427_0_L2A,0.05,15.5,80.0,,
2024-05-12,sidi-el-barrak,Sidi El Barrak,12.349,0.0,S2B_32SNF_20240512_0_L2A,0.05,15.5,79.7,,
2024-06-26,sidi-el-barrak,Sidi El Barrak,11.217,0.0,S2A_32SMF_20240626_0_L2A,0.05,15.5,72.4,,
2024-07-31,sidi-el-barrak,Sidi El Barrak,10.689,0.0,S2B_32SMF_20240731_0_L2A,0.05,15.5,69.0,,
2024-08-10,sidi-el-barrak,Sidi El Barrak,10.474,0.0,S2B_32SMF_20240810_0_L2A,0.05,15.5,67.6,,
2024-09-29,sidi-el-barrak,Sidi El Barrak,9.323,0.6,S2B_32SNG_20240929_0_L2A,0.05,15.5,60.1,,
2024-10-04,sidi-el-barrak,Sidi El Barrak,8.774,1.3,S2A_32SNF_20241004_0_L2A,0.05,15.5,56.6,,
2024-11-03,sidi-el-barrak,Sidi El Barrak,8.243,0.0,S2A_32SMF_20241103_0_L2A,0.05,15.5,53.2,,
2024-12-13,sidi-el-barrak,Sidi El Barrak,9.064,0.0,S2A_32SMG_20241213_0_L2A,0.05,15.5,58.5,,
2025-01-07,sidi-el-barrak,Sidi El Barrak,11.012,15.3,S2B_32SNF_20250107_0_L2A,0.05,15.5,71.0,,
2025-02-16,sidi-el-barrak,Sidi El Barrak,17.513,0.0,S2B_32SNF_20250216_0_L2A,0.05,15.5,113.0,,
2025-03-08,sidi-el-barrak,Sidi El Barrak,16.160,9.9,S2B_32SMG_20250308_0_L2A,0.05,15.5,104.3,,
2025-04-24,sidi-el-barrak,Sidi El Barrak,13.765,25.9,S2A_32SMF_20250424_0_L2A,0.05,15.5,88.8,,
2025-05-27,sidi-el-barrak,Sidi El Barrak,14.599,1.4,S2B_32SMF_20250527_0_L2A,0.05,15.5,94.2,,
2025-06-23,sidi-el-barrak,Sidi El Barrak,14.753,0.1,S2A_32SMG_20250623_0_L2A,0.05,15.5,95.2,,
2025-07-11,sidi-el-barrak,Sidi El Barrak,14.179,0.0,S2C_32SMG_20250711_0_L2A,0.05,15.5,91.5,,
2025-08-25,sidi-el-barrak,Sidi El Barrak,12.530,0.0,S2B_32SNF_20250825_0_L2A,0.05,15.5,80.8,,
2025-09-01,sidi-el-barrak,Sidi El Barrak,12.129,0.0,S2A_32SNF_20250901_0_L2A,0.05,15.5,78.2,,
2025-10-21,sidi-el-barrak,Sidi El Barrak,10.002,0.0,S2A_32SNF_20251021_0_L2A,0.05,15.5,64.5,,
2025-11-30,sidi-el-barrak,Sidi El Barrak,11.489,0.0,S2A_32SMG_20251130_0_L2A,0.05,15.5,74.1,,
2025-12-08,sidi-el-barrak,Sidi El Barrak,7.973,40.5,S2C_32SMF_20251208_0_L2A,0.05,15.5,51.4,,
2026-01-09,sidi-el-barrak,Sidi El Barrak,14.504,0.0,S2A_32SNF_20260109_0_L2A,0.05,15.5,93.6,,
2026-02-26,sidi-el-barrak,Sidi El Barrak,22.780,0.0,S2C_32SMF_20260226_0_L2A,0.05,15.5,147.0,,
2026-03-08,sidi-el-barrak,Sidi El Barrak,22.105,0.0,S2C_32SMG_20260308_0_L2A,0.05,15.5,142.6,,
2026-04-29,sidi-el-barrak,Sidi El Barrak,0.000,0.0,S2A_32SMF_20260429_0_L2A,0.05,15.5,0.0,,
2026-05-19,sidi-el-barrak,Sidi El Barrak,20.615,0.7,S2A_32SMG_20260519_0_L2A,0.05,15.5,133.0,,
2026-06-28,sidi-el-barrak,Sidi El Barrak,20.140,0.0,S2A_32SMG_20260628_1_L2A,0.05,15.5,129.9,,
2026-07-18,sidi-el-barrak,Sidi El Barrak,18.870,0.0,S2A_32SMG_20260718_0_L2A,0.05,15.5,121.7,,
2026-08-17,sidi-el-barrak,Sidi El Barrak,18.467,0.0,S2A_32SMG_20260817_1_L2A,0.05,15.5,119.1,,
2022-01-05,zerga,Zerga,0.000,0.0,S2A_32SNF_20220105_0_L2A,0.05,1.5,0.0,,
2022-02-09,zerga,Zerga,0.009,0.0,S2B_32SNF_20220209_0_L2A,0.05,1.5,0.6,,
2022-03-24,zerga,Zerga,0.193,3.0,S2B_32SNF_20220324_0_L2A,0.05,1.5,12.9,,
2022-04-08,zerga,Zerga,0.328,0.0,S2A_32SNF_20220408_0_L2A,0.05,1.5,21.9,,
2022-05-15,zerga,Zerga,0.000,0.0,S2A_32SNF_20220515_0_L2A,0.05,1.5,0.0,,
2022-06-24,zerga,Zerga,0.043,0.0,S2A_32SNF_20220624_0_L2A,0.05,1.5,2.9,,
2022-07-17,zerga,Zerga,0.223,0.0,S2A_32SNF_20220717_0_L2A,0.05,1.5,14.9,,
2022-08-26,zerga,Zerga,0.111,0.0,S2A_32SNF_20220826_0_L2A,0.05,1.5,7.4,,
2022-09-10,zerga,Zerga,0.118,0.0,S2B_32SNF_20220910_0_L2A,0.05,1.5,7.9,,
2022-10-20,zerga,Zerga,0.214,0.0,S2B_32SNF_20221020_0_L2A,0.05,1.5,14.3,,
2022-11-14,zerga,Zerga,0.221,0.0,S2A_32SNF_20221114_0_L2A,0.05,1.5,14.7,,
2022-12-04,zerga,Zerga,0.236,0.0,S2A_32SNF_20221204_0_L2A,0.05,1.5,15.7,,
2023-01-08,zerga,Zerga,0.241,0.0,S2B_32SNF_20230108_0_L2A,0.05,1.5,16.0,,
2023-02-19,zerga,Zerga,0.000,0.0,S2A_32SNF_20230219_0_L2A,0.05,1.5,0.0,,
2023-03-24,zerga,Zerga,0.270,0.0,S2A_32SNF_20230324_0_L2A,0.05,1.5,18.0,,
2023-04-08,zerga,Zerga,0.266,0.0,S2B_32SNF_20230408_0_L2A,0.05,1.5,17.7,,
2023-05-28,zerga,Zerga,0.248,2.0,S2B_32SNF_20230528_0_L2A,0.05,1.5,16.5,,
2023-06-22,zerga,Zerga,0.168,0.0,S2A_32SNF_20230622_1_L2A,0.05,1.5,11.2,,
2023-07-14,zerga,Zerga,0.000,0.0,S2B_32SNF_20230714_0_L2A,0.05,1.5,0.0,,
2023-08-16,zerga,Zerga,0.221,0.0,S2B_32SNF_20230816_0_L2A,0.05,1.5,14.7,,
2023-09-10,zerga,Zerga,0.193,0.0,S2A_32SNF_20230910_1_L2A,0.05,1.5,12.9,,
2023-10-10,zerga,Zerga,0.176,0.0,S2A_32SNF_20231010_0_L2A,0.05,1.5,11.7,,
2023-11-14,zerga,Zerga,0.177,0.0,S2B_32SNF_20231114_0_L2A,0.05,1.5,11.8,,
2023-12-26,zerga,Zerga,0.001,0.0,S2A_32SNF_20231226_0_L2A,0.05,1.5,0.1,,
2024-01-25,zerga,Zerga,0.000,0.0,S2A_32SNF_20240125_0_L2A,0.05,1.5,0.0,,
2024-02-04,zerga,Zerga,0.000,0.0,S2A_32SNF_20240204_0_L2A,0.05,1.5,0.0,,
2024-03-30,zerga,Zerga,0.000,0.0,S2B_32SNF_20240330_0_L2A,0.05,1.5,0.0,,
2024-04-04,zerga,Zerga,0.000,0.0,S2A_32SNF_20240404_1_L2A,0.05,1.5,0.0,,
2024-05-12,zerga,Zerga,0.307,0.0,S2B_32SNF_20240512_0_L2A,0.05,1.5,20.5,,
2024-06-26,zerga,Zerga,0.218,0.0,S2A_32SNF_20240626_0_L2A,0.05,1.5,14.5,,
2024-07-31,zerga,Zerga,0.174,0.0,S2B_32SNF_20240731_0_L2A,0.05,1.5,11.6,,
2024-08-25,zerga,Zerga,0.185,0.0,S2A_32SNF_20240825_0_L2A,0.05,1.5,12.4,,
2024-09-01,zerga,Zerga,0.000,0.0,S2A_32SNF_20240901_0_L2A,0.05,1.5,0.0,,
2024-10-01,zerga,Zerga,0.004,0.0,S2A_32SNF_20241001_0_L2A,0.05,1.5,0.3,,
2024-11-25,zerga,Zerga,0.006,0.0,S2B_32SNF_20241125_0_L2A,0.05,1.5,0.4,,
2024-12-10,zerga,Zerga,0.005,0.0,S2A_32SNF_20241210_0_L2A,0.05,1.5,0.3,,
2025-01-24,zerga,Zerga,0.000,0.0,S2B_32SNF_20250124_0_L2A,0.05,1.5,0.0,,
2025-02-18,zerga,Zerga,0.006,0.0,S2C_32SNF_20250218_0_L2A,0.05,1.5,0.4,,
2025-03-15,zerga,Zerga,0.002,0.0,S2B_32SNF_20250315_0_L2A,0.05,1.5,0.1,,
2025-04-19,zerga,Zerga,0.024,0.0,S2C_32SNF_20250419_0_L2A,0.05,1.5,1.6,,
2025-05-31,zerga,Zerga,0.038,0.0,S2A_32SNF_20250531_0_L2A,0.05,1.5,2.5,,
2025-06-13,zerga,Zerga,0.000,0.0,S2B_32SNF_20250613_1_L2A,0.05,1.5,0.0,,
2025-07-23,zerga,Zerga,0.177,0.0,S2A_32SNF_20250723_0_L2A,0.05,1.5,11.8,,
2025-08-25,zerga,Zerga,0.201,0.0,S2B_32SNF_20250825_0_L2A,0.05,1.5,13.4,,
2025-09-01,zerga,Zerga,0.158,0.0,S2A_32SNF_20250901_0_L2A,0.05,1.5,10.5,,
2025-10-08,zerga,Zerga,0.008,0.0,S2A_32SNF_20251008_0_L2A,0.05,1.5,0.5,,
2025-11-30,zerga,Zerga,0.255,0.0,S2A_32SNF_20251130_1_L2A,0.05,1.5,17.0,,
2025-12-08,zerga,Zerga,0.127,2.6,S2C_32SNF_20251208_0_L2A,0.05,1.5,8.5,,
2026-01-09,zerga,Zerga,0.276,0.0,S2A_32SNF_20260109_0_L2A,0.05,1.5,18.4,,
2026-02-26,zerga,Zerga,0.387,0.0,S2C_32SNF_20260226_0_L2A,0.05,1.5,25.8,,
2026-03-18,zerga,Zerga,0.266,25.9,S2C_32SNF_20260318_0_L2A,0.05,1.5,17.7,,
2026-04-07,zerga,Zerga,0.374,0.0,S2C_32SNF_20260407_0_L2A,0.05,1.5,24.9,,
2026-05-29,zerga,Zerga,0.000,0.0,S2B_32SNF_20260529_0_L2A,0.05,1.5,0.0,,
2026-06-18,zerga,Zerga,0.001,0.0,S2B_32SNF_20260618_0_L2A,0.05,1.5,0.0,,
2026-07-25,zerga,Zerga,0.002,0.0,S2A_32SNF_20260725_0_L2A,0.05,1.5,0.1,,
2026-08-20,zerga,Zerga,0.237,0.0,S2B_32SNF_20260820_0_L2A,0.05,1.5,15.8,,
2022-01-28,beni-mtir,Beni Mtir,1.737,0.1,S2A_32SMF_20220128_0_L2A,0.05,3.5,49.6,,
2022-02-07,beni-mtir,Beni Mtir,,97.2,S2A_32SMF_20220207_0_L2A,0.05,3.5,,,
2022-03-14,beni-mtir,Beni Mtir,1.680,0.0,S2B_32SMF_20220314_0_L2A,0.05,3.5,48.0,,
2022-04-08,beni-mtir,Beni Mtir,1.734,0.0,S2A_32SMF_20220408_0_L2A,0.05,3.5,49.6,,
2022-05-23,beni-mtir,Beni Mtir,1.829,0.0,S2B_32SMF_20220523_0_L2A,0.05,3.5,52.3,,
2022-06-17,beni-mtir,Beni Mtir,1.215,0.7,S2A_32SMF_20220617_0_L2A,0.05,3.5,34.7,,
2022-07-17,beni-mtir,Beni Mtir,1.733,0.0,S2A_32SMF_20220717_0_L2A,0.05,3.5,49.5,,
2022-08-26,beni-mtir,Beni Mtir,1.588,0.0,S2A_32SMF_20220826_0_L2A,0.05,3.5,45.4,,
2022-09-10,beni-mtir,Beni Mtir,1.531,0.0,S2B_32SMF_20220910_0_L2A,0.05,3.5,43.8,,
2022-10-20,beni-mtir,Beni Mtir,1.397,0.0,S2B_32SMF_20221020_0_L2A,0.05,3.5,39.9,,
2022-11-14,beni-mtir,Beni Mtir,1.327,0.0,S2A_32SMF_20221114_0_L2A,0.05,3.5,37.9,,
2022-12-04,beni-mtir,Beni Mtir,1.363,0.0,S2A_32SMF_20221204_0_L2A,0.05,3.5,38.9,,
2023-01-08,beni-mtir,Beni Mtir,1.252,0.0,S2B_32SMF_20230108_0_L2A,0.05,3.5,35.8,,
2023-02-22,beni-mtir,Beni Mtir,1.522,0.0,S2A_32SMF_20230222_0_L2A,0.05,3.5,43.5,,
2023-03-24,beni-mtir,Beni Mtir,1.558,0.0,S2A_32SMF_20230324_0_L2A,0.05,3.5,44.5,,
2023-04-08,beni-mtir,Beni Mtir,1.617,0.0,S2B_32SMF_20230408_0_L2A,0.05,3.5,46.2,,
2023-06-17,beni-mtir,Beni Mtir,1.438,0.5,S2B_32SMF_20230617_0_L2A,0.05,3.5,41.1,,
2023-07-27,beni-mtir,Beni Mtir,1.792,0.0,S2B_32SMF_20230727_0_L2A,0.05,3.5,51.2,,
2023-08-26,beni-mtir,Beni Mtir,1.701,0.0,S2B_32SMF_20230826_0_L2A,0.05,3.5,48.6,,
2023-09-10,beni-mtir,Beni Mtir,1.670,0.0,S2A_32SMF_20230910_1_L2A,0.05,3.5,47.7,,
2023-10-10,beni-mtir,Beni Mtir,1.605,0.0,S2A_32SMF_20231010_0_L2A,0.05,3.5,45.8,,
2023-11-14,beni-mtir,Beni Mtir,1.529,0.0,S2B_32SMF_20231114_0_L2A,0.05,3.5,43.7,,
2023-12-24,beni-mtir,Beni Mtir,,86.9,S2B_32SMF_20231224_0_L2A,0.05,3.5,,,
2024-01-28,beni-mtir,Beni Mtir,2.179,15.8,S2A_32SMF_20240128_0_L2A,0.05,3.5,62.2,,
2024-02-07,beni-mtir,Beni Mtir,2.184,0.3,S2A_32SMF_20240207_0_L2A,0.05,3.5,62.4,,
2024-03-23,beni-mtir,Beni Mtir,2.503,1.6,S2B_32SMF_20240323_0_L2A,0.05,3.5,71.5,,
2024-04-27,beni-mtir,Beni Mtir,2.469,0.0,S2A_32SMF_20240427_0_L2A,0.05,3.5,70.5,,
2024-05-12,beni-mtir,Beni Mtir,2.463,0.0,S2B_32SMF_20240512_0_L2A,0.05,3.5,70.4,,
2024-06-26,beni-mtir,Beni Mtir,2.355,0.0,S2A_32SMF_20240626_0_L2A,0.05,3.5,67.3,,
2024-07-31,beni-mtir,Beni Mtir,2.246,0.0,S2B_32SMF_20240731_0_L2A,0.05,3.5,64.2,,
2024-08-10,beni-mtir,Beni Mtir,2.227,0.0,S2B_32SMF_20240810_0_L2A,0.05,3.5,63.6,,
2024-09-04,beni-mtir,Beni Mtir,2.126,0.0,S2A_32SMF_20240904_0_L2A,0.05,3.5,60.7,,
2024-10-14,beni-mtir,Beni Mtir,2.049,0.0,S2A_32SMF_20241014_0_L2A,0.05,3.5,58.5,,
2024-11-03,beni-mtir,Beni Mtir,2.020,0.0,S2A_32SMF_20241103_0_L2A,0.05,3.5,57.7,,
2024-12-13,beni-mtir,Beni Mtir,1.993,0.0,S2A_32SMF_20241213_0_L2A,0.05,3.5,56.9,,
2025-02-16,beni-mtir,Beni Mtir,2.429,1.4,S2B_32SMF_20250216_0_L2A,0.05,3.5,69.4,,
2025-03-08,beni-mtir,Beni Mtir,2.424,5.2,S2B_32SMF_20250308_0_L2A,0.05,3.5,69.3,,
2025-04-24,beni-mtir,Beni Mtir,2.538,6.8,S2A_32SMF_20250424_0_L2A,0.05,3.5,72.5,,
2025-05-27,beni-mtir,Beni Mtir,2.593,0.0,S2B_32SMF_20250527_0_L2A,0.05,3.5,74.1,,
2025-06-21,beni-mtir,Beni Mtir,2.541,0.0,S2C_32SMF_20250621_0_L2A,0.05,3.5,72.6,,
2025-07-23,beni-mtir,Beni Mtir,2.468,0.0,S2A_32SMF_20250723_0_L2A,0.05,3.5,70.5,,
2025-08-12,beni-mtir,Beni Mtir,2.440,0.0,S2A_32SMF_20250812_0_L2A,0.05,3.5,69.7,,
2025-09-01,beni-mtir,Beni Mtir,2.354,0.0,S2A_32SMF_20250901_0_L2A,0.05,3.5,67.3,,
2025-10-21,beni-mtir,Beni Mtir,2.293,0.0,S2A_32SMF_20251021_0_L2A,0.05,3.5,65.5,,
2025-11-30,beni-mtir,Beni Mtir,2.376,0.0,S2A_32SMF_20251130_0_L2A,0.05,3.5,67.9,,
2025-12-08,beni-mtir,Beni Mtir,2.409,0.0,S2C_32SMF_20251208_0_L2A,0.05,3.5,68.8,,
2026-01-09,beni-mtir,Beni Mtir,2.419,0.0,S2A_32SMF_20260109_0_L2A,0.05,3.5,69.1,,
2026-02-26,beni-mtir,Beni Mtir,2.767,0.0,S2C_32SMF_20260226_0_L2A,0.05,3.5,79.1,,
2026-03-18,beni-mtir,Beni Mtir,2.842,1.1,S2C_32SMF_20260318_0_L2A,0.05,3.5,81.2,,
2026-04-07,beni-mtir,Beni Mtir,2.832,0.0,S2C_32SMF_20260407_0_L2A,0.05,3.5,80.9,,
2026-05-19,beni-mtir,Beni Mtir,2.733,0.2,S2A_32SMF_20260519_1_L2A,0.05,3.5,78.1,,
2026-06-21,beni-mtir,Beni Mtir,2.864,0.0,S2B_32SMF_20260621_0_L2A,0.05,3.5,81.8,,
2026-07-18,beni-mtir,Beni Mtir,2.787,0.1,S2A_32SMF_20260718_0_L2A,0.05,3.5,79.6,,
2026-08-20,beni-mtir,Beni Mtir,2.803,0.0,S2B_32SMF_20260820_0_L2A,0.05,3.5,80.1,,
2022-01-28,bou-heurtma,Bou Heurtma,3.118,0.0,S2A_32SMF_20220128_0_L2A,0.05,5.0,62.4,,
2022-02-07,bou-heurtma,Bou Heurtma,,63.3,S2A_32SMF_20220207_0_L2A,0.05,5.0,,,
2022-03-14,bou-heurtma,Bou Heurtma,3.142,0.0,S2B_32SMF_20220314_0_L2A,0.05,5.0,62.8,,
2022-04-08,bou-heurtma,Bou Heurtma,3.224,0.0,S2A_32SMF_20220408_0_L2A,0.05,5.0,64.5,,
2022-05-23,bou-heurtma,Bou Heurtma,2.955,0.0,S2B_32SMF_20220523_0_L2A,0.05,5.0,59.1,,
2022-06-17,bou-heurtma,Bou Heurtma,2.727,0.0,S2A_32SMF_20220617_0_L2A,0.05,5.0,54.5,,
2022-07-17,bou-heurtma,Bou Heurtma,2.323,0.0,S2A_32SMF_20220717_0_L2A,0.05,5.0,46.5,,
2022-08-26,bou-heurtma,Bou Heurtma,1.907,0.0,S2A_32SMF_20220826_0_L2A,0.05,5.0,38.1,,
2022-09-10,bou-heurtma,Bou Heurtma,1.682,0.0,S2B_32SMF_20220910_0_L2A,0.05,5.0,33.6,,
2022-10-20,bou-heurtma,Bou Heurtma,1.218,0.0,S2B_32SMF_20221020_0_L2A,0.05,5.0,24.4,,
2022-11-14,bou-heurtma,Bou Heurtma,1.052,0.0,S2A_32SMF_20221114_0_L2A,0.05,5.0,21.0,,
2022-12-04,bou-heurtma,Bou Heurtma,1.238,0.0,S2A_32SMF_20221204_0_L2A,0.05,5.0,24.8,,
2023-01-08,bou-heurtma,Bou Heurtma,1.349,0.0,S2B_32SMF_20230108_0_L2A,0.05,5.0,27.0,,
2023-02-22,bou-heurtma,Bou Heurtma,1.436,0.0,S2A_32SMF_20230222_0_L2A,0.05,5.0,28.7,,
2023-03-24,bou-heurtma,Bou Heurtma,1.451,0.0,S2A_32SMF_20230324_0_L2A,0.05,5.0,29.0,,
2023-04-08,bou-heurtma,Bou Heurtma,1.563,0.0,S2B_32SMF_20230408_0_L2A,0.05,5.0,31.3,,
2023-06-17,bou-heurtma,Bou Heurtma,1.755,0.0,S2B_32SMF_20230617_0_L2A,0.05,5.0,35.1,,
2023-07-27,bou-heurtma,Bou Heurtma,1.450,0.0,S2B_32SMF_20230727_0_L2A,0.05,5.0,29.0,,
2023-08-26,bou-heurtma,Bou Heurtma,1.385,0.0,S2B_32SMF_20230826_0_L2A,0.05,5.0,27.7,,
2023-09-10,bou-heurtma,Bou Heurtma,1.299,0.0,S2A_32SMF_20230910_1_L2A,0.05,5.0,26.0,,
2023-10-10,bou-heurtma,Bou Heurtma,1.215,0.0,S2A_32SMF_20231010_0_L2A,0.05,5.0,24.3,,
2023-11-14,bou-heurtma,Bou Heurtma,1.113,0.0,S2B_32SMF_20231114_0_L2A,0.05,5.0,22.3,,
2023-12-24,bou-heurtma,Bou Heurtma,0.705,26.8,S2B_32SMF_20231224_0_L2A,0.05,5.0,14.1,,
2024-01-28,bou-heurtma,Bou Heurtma,1.032,37.9,S2A_32SMF_20240128_0_L2A,0.05,5.0,20.6,,
2024-02-07,bou-heurtma,Bou Heurtma,2.685,0.0,S2A_32SMF_20240207_0_L2A,0.05,5.0,53.7,,
2024-03-23,bou-heurtma,Bou Heurtma,3.389,0.0,S2B_32SMF_20240323_0_L2A,0.05,5.0,67.8,,
2024-04-27,bou-heurtma,Bou Heurtma,3.257,0.0,S2A_32SMF_20240427_0_L2A,0.05,5.0,65.1,,
2024-05-12,bou-heurtma,Bou Heurtma,3.209,0.0,S2B_32SMF_20240512_0_L2A,0.05,5.0,64.2,,
2024-06-26,bou-heurtma,Bou Heurtma,3.030,0.0,S2A_32SMF_20240626_0_L2A,0.05,5.0,60.6,,
2024-07-31,bou-heurtma,Bou Heurtma,2.819,0.0,S2B_32SMF_20240731_0_L2A,0.05,5.0,56.4,,
2024-08-10,bou-heurtma,Bou Heurtma,2.777,0.0,S2B_32SMF_20240810_0_L2A,0.05,5.0,55.5,,
2024-09-04,bou-heurtma,Bou Heurtma,2.619,0.0,S2A_32SMF_20240904_0_L2A,0.05,5.0,52.4,,
2024-10-14,bou-heurtma,Bou Heurtma,2.535,0.2,S2A_32SMF_20241014_0_L2A,0.05,5.0,50.7,,
2024-11-03,bou-heurtma,Bou Heurtma,2.199,0.0,S2A_32SMF_20241103_0_L2A,0.05,5.0,44.0,,
2024-12-13,bou-heurtma,Bou Heurtma,2.180,0.0,S2A_32SMF_20241213_0_L2A,0.05,5.0,43.6,,
2025-02-16,bou-heurtma,Bou Heurtma,2.491,0.0,S2B_32SMF_20250216_0_L2A,0.05,5.0,49.8,,
2025-03-08,bou-heurtma,Bou Heurtma,2.497,0.1,S2B_32SMF_20250308_0_L2A,0.05,5.0,49.9,,
2025-04-24,bou-heurtma,Bou Heurtma,2.747,0.0,S2A_32SMF_20250424_0_L2A,0.05,5.0,54.9,,
2025-05-27,bou-heurtma,Bou Heurtma,2.860,0.0,S2B_32SMF_20250527_0_L2A,0.05,5.0,57.2,,
2025-06-21,bou-heurtma,Bou Heurtma,2.743,0.0,S2C_32SMF_20250621_0_L2A,0.05,5.0,54.9,,
2025-07-23,bou-heurtma,Bou Heurtma,2.498,0.0,S2A_32SMF_20250723_0_L2A,0.05,5.0,50.0,,
2025-08-12,bou-heurtma,Bou Heurtma,2.348,0.0,S2A_32SMF_20250812_0_L2A,0.05,5.0,47.0,,
2025-09-01,bou-heurtma,Bou Heurtma,2.212,0.0,S2A_32SMF_20250901_0_L2A,0.05,5.0,44.2,,
2025-10-21,bou-heurtma,Bou Heurtma,1.947,0.0,S2A_32SMF_20251021_0_L2A,0.05,5.0,38.9,,
2025-11-30,bou-heurtma,Bou Heurtma,1.887,0.0,S2A_32SMF_20251130_0_L2A,0.05,5.0,37.7,,
2025-12-08,bou-heurtma,Bou Heurtma,2.019,0.0,S2C_32SMF_20251208_0_L2A,0.05,5.0,40.4,,
2026-01-09,bou-heurtma,Bou Heurtma,2.045,0.0,S2A_32SMF_20260109_0_L2A,0.05,5.0,40.9,,
2026-02-26,bou-heurtma,Bou Heurtma,3.498,0.0,S2C_32SMF_20260226_0_L2A,0.05,5.0,70.0,,
2026-03-18,bou-heurtma,Bou Heurtma,3.589,0.5,S2C_32SMF_20260318_0_L2A,0.05,5.0,71.8,,
2026-04-07,bou-heurtma,Bou Heurtma,4.994,0.0,S2C_32SMF_20260407_0_L2A,0.05,5.0,99.9,,
2026-05-19,bou-heurtma,Bou Heurtma,5.063,0.0,S2A_32SMF_20260519_1_L2A,0.05,5.0,101.3,,
2026-06-21,bou-heurtma,Bou Heurtma,5.029,0.0,S2B_32SMF_20260621_0_L2A,0.05,5.0,100.6,,
2026-07-18,bou-heurtma,Bou Heurtma,1.748,0.0,S2A_32SMF_20260718_0_L2A,0.05,5.0,35.0,,
2026-08-20,bou-heurtma,Bou Heurtma,4.489,0.0,S2B_32SMF_20260820_0_L2A,0.05,5.0,89.8,,
2022-01-28,barbara,Barbara,0.112,10.5,S2A_32SMF_20220128_0_L2A,0.05,4.0,2.8,,
2022-02-07,barbara,Barbara,,76.5,S2A_32SMF_20220207_0_L2A,0.05,4.0,,,
2022-03-14,barbara,Barbara,0.111,0.0,S2B_32SMF_20220314_0_L2A,0.05,4.0,2.8,,
2022-04-08,barbara,Barbara,0.113,0.0,S2A_32SMF_20220408_0_L2A,0.05,4.0,2.8,,
2022-05-23,barbara,Barbara,0.111,0.0,S2B_32SMF_20220523_0_L2A,0.05,4.0,2.8,,
2022-06-17,barbara,Barbara,0.114,0.0,S2A_32SMF_20220617_0_L2A,0.05,4.0,2.9,,
2022-07-17,barbara,Barbara,0.107,0.0,S2A_32SMF_20220717_0_L2A,0.05,4.0,2.7,,
2022-08-26,barbara,Barbara,0.092,0.0,S2A_32SMF_20220826_0_L2A,0.05,4.0,2.3,,
2022-09-10,barbara,Barbara,0.089,0.0,S2B_32SMF_20220910_0_L2A,0.05,4.0,2.2,,
2022-10-20,barbara,Barbara,0.080,0.0,S2B_32SMF_20221020_0_L2A,0.05,4.0,2.0,,
2022-11-14,barbara,Barbara,0.075,0.0,S2A_32SMF_20221114_0_L2A,0.05,4.0,1.9,,
2022-12-04,barbara,Barbara,0.081,0.0,S2A_32SMF_20221204_0_L2A,0.05,4.0,2.0,,
2023-01-08,barbara,Barbara,0.079,0.0,S2B_32SMF_20230108_0_L2A,0.05,4.0,2.0,,
2023-02-22,barbara,Barbara,0.092,0.0,S2A_32SMF_20230222_0_L2A,0.05,4.0,2.3,,
2023-03-24,barbara,Barbara,0.100,0.0,S2A_32SMF_20230324_0_L2A,0.05,4.0,2.5,,
2023-04-08,barbara,Barbara,0.102,0.0,S2B_32SMF_20230408_0_L2A,0.05,4.0,2.5,,
2023-06-17,barbara,Barbara,0.104,0.0,S2B_32SMF_20230617_0_L2A,0.05,4.0,2.6,,
2023-07-27,barbara,Barbara,0.094,0.0,S2B_32SMF_20230727_0_L2A,0.05,4.0,2.4,,
2023-08-26,barbara,Barbara,0.085,0.0,S2B_32SMF_20230826_0_L2A,0.05,4.0,2.1,,
2023-09-10,barbara,Barbara,0.081,0.0,S2A_32SMF_20230910_1_L2A,0.05,4.0,2.0,,
2023-10-10,barbara,Barbara,0.074,0.0,S2A_32SMF_20231010_0_L2A,0.05,4.0,1.8,,
2023-11-14,barbara,Barbara,0.068,0.0,S2B_32SMF_20231114_0_L2A,0.05,4.0,1.7,,
2023-12-24,barbara,Barbara,0.040,9.9,S2B_32SMF_20231224_0_L2A,0.05,4.0,1.0,,
2024-01-28,barbara,Barbara,,72.7,S2A_32SMF_20240128_0_L2A,0.05,4.0,,,
2024-02-07,barbara,Barbara,0.111,0.0,S2A_32SMF_20240207_0_L2A,0.05,4.0,2.8,,
2024-03-23,barbara,Barbara,0.115,2.2,S2B_32SMF_20240323_0_L2A,0.05,4.0,2.9,,
2024-04-27,barbara,Barbara,0.110,0.0,S2A_32SMF_20240427_0_L2A,0.05,4.0,2.7,,
2024-05-12,barbara,Barbara,0.113,0.0,S2B_32SMF_20240512_0_L2A,0.05,4.0,2.8,,
2024-06-26,barbara,Barbara,0.109,0.0,S2A_32SMF_20240626_0_L2A,0.05,4.0,2.7,,
2024-07-31,barbara,Barbara,0.102,0.0,S2B_32SMF_20240731_0_L2A,0.05,4.0,2.5,,
2024-08-10,barbara,Barbara,0.099,0.0,S2B_32SMF_20240810_0_L2A,0.05,4.0,2.5,,
2024-09-04,barbara,Barbara,0.090,3.1,S2A_32SMF_20240904_0_L2A,0.05,4.0,2.3,,
2024-10-14,barbara,Barbara,0.082,0.0,S2A_32SMF_20241014_0_L2A,0.05,4.0,2.0,,
2024-11-03,barbara,Barbara,0.078,0.0,S2A_32SMF_20241103_0_L2A,0.05,4.0,2.0,,
2024-12-13,barbara,Barbara,0.075,0.0,S2A_32SMF_20241213_0_L2A,0.05,4.0,1.9,,
2025-02-16,barbara,Barbara,0.110,12.4,S2B_32SMF_20250216_0_L2A,0.05,4.0,2.7,,
2025-03-08,barbara,Barbara,0.043,9.6,S2B_32SMF_20250308_0_L2A,0.05,4.0,1.1,,
2025-04-24,barbara,Barbara,0.113,12.8,S2A_32SMF_20250424_0_L2A,0.05,4.0,2.8,,
2025-05-27,barbara,Barbara,0.110,0.0,S2B_32SMF_20250527_0_L2A,0.05,4.0,2.8,,
2025-06-21,barbara,Barbara,0.109,0.0,S2C_32SMF_20250621_0_L2A,0.05,4.0,2.7,,
2025-07-23,barbara,Barbara,0.101,0.0,S2A_32SMF_20250723_0_L2A,0.05,4.0,2.5,,
2025-08-12,barbara,Barbara,0.095,0.0,S2A_32SMF_20250812_0_L2A,0.05,4.0,2.4,,
2025-09-01,barbara,Barbara,0.086,0.0,S2A_32SMF_20250901_0_L2A,0.05,4.0,2.1,,
2025-10-21,barbara,Barbara,0.075,0.0,S2A_32SMF_20251021_0_L2A,0.05,4.0,1.9,,
2025-11-30,barbara,Barbara,0.087,0.0,S2A_32SMF_20251130_0_L2A,0.05,4.0,2.2,,
2025-12-08,barbara,Barbara,0.096,0.0,S2C_32SMF_20251208_0_L2A,0.05,4.0,2.4,,
2026-01-09,barbara,Barbara,0.110,0.0,S2A_32SMF_20260109_0_L2A,0.05,4.0,2.7,,
2026-02-26,barbara,Barbara,0.102,0.0,S2C_32SMF_20260226_0_L2A,0.05,4.0,2.5,,
2026-03-18,barbara,Barbara,0.112,5.6,S2C_32SMF_20260318_0_L2A,0.05,4.0,2.8,,
2026-04-07,barbara,Barbara,0.113,0.0,S2C_32SMF_20260407_0_L2A,0.05,4.0,2.8,,
2026-05-19,barbara,Barbara,0.114,2.1,S2A_32SMF_20260519_1_L2A,0.05,4.0,2.8,,
2026-06-21,barbara,Barbara,0.109,0.0,S2B_32SMF_20260621_0_L2A,0.05,4.0,2.7,,
2026-07-18,barbara,Barbara,0.102,0.0,S2A_32SMF_20260718_0_L2A,0.05,4.0,2.5,,
2026-08-20,barbara,Barbara,0.092,0.0,S2B_32SMF_20260820_0_L2A,0.05,4.0,2.3,,
2022-01-30,siliana,Siliana,0.001,0.0,S2B_32SNE_20220130_0_L2A,0.05,3.0,0.0,,
2022-02-09,siliana,Siliana,0.003,0.0,S2B_32SNF_20220209_0_L2A,0.05,3.0,0.1,,
2022-03-29,siliana,Siliana,0.229,29.0,S2A_32SNE_20220329_0_L2A,0.05,3.0,7.6,,
2022-04-08,siliana,Siliana,1.208,0.0,S2A_32SNE_20220408_0_L2A,0.05,3.0,40.3,,
2022-05-23,siliana,Siliana,1.167,0.0,S2B_32SNE_20220523_0_L2A,0.05,3.0,38.9,,
2022-06-24,siliana,Siliana,0.000,0.0,S2A_32SNE_20220624_0_L2A,0.05,3.0,0.0,,
2022-07-19,siliana,Siliana,0.000,0.0,S2B_32SNE_20220719_0_L2A,0.05,3.0,0.0,,
2022-08-13,siliana,Siliana,0.000,0.0,S2A_32SNE_20220813_0_L2A,0.05,3.0,0.0,,
2022-09-15,siliana,Siliana,0.506,0.0,S2A_32SNE_20220915_0_L2A,0.05,3.0,16.9,,
2022-10-20,siliana,Siliana,0.539,0.0,S2B_32SNE_20221020_0_L2A,0.05,3.0,18.0,,
2022-11-21,siliana,Siliana,0.000,0.0,S2A_32SNE_20221121_0_L2A,0.05,3.0,0.0,,
2022-12-26,siliana,Siliana,0.002,0.0,S2B_32SNE_20221226_0_L2A,0.05,3.0,0.1,,
2023-01-08,siliana,Siliana,1.222,0.0,S2B_32SNF_20230108_0_L2A,0.05,3.0,40.7,,
2023-02-22,siliana,Siliana,0.552,0.0,S2A_32SNE_20230222_0_L2A,0.05,3.0,18.4,,
2023-03-24,siliana,Siliana,0.538,0.0,S2A_32SNE_20230324_0_L2A,0.05,3.0,17.9,,
2023-04-08,siliana,Siliana,0.528,0.0,S2B_32SNE_20230408_0_L2A,0.05,3.0,17.6,,
2023-05-18,siliana,Siliana,0.163,42.0,S2B_32SNE_20230518_0_L2A,0.05,3.0,5.4,,
2023-06-27,siliana,Siliana,0.299,0.6,S2B_32SNE_20230627_0_L2A,0.05,3.0,10.0,,
2023-07-24,siliana,Siliana,0.000,0.0,S2B_32SNE_20230724_0_L2A,0.05,3.0,0.0,,
2023-08-13,siliana,Siliana,0.000,0.0,S2B_32SNE_20230813_0_L2A,0.05,3.0,0.0,,
2023-09-17,siliana,Siliana,0.000,0.0,S2A_32SNE_20230917_0_L2A,0.05,3.0,0.0,,
2023-10-12,siliana,Siliana,0.000,0.0,S2B_32SNE_20231012_0_L2A,0.05,3.0,0.0,,
2023-11-14,siliana,Siliana,0.559,0.0,S2B_32SNE_20231114_0_L2A,0.05,3.0,18.7,,
2023-12-26,siliana,Siliana,0.000,0.0,S2A_32SNE_20231226_0_L2A,0.05,3.0,0.0,,
2024-01-25,siliana,Siliana,0.000,0.0,S2A_32SNF_20240125_0_L2A,0.05,3.0,0.0,,
2024-02-04,siliana,Siliana,0.000,0.0,S2A_32SNE_20240204_0_L2A,0.05,3.0,0.0,,
2024-03-20,siliana,Siliana,0.003,0.0,S2B_32SNE_20240320_0_L2A,0.05,3.0,0.1,,
2024-04-04,siliana,Siliana,0.000,0.0,S2A_32SNE_20240404_1_L2A,0.05,3.0,0.0,,
2024-05-27,siliana,Siliana,1.083,0.0,S2A_32SNF_20240527_1_L2A,0.05,3.0,36.1,,
2024-06-06,siliana,Siliana,0.687,0.0,S2A_32SNE_20240606_0_L2A,0.05,3.0,22.9,,
2024-07-11,siliana,Siliana,0.617,0.0,S2B_32SNE_20240711_0_L2A,0.05,3.0,20.6,,
2024-08-12,siliana,Siliana,0.000,0.0,S2A_32SNE_20240812_0_L2A,0.05,3.0,0.0,,
2024-09-01,siliana,Siliana,0.000,0.0,S2A_32SNE_20240901_0_L2A,0.05,3.0,0.0,,
2024-10-01,siliana,Siliana,0.001,0.0,S2A_32SNE_20241001_0_L2A,0.05,3.0,0.0,,
2024-11-25,siliana,Siliana,0.003,0.0,S2B_32SNF_20241125_0_L2A,0.05,3.0,0.1,,
2024-12-18,siliana,Siliana,0.614,0.0,S2B_32SNE_20241218_0_L2A,0.05,3.0,20.5,,
2025-01-24,siliana,Siliana,0.002,0.0,S2B_32SNF_20250124_0_L2A,0.05,3.0,0.1,,
2025-02-18,siliana,Siliana,0.008,0.0,S2C_32SNE_20250218_0_L2A,0.05,3.0,0.3,,
2025-03-15,siliana,Siliana,0.001,0.0,S2B_32SNF_20250315_0_L2A,0.05,3.0,0.0,,
2025-04-04,siliana,Siliana,0.002,0.0,S2B_32SNE_20250404_0_L2A,0.05,3.0,0.1,,
2025-05-27,siliana,Siliana,0.848,0.0,S2B_32SNE_20250527_0_L2A,0.05,3.0,28.2,,
2025-06-13,siliana,Siliana,0.002,0.0,S2B_32SNE_20250613_1_L2A,0.05,3.0,0.0,,
2025-07-23,siliana,Siliana,0.797,0.0,S2A_32SNE_20250723_0_L2A,0.05,3.0,26.6,,
2025-08-05,siliana,Siliana,0.797,0.0,S2B_32SNE_20250805_0_L2A,0.05,3.0,26.6,,
2025-09-01,siliana,Siliana,0.002,0.0,S2B_32SNE_20250901_1_L2A,0.05,3.0,0.1,,
2025-10-08,siliana,Siliana,0.000,0.0,S2A_32SNE_20251008_0_L2A,0.05,3.0,0.0,,
2025-11-30,siliana,Siliana,0.868,0.0,S2A_32SNE_20251130_1_L2A,0.05,3.0,28.9,,
2025-12-28,siliana,Siliana,0.918,0.0,S2C_32SNE_20251228_0_L2A,0.05,3.0,30.6,,
2026-01-09,siliana,Siliana,0.978,0.0,S2A_32SNE_20260109_0_L2A,0.05,3.0,32.6,,
2026-02-26,siliana,Siliana,1.982,0.0,S2C_32SNF_20260226_0_L2A,0.05,3.0,66.0,,
2026-03-18,siliana,Siliana,1.134,0.0,S2C_32SNE_20260318_0_L2A,0.05,3.0,37.8,,
2026-04-07,siliana,Siliana,1.121,0.0,S2C_32SNE_20260407_0_L2A,0.05,3.0,37.4,,
2026-05-19,siliana,Siliana,1.527,0.5,S2A_32SNF_20260519_2_L2A,0.05,3.0,50.9,,
2026-06-28,siliana,Siliana,1.123,0.0,S2A_32SNE_20260628_1_L2A,0.05,3.0,37.4,,
2026-07-16,siliana,Siliana,1.074,0.0,S2C_32SNE_20260716_0_L2A,0.05,3.0,35.8,,
2026-08-20,siliana,Siliana,1.134,0.0,S2B_32SNE_20260820_0_L2A,0.05,3.0,37.8,,
2022-01-30,rmil,Rmil,3.712,0.8,S2B_32SNF_20220130_1_L2A,0.05,1.5,247.5,,
2022-02-09,rmil,Rmil,3.914,0.0,S2B_32SNF_20220209_0_L2A,0.05,1.5,261.0,,
2022-03-24,rmil,Rmil,3.985,0.4,S2B_32SNF_20220324_0_L2A,0.05,1.5,265.6,,
2022-04-08,rmil,Rmil,3.991,0.0,S2A_32SNF_20220408_0_L2A,0.05,1.5,266.1,,
2022-05-15,rmil,Rmil,4.000,0.0,S2A_32SNF_20220515_0_L2A,0.05,1.5,266.7,,
2022-06-24,rmil,Rmil,3.571,0.0,S2A_32SNF_20220624_0_L2A,0.05,1.5,238.0,,
2022-07-17,rmil,Rmil,3.537,0.0,S2A_32SNF_20220717_0_L2A,0.05,1.5,235.8,,
2022-08-26,rmil,Rmil,3.266,0.0,S2A_32SNF_20220826_0_L2A,0.05,1.5,217.8,,
2022-09-10,rmil,Rmil,3.097,0.0,S2B_32SNF_20220910_0_L2A,0.05,1.5,206.5,,
2022-10-20,rmil,Rmil,2.926,0.0,S2B_32SNF_20221020_0_L2A,0.05,1.5,195.1,,
2022-11-14,rmil,Rmil,2.878,0.0,S2A_32SNF_20221114_0_L2A,0.05,1.5,191.9,,
2022-12-04,rmil,Rmil,2.814,0.0,S2A_32SNF_20221204_0_L2A,0.05,1.5,187.6,,
2023-01-08,rmil,Rmil,2.885,0.0,S2B_32SNF_20230108_0_L2A,0.05,1.5,192.3,,
2023-02-19,rmil,Rmil,2.890,0.0,S2A_32SNF_20230219_0_L2A,0.05,1.5,192.7,,
2023-03-24,rmil,Rmil,2.809,0.0,S2A_32SNF_20230324_0_L2A,0.05,1.5,187.3,,
2023-04-08,rmil,Rmil,2.789,0.0,S2B_32SNF_20230408_0_L2A,0.05,1.5,186.0,,
2023-05-28,rmil,Rmil,2.534,0.0,S2B_32SNF_20230528_0_L2A,0.05,1.5,168.9,,
2023-06-22,rmil,Rmil,0.994,1.3,S2A_32SNF_20230622_1_L2A,0.05,1.5,66.2,,
2023-07-14,rmil,Rmil,1.817,0.0,S2B_32SNF_20230714_0_L2A,0.05,1.5,121.2,,
2023-08-23,rmil,Rmil,2.480,0.0,S2B_32SNF_20230823_0_L2A,0.05,1.5,165.3,,
2023-09-10,rmil,Rmil,2.372,0.0,S2A_32SNF_20230910_1_L2A,0.05,1.5,158.1,,
2023-10-10,rmil,Rmil,2.190,0.0,S2A_32SNF_20231010_0_L2A,0.05,1.5,146.0,,
2023-11-14,rmil,Rmil,2.088,0.0,S2B_32SNF_20231114_0_L2A,0.05,1.5,139.2,,
2023-12-26,rmil,Rmil,2.869,0.0,S2A_32SNF_20231226_0_L2A,0.05,1.5,191.2,,
2024-01-25,rmil,Rmil,2.770,0.0,S2A_32SNF_20240125_0_L2A,0.05,1.5,184.6,,
2024-02-04,rmil,Rmil,2.755,0.0,S2A_32SNF_20240204_0_L2A,0.05,1.5,183.7,,
2024-03-30,rmil,Rmil,0.390,0.0,S2B_32SNF_20240330_0_L2A,0.05,1.5,26.0,,
2024-04-04,rmil,Rmil,2.706,0.0,S2A_32SNF_20240404_1_L2A,0.05,1.5,180.4,,
2024-05-12,rmil,Rmil,2.659,0.0,S2B_32SNF_20240512_0_L2A,0.05,1.5,177.3,,
2024-06-26,rmil,Rmil,2.371,0.0,S2A_32SNF_20240626_0_L2A,0.05,1.5,158.1,,
2024-07-31,rmil,Rmil,2.075,0.0,S2B_32SNF_20240731_0_L2A,0.05,1.5,138.3,,
2024-08-25,rmil,Rmil,0.023,0.0,S2A_32SNF_20240825_0_L2A,0.05,1.5,1.5,,
2024-09-01,rmil,Rmil,0.000,0.0,S2A_32SNF_20240901_0_L2A,0.05,1.5,0.0,,
2024-10-01,rmil,Rmil,1.922,0.0,S2A_32SNF_20241001_0_L2A,0.05,1.5,128.1,,
2024-11-25,rmil,Rmil,1.987,0.0,S2B_32SNF_20241125_0_L2A,0.05,1.5,132.5,,
2024-12-10,rmil,Rmil,2.036,0.0,S2A_32SNF_20241210_0_L2A,0.05,1.5,135.7,,
2025-01-24,rmil,Rmil,2.219,0.0,S2B_32SNF_20250124_0_L2A,0.05,1.5,147.9,,
2025-02-18,rmil,Rmil,2.447,0.0,S2C_32SNF_20250218_0_L2A,0.05,1.5,163.2,,
2025-03-15,rmil,Rmil,0.000,0.0,S2B_32SNF_20250315_0_L2A,0.05,1.5,0.0,,
2025-04-19,rmil,Rmil,2.451,0.0,S2C_32SNF_20250419_0_L2A,0.05,1.5,163.4,,
2025-05-31,rmil,Rmil,2.430,0.0,S2A_32SNF_20250531_0_L2A,0.05,1.5,162.0,,
2025-06-13,rmil,Rmil,2.392,0.0,S2B_32SNF_20250613_1_L2A,0.05,1.5,159.5,,
2025-07-23,rmil,Rmil,2.011,0.0,S2A_32SNF_20250723_0_L2A,0.05,1.5,134.0,,
2025-08-25,rmil,Rmil,1.924,0.0,S2B_32SNF_20250825_0_L2A,0.05,1.5,128.2,,
2025-09-01,rmil,Rmil,1.944,0.0,S2A_32SNF_20250901_0_L2A,0.05,1.5,129.6,,
2025-10-08,rmil,Rmil,1.806,0.0,S2A_32SNF_20251008_0_L2A,0.05,1.5,120.4,,
2025-11-30,rmil,Rmil,1.606,0.0,S2A_32SNF_20251130_1_L2A,0.05,1.5,107.1,,
2025-12-08,rmil,Rmil,1.613,0.0,S2C_32SNF_20251208_0_L2A,0.05,1.5,107.6,,
2026-01-09,rmil,Rmil,1.645,0.0,S2A_32SNF_20260109_0_L2A,0.05,1.5,109.7,,
2026-02-26,rmil,Rmil,2.567,0.0,S2C_32SNF_20260226_0_L2A,0.05,1.5,171.2,,
2026-03-18,rmil,Rmil,2.532,1.5,S2C_32SNF_20260318_0_L2A,0.05,1.5,168.8,,
2026-04-07,rmil,Rmil,2.593,0.0,S2C_32SNF_20260407_0_L2A,0.05,1.5,172.9,,
2026-05-19,rmil,Rmil,2.562,0.0,S2A_32SNF_20260519_2_L2A,0.05,1.5,170.8,,
2026-06-18,rmil,Rmil,2.477,0.0,S2B_32SNF_20260618_0_L2A,0.05,1.5,165.2,,
2026-07-25,rmil,Rmil,2.252,0.0,S2A_32SNF_20260725_0_L2A,0.05,1.5,150.1,,
2026-08-20,rmil,Rmil,2.086,0.0,S2B_32SNF_20260820_0_L2A,0.05,1.5,139.1,,
2022-01-30,bir-mcherga,Bir Mcherga,0.835,0.2,S2B_32SNF_20220130_1_L2A,0.05,4.5,18.6,,
2022-02-09,bir-mcherga,Bir Mcherga,0.924,0.0,S2B_32SNF_20220209_0_L2A,0.05,4.5,20.5,,
2022-03-24,bir-mcherga,Bir Mcherga,0.935,1.3,S2B_32SNF_20220324_0_L2A,0.05,4.5,20.8,,
2022-04-08,bir-mcherga,Bir Mcherga,0.909,0.0,S2A_32SNF_20220408_0_L2A,0.05,4.5,20.2,,
2022-05-15,bir-mcherga,Bir Mcherga,1.017,0.0,S2A_32SNF_20220515_0_L2A,0.05,4.5,22.6,,
2022-06-24,bir-mcherga,Bir Mcherga,0.829,0.0,S2A_32SNF_20220624_0_L2A,0.05,4.5,18.4,,
2022-07-17,bir-mcherga,Bir Mcherga,0.821,0.0,S2A_32SNF_20220717_0_L2A,0.05,4.5,18.3,,
2022-08-26,bir-mcherga,Bir Mcherga,0.802,0.0,S2A_32SNF_20220826_0_L2A,0.05,4.5,17.8,,
2022-09-10,bir-mcherga,Bir Mcherga,0.792,0.0,S2B_32SNF_20220910_0_L2A,0.05,4.5,17.6,,
2022-10-20,bir-mcherga,Bir Mcherga,0.779,0.0,S2B_32SNF_20221020_0_L2A,0.05,4.5,17.3,,
2022-11-14,bir-mcherga,Bir Mcherga,0.790,0.0,S2A_32SNF_20221114_0_L2A,0.05,4.5,17.6,,
2022-12-04,bir-mcherga,Bir Mcherga,0.757,0.0,S2A_32SNF_20221204_0_L2A,0.05,4.5,16.8,,
2023-01-08,bir-mcherga,Bir Mcherga,0.780,0.0,S2B_32SNF_20230108_0_L2A,0.05,4.5,17.3,,
2023-02-19,bir-mcherga,Bir Mcherga,0.785,0.0,S2A_32SNF_20230219_0_L2A,0.05,4.5,17.4,,
2023-03-24,bir-mcherga,Bir Mcherga,0.762,0.0,S2A_32SNF_20230324_0_L2A,0.05,4.5,16.9,,
2023-04-08,bir-mcherga,Bir Mcherga,0.762,0.0,S2B_32SNF_20230408_0_L2A,0.05,4.5,16.9,,
2023-05-28,bir-mcherga,Bir Mcherga,0.703,0.0,S2B_32SNF_20230528_0_L2A,0.05,4.5,15.6,,
2023-06-22,bir-mcherga,Bir Mcherga,0.055,0.0,S2A_32SNF_20230622_1_L2A,0.05,4.5,1.2,,
2023-07-14,bir-mcherga,Bir Mcherga,0.057,0.0,S2B_32SNF_20230714_0_L2A,0.05,4.5,1.3,,
2023-08-23,bir-mcherga,Bir Mcherga,0.736,0.0,S2B_32SNF_20230823_0_L2A,0.05,4.5,16.4,,
2023-09-10,bir-mcherga,Bir Mcherga,0.700,0.0,S2A_32SNF_20230910_1_L2A,0.05,4.5,15.6,,
2023-10-10,bir-mcherga,Bir Mcherga,0.664,0.0,S2A_32SNF_20231010_0_L2A,0.05,4.5,14.7,,
2023-11-14,bir-mcherga,Bir Mcherga,0.660,0.0,S2B_32SNF_20231114_0_L2A,0.05,4.5,14.7,,
2023-12-26,bir-mcherga,Bir Mcherga,0.839,0.0,S2A_32SNF_20231226_0_L2A,0.05,4.5,18.6,,
2024-01-25,bir-mcherga,Bir Mcherga,0.791,0.0,S2A_32SNF_20240125_0_L2A,0.05,4.5,17.6,,
2024-02-04,bir-mcherga,Bir Mcherga,0.780,0.0,S2A_32SNF_20240204_0_L2A,0.05,4.5,17.3,,
2024-03-30,bir-mcherga,Bir Mcherga,0.158,0.0,S2B_32SNF_20240330_0_L2A,0.05,4.5,3.5,,
2024-04-04,bir-mcherga,Bir Mcherga,0.723,0.0,S2A_32SNF_20240404_1_L2A,0.05,4.5,16.1,,
2024-05-12,bir-mcherga,Bir Mcherga,0.769,0.0,S2B_32SNF_20240512_0_L2A,0.05,4.5,17.1,,
2024-06-26,bir-mcherga,Bir Mcherga,0.680,0.0,S2A_32SNF_20240626_0_L2A,0.05,4.5,15.1,,
2024-07-31,bir-mcherga,Bir Mcherga,0.631,0.0,S2B_32SNF_20240731_0_L2A,0.05,4.5,14.0,,
2024-08-25,bir-mcherga,Bir Mcherga,0.034,0.0,S2A_32SNF_20240825_0_L2A,0.05,4.5,0.8,,
2024-09-01,bir-mcherga,Bir Mcherga,0.000,0.0,S2A_32SNF_20240901_0_L2A,0.05,4.5,0.0,,
2024-10-01,bir-mcherga,Bir Mcherga,0.667,0.0,S2A_32SNF_20241001_0_L2A,0.05,4.5,14.8,,
2024-11-25,bir-mcherga,Bir Mcherga,0.605,0.0,S2B_32SNF_20241125_0_L2A,0.05,4.5,13.4,,
2024-12-10,bir-mcherga,Bir Mcherga,0.645,0.0,S2A_32SNF_20241210_0_L2A,0.05,4.5,14.3,,
2025-01-24,bir-mcherga,Bir Mcherga,0.684,0.0,S2B_32SNF_20250124_0_L2A,0.05,4.5,15.2,,
2025-02-18,bir-mcherga,Bir Mcherga,0.737,0.0,S2C_32SNF_20250218_0_L2A,0.05,4.5,16.4,,
2025-03-15,bir-mcherga,Bir Mcherga,0.002,0.0,S2B_32SNF_20250315_0_L2A,0.05,4.5,0.0,,
2025-04-19,bir-mcherga,Bir Mcherga,0.729,0.0,S2C_32SNF_20250419_0_L2A,0.05,4.5,16.2,,
2025-05-31,bir-mcherga,Bir Mcherga,0.677,0.0,S2A_32SNF_20250531_0_L2A,0.05,4.5,15.0,,
2025-06-13,bir-mcherga,Bir Mcherga,0.672,0.0,S2B_32SNF_20250613_1_L2A,0.05,4.5,14.9,,
2025-07-23,bir-mcherga,Bir Mcherga,0.570,0.0,S2A_32SNF_20250723_0_L2A,0.05,4.5,12.7,,
2025-08-25,bir-mcherga,Bir Mcherga,0.621,0.0,S2B_32SNF_20250825_0_L2A,0.05,4.5,13.8,,
2025-09-01,bir-mcherga,Bir Mcherga,0.687,0.0,S2A_32SNF_20250901_0_L2A,0.05,4.5,15.3,,
2025-10-08,bir-mcherga,Bir Mcherga,0.664,0.0,S2A_32SNF_20251008_0_L2A,0.05,4.5,14.8,,
2025-11-30,bir-mcherga,Bir Mcherga,0.621,0.0,S2A_32SNF_20251130_1_L2A,0.05,4.5,13.8,,
2025-12-08,bir-mcherga,Bir Mcherga,0.660,0.0,S2C_32SNF_20251208_0_L2A,0.05,4.5,14.7,,
2026-01-09,bir-mcherga,Bir Mcherga,0.597,0.0,S2A_32SNF_20260109_0_L2A,0.05,4.5,13.3,,
2026-02-26,bir-mcherga,Bir Mcherga,0.747,0.0,S2C_32SNF_20260226_0_L2A,0.05,4.5,16.6,,
2026-03-18,bir-mcherga,Bir Mcherga,0.733,1.2,S2C_32SNF_20260318_0_L2A,0.05,4.5,16.3,,
2026-04-07,bir-mcherga,Bir Mcherga,0.780,0.0,S2C_32SNF_20260407_0_L2A,0.05,4.5,17.3,,
2026-05-19,bir-mcherga,Bir Mcherga,0.767,0.0,S2A_32SNF_20260519_2_L2A,0.05,4.5,17.1,,
2026-06-18,bir-mcherga,Bir Mcherga,0.718,0.0,S2B_32SNF_20260618_0_L2A,0.05,4.5,16.0,,
2026-07-25,bir-mcherga,Bir Mcherga,0.714,0.0,S2A_32SNF_20260725_0_L2A,0.05,4.5,15.9,,
2026-08-20,bir-mcherga,Bir Mcherga,0.671,0.0,S2B_32SNF_20260820_0_L2A,0.05,4.5,14.9,,
2022-01-30,sidi-saad,Sidi Saad,5.548,0.1,S2B_32SNE_20220130_0_L2A,0.05,10.0,55.5,,
2022-02-07,sidi-saad,Sidi Saad,5.573,0.0,S2A_32SNE_20220207_0_L2A,0.05,10.0,55.7,,
2022-03-29,sidi-saad,Sidi Saad,4.643,1.2,S2A_32SNE_20220329_0_L2A,0.05,10.0,46.4,,
2022-04-08,sidi-saad,Sidi Saad,6.071,0.0,S2A_32SNE_20220408_0_L2A,0.05,10.0,60.7,,
2022-05-23,sidi-saad,Sidi Saad,5.856,0.0,S2B_32SNE_20220523_0_L2A,0.05,10.0,58.6,,
2022-06-24,sidi-saad,Sidi Saad,5.271,0.0,S2A_32SNE_20220624_0_L2A,0.05,10.0,52.7,,
2022-07-19,sidi-saad,Sidi Saad,5.462,0.0,S2B_32SNE_20220719_0_L2A,0.05,10.0,54.6,,
2022-08-13,sidi-saad,Sidi Saad,5.575,0.0,S2A_32SNE_20220813_0_L2A,0.05,10.0,55.8,,
2022-09-15,sidi-saad,Sidi Saad,5.448,0.0,S2A_32SNE_20220915_0_L2A,0.05,10.0,54.5,,
2022-10-20,sidi-saad,Sidi Saad,5.696,0.0,S2B_32SNE_20221020_0_L2A,0.05,10.0,57.0,,
2022-11-21,sidi-saad,Sidi Saad,5.675,0.1,S2A_32SNE_20221121_0_L2A,0.05,10.0,56.7,,
2022-12-26,sidi-saad,Sidi Saad,5.586,0.0,S2B_32SNE_20221226_0_L2A,0.05,10.0,55.9,,
2023-01-03,sidi-saad,Sidi Saad,5.603,0.0,S2A_32SNE_20230103_0_L2A,0.05,10.0,56.0,,
2023-02-22,sidi-saad,Sidi Saad,5.503,0.1,S2A_32SNE_20230222_0_L2A,0.05,10.0,55.0,,
2023-03-24,sidi-saad,Sidi Saad,5.480,0.1,S2A_32SNE_20230324_0_L2A,0.05,10.0,54.8,,
2023-04-08,sidi-saad,Sidi Saad,5.422,0.1,S2B_32SNE_20230408_0_L2A,0.05,10.0,54.2,,
2023-05-18,sidi-saad,Sidi Saad,2.856,2.7,S2B_32SNE_20230518_0_L2A,0.05,10.0,28.6,,
2023-06-27,sidi-saad,Sidi Saad,5.683,0.1,S2B_32SNE_20230627_0_L2A,0.05,10.0,56.8,,
2023-07-24,sidi-saad,Sidi Saad,5.818,0.0,S2B_32SNE_20230724_0_L2A,0.05,10.0,58.2,,
2023-08-13,sidi-saad,Sidi Saad,5.797,0.0,S2B_32SNE_20230813_0_L2A,0.05,10.0,58.0,,
2023-09-17,sidi-saad,Sidi Saad,5.237,0.2,S2A_32SNE_20230917_0_L2A,0.05,10.0,52.4,,
2023-10-12,sidi-saad,Sidi Saad,5.491,0.0,S2B_32SNE_20231012_0_L2A,0.05,10.0,54.9,,
2023-11-14,sidi-saad,Sidi Saad,5.439,0.0,S2B_32SNE_20231114_0_L2A,0.05,10.0,54.4,,
2023-12-26,sidi-saad,Sidi Saad,5.528,0.0,S2A_32SNE_20231226_0_L2A,0.05,10.0,55.3,,
2024-01-25,sidi-saad,Sidi Saad,5.500,0.0,S2A_32SNE_20240125_0_L2A,0.05,10.0,55.0,,
2024-02-04,sidi-saad,Sidi Saad,5.478,0.0,S2A_32SNE_20240204_0_L2A,0.05,10.0,54.8,,
2024-03-20,sidi-saad,Sidi Saad,4.580,0.7,S2B_32SNE_20240320_0_L2A,0.05,10.0,45.8,,
2024-04-04,sidi-saad,Sidi Saad,5.142,0.0,S2A_32SNE_20240404_0_L2A,0.05,10.0,51.4,,
2024-05-27,sidi-saad,Sidi Saad,4.878,0.0,S2A_32SNE_20240527_1_L2A,0.05,10.0,48.8,,
2024-06-06,sidi-saad,Sidi Saad,4.529,0.3,S2A_32SNE_20240606_0_L2A,0.05,10.0,45.3,,
2024-07-11,sidi-saad,Sidi Saad,4.638,0.0,S2B_32SNE_20240711_0_L2A,0.05,10.0,46.4,,
2024-08-12,sidi-saad,Sidi Saad,4.415,0.1,S2A_32SNE_20240812_0_L2A,0.05,10.0,44.2,,
2024-09-01,sidi-saad,Sidi Saad,0.000,0.0,S2A_32SNE_20240901_0_L2A,0.05,10.0,0.0,,
2024-10-01,sidi-saad,Sidi Saad,4.345,0.0,S2A_32SNE_20241001_0_L2A,0.05,10.0,43.4,,
2024-11-25,sidi-saad,Sidi Saad,4.608,0.0,S2B_32SNE_20241125_0_L2A,0.05,10.0,46.1,,
2024-12-18,sidi-saad,Sidi Saad,4.576,0.0,S2B_32SNE_20241218_0_L2A,0.05,10.0,45.8,,
2025-01-24,sidi-saad,Sidi Saad,4.555,0.0,S2B_32SNE_20250124_0_L2A,0.05,10.0,45.6,,
2025-02-18,sidi-saad,Sidi Saad,4.653,0.0,S2C_32SNE_20250218_0_L2A,0.05,10.0,46.5,,
2025-03-22,sidi-saad,Sidi Saad,4.330,3.9,S2A_32SNE_20250322_0_L2A,0.05,10.0,43.3,,
2025-04-04,sidi-saad,Sidi Saad,4.440,0.0,S2B_32SNE_20250404_0_L2A,0.05,10.0,44.4,,
2025-05-27,sidi-saad,Sidi Saad,4.749,0.0,S2B_32SNE_20250527_0_L2A,0.05,10.0,47.5,,
2025-06-13,sidi-saad,Sidi Saad,4.473,0.0,S2B_32SNE_20250613_1_L2A,0.05,10.0,44.7,,
2025-07-23,sidi-saad,Sidi Saad,3.605,0.0,S2A_32SNE_20250723_0_L2A,0.05,10.0,36.0,,
2025-08-05,sidi-saad,Sidi Saad,4.336,0.0,S2B_32SNE_20250805_0_L2A,0.05,10.0,43.4,,
2025-09-01,sidi-saad,Sidi Saad,4.065,0.0,S2B_32SNE_20250901_1_L2A,0.05,10.0,40.6,,
2025-10-08,sidi-saad,Sidi Saad,4.539,0.0,S2A_32SNE_20251008_0_L2A,0.05,10.0,45.4,,
2025-11-30,sidi-saad,Sidi Saad,4.299,0.0,S2A_32SNE_20251130_1_L2A,0.05,10.0,43.0,,
2025-12-28,sidi-saad,Sidi Saad,4.317,0.0,S2C_32SNE_20251228_0_L2A,0.05,10.0,43.2,,
2026-01-09,sidi-saad,Sidi Saad,4.335,0.0,S2A_32SNE_20260109_0_L2A,0.05,10.0,43.4,,
2026-02-26,sidi-saad,Sidi Saad,4.170,0.0,S2C_32SNE_20260226_0_L2A,0.05,10.0,41.7,,
2026-03-18,sidi-saad,Sidi Saad,4.266,0.1,S2C_32SNE_20260318_0_L2A,0.05,10.0,42.7,,
2026-04-07,sidi-saad,Sidi Saad,3.920,0.0,S2C_32SNE_20260407_0_L2A,0.05,10.0,39.2,,
2026-05-24,sidi-saad,Sidi Saad,3.023,0.0,S2C_32SNE_20260524_0_L2A,0.05,10.0,30.2,,
2026-06-28,sidi-saad,Sidi Saad,3.008,0.0,S2A_32SNE_20260628_1_L2A,0.05,10.0,30.1,,
2026-07-16,sidi-saad,Sidi Saad,2.709,0.0,S2C_32SNE_20260716_0_L2A,0.05,10.0,27.1,,
2026-08-20,sidi-saad,Sidi Saad,3.179,0.0,S2B_32SNE_20260820_0_L2A,0.05,10.0,31.8,,
2022-01-30,chiba,Chiba,0.100,0.0,S2B_32SPF_20220130_1_L2A,0.05,0.7,14.3,,
2022-02-09,chiba,Chiba,0.099,0.0,S2B_32SPF_20220209_0_L2A,0.05,0.7,14.1,,
2022-03-01,chiba,Chiba,0.056,32.9,S2B_32SPF_20220301_0_L2A,0.05,0.7,8.1,,
2022-04-25,chiba,Chiba,0.034,1.7,S2A_32SPF_20220425_0_L2A,0.05,0.7,4.9,,
2022-05-20,chiba,Chiba,0.070,0.0,S2B_32SPF_20220520_0_L2A,0.05,0.7,10.1,,
2022-06-14,chiba,Chiba,0.058,0.0,S2A_32SPF_20220614_0_L2A,0.05,0.7,8.3,,
2022-07-19,chiba,Chiba,0.042,0.0,S2B_32SPF_20220719_0_L2A,0.05,0.7,6.1,,
2022-08-13,chiba,Chiba,0.037,0.0,S2A_32SPF_20220813_0_L2A,0.05,0.7,5.3,,
2022-09-12,chiba,Chiba,0.027,0.0,S2A_32SPF_20220912_0_L2A,0.05,0.7,3.8,,
2022-10-22,chiba,Chiba,0.029,0.0,S2A_32SPF_20221022_0_L2A,0.05,0.7,4.1,,
2022-11-21,chiba,Chiba,0.021,0.0,S2A_32SPF_20221121_0_L2A,0.05,0.7,3.0,,
2022-12-21,chiba,Chiba,0.019,0.0,S2A_32SPF_20221221_0_L2A,0.05,0.7,2.7,,
2023-01-15,chiba,Chiba,0.017,0.0,S2B_32SPF_20230115_0_L2A,0.05,0.7,2.4,,
2023-02-19,chiba,Chiba,0.015,0.0,S2A_32SPF_20230219_0_L2A,0.05,0.7,2.1,,
2023-03-26,chiba,Chiba,0.005,0.0,S2B_32SPF_20230326_0_L2A,0.05,0.7,0.7,,
2023-04-10,chiba,Chiba,0.004,0.0,S2A_32SPF_20230410_0_L2A,0.05,0.7,0.6,,
2023-06-29,chiba,Chiba,0.005,0.0,S2A_32SPF_20230629_0_L2A,0.05,0.7,0.8,,
2023-07-24,chiba,Chiba,0.003,0.0,S2B_32SPF_20230724_0_L2A,0.05,0.7,0.4,,
2023-08-18,chiba,Chiba,0.003,0.0,S2A_32SPF_20230818_0_L2A,0.05,0.7,0.5,,
2023-09-17,chiba,Chiba,0.000,0.0,S2A_32SPF_20230917_0_L2A,0.05,0.7,0.0,,
2023-10-12,chiba,Chiba,0.003,0.0,S2B_32SPF_20231012_0_L2A,0.05,0.7,0.5,,
2023-11-16,chiba,Chiba,0.003,4.4,S2A_32SPF_20231116_0_L2A,0.05,0.7,0.5,,
2023-12-26,chiba,Chiba,0.016,0.0,S2A_32SPF_20231226_0_L2A,0.05,0.7,2.3,,
2024-01-25,chiba,Chiba,0.015,0.0,S2A_32SPF_20240125_0_L2A,0.05,0.7,2.1,,
2024-02-04,chiba,Chiba,0.015,0.0,S2A_32SPF_20240204_0_L2A,0.05,0.7,2.1,,
2024-03-30,chiba,Chiba,0.000,0.0,S2B_32SPF_20240330_0_L2A,0.05,0.7,0.0,,
2024-04-04,chiba,Chiba,0.009,0.0,S2A_32SPF_20240404_1_L2A,0.05,0.7,1.2,,
2024-05-19,chiba,Chiba,0.025,0.0,S2B_32SPF_20240519_0_L2A,0.05,0.7,3.6,,
2024-06-28,chiba,Chiba,0.001,0.0,S2B_32SPF_20240628_0_L2A,0.05,0.7,0.1,,
2024-07-13,chiba,Chiba,0.003,0.0,S2A_32SPF_20240713_0_L2A,0.05,0.7,0.4,,
2024-08-12,chiba,Chiba,0.003,0.0,S2A_32SPF_20240812_0_L2A,0.05,0.7,0.4,,
2024-09-01,chiba,Chiba,0.000,0.0,S2A_32SPF_20240901_0_L2A,0.05,0.7,0.0,,
2024-10-01,chiba,Chiba,0.006,0.0,S2A_32SPF_20241001_0_L2A,0.05,0.7,0.9,,
2024-11-20,chiba,Chiba,0.005,0.0,S2A_32SPF_20241120_0_L2A,0.05,0.7,0.7,,
2024-12-10,chiba,Chiba,0.006,0.0,S2A_32SPF_20241210_0_L2A,0.05,0.7,0.8,,
2025-01-24,chiba,Chiba,0.038,0.0,S2B_32SPF_20250124_0_L2A,0.05,0.7,5.5,,
2025-02-18,chiba,Chiba,,60.6,S2C_32SPF_20250218_0_L2A,0.05,0.7,,,
2025-03-15,chiba,Chiba,0.000,0.3,S2B_32SPF_20250315_0_L2A,0.05,0.7,0.0,,
2025-04-24,chiba,Chiba,0.110,15.6,S2B_32SPF_20250424_0_L2A,0.05,0.7,15.7,,
2025-05-31,chiba,Chiba,0.105,0.0,S2A_32SPF_20250531_0_L2A,0.05,0.7,15.0,,
2025-06-23,chiba,Chiba,0.077,0.0,S2B_32SPF_20250623_1_L2A,0.05,0.7,11.0,,
2025-07-20,chiba,Chiba,0.077,0.0,S2A_32SPF_20250720_0_L2A,0.05,0.7,11.0,,
2025-08-07,chiba,Chiba,0.084,0.0,S2C_32SPF_20250807_1_L2A,0.05,0.7,12.0,,
2025-09-01,chiba,Chiba,0.049,0.0,S2B_32SPF_20250901_1_L2A,0.05,0.7,7.1,,
2025-10-08,chiba,Chiba,0.091,0.0,S2A_32SPF_20251008_0_L2A,0.05,0.7,13.1,,
2025-11-20,chiba,Chiba,0.072,0.0,S2B_32SPF_20251120_1_L2A,0.05,0.7,10.3,,
2025-12-30,chiba,Chiba,0.086,11.8,S2B_32SPF_20251230_1_L2A,0.05,0.7,12.2,,
2026-01-09,chiba,Chiba,0.090,0.0,S2B_32SPF_20260109_1_L2A,0.05,0.7,12.9,,
2026-02-18,chiba,Chiba,0.374,0.0,S2B_32SPF_20260218_0_L2A,0.05,0.7,53.5,,
2026-03-25,chiba,Chiba,0.284,23.2,S2C_32SPF_20260325_1_L2A,0.05,0.7,40.5,,
2026-04-06,chiba,Chiba,0.390,0.0,S2A_32SPF_20260406_0_L2A,0.05,0.7,55.7,,
2026-05-29,chiba,Chiba,0.246,0.0,S2B_32SPF_20260529_0_L2A,0.05,0.7,35.2,,
2026-06-05,chiba,Chiba,0.225,0.0,S2A_32SPF_20260605_0_L2A,0.05,0.7,32.2,,
2026-07-08,chiba,Chiba,0.159,0.0,S2B_32SPF_20260708_0_L2A,0.05,0.7,22.7,,
2026-08-02,chiba,Chiba,0.134,0.0,S2C_32SPF_20260802_0_L2A,0.05,0.7,19.1,,
2022-01-30,masri,Masri,0.123,0.6,S2B_32SPF_20220130_0_L2A,0.05,0.9,13.6,,
2022-02-09,masri,Masri,0.120,0.0,S2B_32SPF_20220209_0_L2A,0.05,0.9,13.4,,
2022-03-01,masri,Masri,0.000,40.1,S2B_32SPF_20220301_0_L2A,0.05,0.9,0.0,,
2022-04-25,masri,Masri,0.002,19.8,S2A_32SPF_20220425_0_L2A,0.05,0.9,0.2,,
2022-05-20,masri,Masri,0.040,0.0,S2B_32SPF_20220520_0_L2A,0.05,0.9,4.4,,
2022-06-14,masri,Masri,0.024,0.0,S2A_32SPF_20220614_0_L2A,0.05,0.9,2.6,,
2022-07-19,masri,Masri,0.008,0.0,S2B_32SPF_20220719_0_L2A,0.05,0.9,0.9,,
2022-08-13,masri,Masri,0.024,0.0,S2A_32SPF_20220813_0_L2A,0.05,0.9,2.7,,
2022-09-12,masri,Masri,0.008,2.2,S2A_32SPF_20220912_0_L2A,0.05,0.9,0.9,,
2022-10-22,masri,Masri,0.048,0.0,S2A_32SPF_20221022_0_L2A,0.05,0.9,5.3,,
2022-11-21,masri,Masri,0.070,0.0,S2A_32SPF_20221121_0_L2A,0.05,0.9,7.8,,
2022-12-21,masri,Masri,0.069,0.0,S2A_32SPF_20221221_0_L2A,0.05,0.9,7.6,,
2023-01-15,masri,Masri,0.070,0.0,S2B_32SPF_20230115_0_L2A,0.05,0.9,7.7,,
2023-02-19,masri,Masri,0.085,0.0,S2A_32SPF_20230219_0_L2A,0.05,0.9,9.4,,
2023-03-26,masri,Masri,0.064,0.0,S2B_32SPF_20230326_0_L2A,0.05,0.9,7.2,,
2023-04-10,masri,Masri,0.045,0.0,S2A_32SPF_20230410_0_L2A,0.05,0.9,5.0,,
2023-06-29,masri,Masri,0.000,0.0,S2A_32SPF_20230629_0_L2A,0.05,0.9,0.0,,
2023-07-24,masri,Masri,0.000,0.0,S2B_32SPF_20230724_0_L2A,0.05,0.9,0.0,,
2023-08-18,masri,Masri,0.000,0.0,S2A_32SPF_20230818_0_L2A,0.05,0.9,0.0,,
2023-09-17,masri,Masri,0.000,0.0,S2A_32SPF_20230917_0_L2A,0.05,0.9,0.0,,
2023-10-12,masri,Masri,0.000,0.0,S2B_32SPF_20231012_0_L2A,0.05,0.9,0.0,,
2023-11-16,masri,Masri,0.001,18.4,S2A_32SPF_20231116_0_L2A,0.05,0.9,0.1,,
2023-12-26,masri,Masri,0.021,0.0,S2A_32SPF_20231226_0_L2A,0.05,0.9,2.3,,
2024-01-25,masri,Masri,0.018,0.0,S2A_32SPF_20240125_0_L2A,0.05,0.9,2.0,,
2024-02-04,masri,Masri,0.017,0.0,S2A_32SPF_20240204_0_L2A,0.05,0.9,1.9,,
2024-03-30,masri,Masri,0.000,0.0,S2B_32SPF_20240330_0_L2A,0.05,0.9,0.0,,
2024-04-04,masri,Masri,0.015,0.0,S2A_32SPF_20240404_1_L2A,0.05,0.9,1.6,,
2024-05-19,masri,Masri,0.018,0.0,S2B_32SPF_20240519_0_L2A,0.05,0.9,2.0,,
2024-06-28,masri,Masri,0.000,0.0,S2B_32SPF_20240628_0_L2A,0.05,0.9,0.0,,
2024-07-13,masri,Masri,0.000,0.0,S2A_32SPF_20240713_0_L2A,0.05,0.9,0.0,,
2024-08-12,masri,Masri,0.000,0.0,S2A_32SPF_20240812_0_L2A,0.05,0.9,0.0,,
2024-09-01,masri,Masri,0.000,0.0,S2A_32SPF_20240901_0_L2A,0.05,0.9,0.0,,
2024-10-01,masri,Masri,0.001,0.0,S2A_32SPF_20241001_0_L2A,0.05,0.9,0.1,,
2024-11-20,masri,Masri,0.003,0.0,S2A_32SPF_20241120_0_L2A,0.05,0.9,0.3,,
2024-12-10,masri,Masri,0.048,0.0,S2A_32SPF_20241210_0_L2A,0.05,0.9,5.3,,
2025-01-24,masri,Masri,0.133,0.0,S2B_32SPF_20250124_0_L2A,0.05,0.9,14.8,,
2025-02-18,masri,Masri,,68.3,S2C_32SPF_20250218_0_L2A,0.05,0.9,,,
2025-03-15,masri,Masri,0.000,26.0,S2B_32SPF_20250315_0_L2A,0.05,0.9,0.0,,
2025-04-24,masri,Masri,0.148,9.4,S2B_32SPF_20250424_0_L2A,0.05,0.9,16.4,,
2025-05-31,masri,Masri,0.145,0.0,S2A_32SPF_20250531_0_L2A,0.05,0.9,16.2,,
2025-06-23,masri,Masri,0.122,0.0,S2B_32SPF_20250623_1_L2A,0.05,0.9,13.5,,
2025-07-20,masri,Masri,0.087,0.0,S2A_32SPF_20250720_0_L2A,0.05,0.9,9.6,,
2025-08-07,masri,Masri,0.111,0.0,S2C_32SPF_20250807_1_L2A,0.05,0.9,12.3,,
2025-09-01,masri,Masri,0.095,0.0,S2B_32SPF_20250901_1_L2A,0.05,0.9,10.5,,
2025-10-08,masri,Masri,0.108,0.7,S2A_32SPF_20251008_0_L2A,0.05,0.9,12.0,,
2025-11-20,masri,Masri,0.100,0.0,S2B_32SPF_20251120_1_L2A,0.05,0.9,11.1,,
2025-12-30,masri,Masri,,85.2,S2B_32SPF_20251230_1_L2A,0.05,0.9,,,
2026-01-09,masri,Masri,0.111,0.0,S2B_32SPF_20260109_1_L2A,0.05,0.9,12.3,,
2026-02-18,masri,Masri,0.499,0.0,S2B_32SPF_20260218_0_L2A,0.05,0.9,55.4,,
2026-03-25,masri,Masri,0.024,32.5,S2C_32SPF_20260325_0_L2A,0.05,0.9,2.6,,
2026-04-06,masri,Masri,0.533,0.0,S2A_32SPF_20260406_0_L2A,0.05,0.9,59.3,,
2026-05-29,masri,Masri,0.417,0.0,S2B_32SPF_20260529_0_L2A,0.05,0.9,46.4,,
2026-06-05,masri,Masri,0.382,0.0,S2A_32SPF_20260605_0_L2A,0.05,0.9,42.5,,
2026-07-08,masri,Masri,0.254,0.0,S2B_32SPF_20260708_0_L2A,0.05,0.9,28.2,,
2026-08-02,masri,Masri,0.149,0.0,S2C_32SPF_20260802_0_L2A,0.05,0.9,16.6,,
2022-01-30,lebna,Lebna,3.657,0.0,S2B_32SPF_20220130_0_L2A,0.05,3.0,121.9,,
2022-02-09,lebna,Lebna,3.631,0.0,S2B_32SPF_20220209_0_L2A,0.05,3.0,121.0,,
2022-03-01,lebna,Lebna,3.476,21.2,S2B_32SPF_20220301_0_L2A,0.05,3.0,115.9,,
2022-04-25,lebna,Lebna,3.083,47.1,S2A_32SPF_20220425_0_L2A,0.05,3.0,102.8,,
2022-05-20,lebna,Lebna,2.950,4.3,S2B_32SPF_20220520_0_L2A,0.05,3.0,98.3,,
2022-06-14,lebna,Lebna,2.386,0.6,S2A_32SPF_20220614_0_L2A,0.05,3.0,79.5,,
2022-07-19,lebna,Lebna,2.126,0.1,S2B_32SPF_20220719_0_L2A,0.05,3.0,70.9,,
2022-08-13,lebna,Lebna,1.908,0.0,S2A_32SPF_20220813_0_L2A,0.05,3.0,63.6,,
2022-09-12,lebna,Lebna,1.754,1.0,S2A_32SPF_20220912_0_L2A,0.05,3.0,58.5,,
2022-10-22,lebna,Lebna,1.665,0.1,S2A_32SPF_20221022_0_L2A,0.05,3.0,55.5,,
2022-11-21,lebna,Lebna,1.696,0.0,S2A_32SPF_20221121_0_L2A,0.05,3.0,56.5,,
2022-12-21,lebna,Lebna,1.685,0.0,S2A_32SPF_20221221_0_L2A,0.05,3.0,56.2,,
2023-01-15,lebna,Lebna,1.655,0.1,S2B_32SPF_20230115_0_L2A,0.05,3.0,55.2,,
2023-02-19,lebna,Lebna,1.666,0.0,S2A_32SPF_20230219_0_L2A,0.05,3.0,55.5,,
2023-03-26,lebna,Lebna,1.584,0.0,S2B_32SPF_20230326_0_L2A,0.05,3.0,52.8,,
2023-04-10,lebna,Lebna,1.574,0.0,S2A_32SPF_20230410_0_L2A,0.05,3.0,52.5,,
2023-06-29,lebna,Lebna,1.344,0.1,S2A_32SPF_20230629_0_L2A,0.05,3.0,44.8,,
2023-07-24,lebna,Lebna,1.210,0.1,S2B_32SPF_20230724_0_L2A,0.05,3.0,40.3,,
2023-08-18,lebna,Lebna,1.104,0.0,S2A_32SPF_20230818_0_L2A,0.05,3.0,36.8,,
2023-09-17,lebna,Lebna,0.949,0.1,S2A_32SPF_20230917_0_L2A,0.05,3.0,31.6,,
2023-10-12,lebna,Lebna,0.965,0.0,S2B_32SPF_20231012_0_L2A,0.05,3.0,32.2,,
2023-11-16,lebna,Lebna,0.803,12.7,S2A_32SPF_20231116_0_L2A,0.05,3.0,26.8,,
2023-12-26,lebna,Lebna,1.008,0.1,S2A_32SPF_20231226_0_L2A,0.05,3.0,33.6,,
2024-01-25,lebna,Lebna,0.967,0.0,S2A_32SPF_20240125_0_L2A,0.05,3.0,32.2,,
2024-02-04,lebna,Lebna,0.970,0.0,S2A_32SPF_20240204_0_L2A,0.05,3.0,32.3,,
2024-03-30,lebna,Lebna,0.432,0.6,S2B_32SPF_20240330_0_L2A,0.05,3.0,14.4,,
2024-04-04,lebna,Lebna,0.908,0.0,S2A_32SPF_20240404_1_L2A,0.05,3.0,30.3,,
2024-05-19,lebna,Lebna,0.785,0.0,S2B_32SPF_20240519_0_L2A,0.05,3.0,26.2,,
2024-06-28,lebna,Lebna,0.478,0.1,S2B_32SPF_20240628_0_L2A,0.05,3.0,15.9,,
2024-07-13,lebna,Lebna,0.442,0.0,S2A_32SPF_20240713_0_L2A,0.05,3.0,14.7,,
2024-08-12,lebna,Lebna,0.187,0.1,S2A_32SPF_20240812_0_L2A,0.05,3.0,6.2,,
2024-09-01,lebna,Lebna,0.000,0.0,S2A_32SPF_20240901_0_L2A,0.05,3.0,0.0,,
2024-10-01,lebna,Lebna,0.051,0.0,S2A_32SPF_20241001_0_L2A,0.05,3.0,1.7,,
2024-11-20,lebna,Lebna,0.721,0.1,S2A_32SPF_20241120_0_L2A,0.05,3.0,24.0,,
2024-12-10,lebna,Lebna,0.939,0.1,S2A_32SPF_20241210_0_L2A,0.05,3.0,31.3,,
2025-01-24,lebna,Lebna,1.393,0.0,S2B_32SPF_20250124_0_L2A,0.05,3.0,46.4,,
2025-02-18,lebna,Lebna,0.426,20.7,S2C_32SPF_20250218_0_L2A,0.05,3.0,14.2,,
2025-03-15,lebna,Lebna,0.287,5.1,S2B_32SPF_20250315_0_L2A,0.05,3.0,9.6,,
2025-04-24,lebna,Lebna,1.564,14.2,S2B_32SPF_20250424_0_L2A,0.05,3.0,52.1,,
2025-05-31,lebna,Lebna,2.043,0.1,S2A_32SPF_20250531_0_L2A,0.05,3.0,68.1,,
2025-06-23,lebna,Lebna,1.966,0.0,S2B_32SPF_20250623_1_L2A,0.05,3.0,65.5,,
2025-07-20,lebna,Lebna,1.678,0.0,S2A_32SPF_20250720_0_L2A,0.05,3.0,55.9,,
2025-08-07,lebna,Lebna,1.440,0.0,S2C_32SPF_20250807_1_L2A,0.05,3.0,48.0,,
2025-09-01,lebna,Lebna,1.029,0.0,S2B_32SPF_20250901_1_L2A,0.05,3.0,34.3,,
2025-10-08,lebna,Lebna,1.226,18.8,S2A_32SPF_20251008_0_L2A,0.05,3.0,40.9,,
2025-11-20,lebna,Lebna,1.363,0.1,S2B_32SPF_20251120_1_L2A,0.05,3.0,45.4,,
2025-12-30,lebna,Lebna,,66.7,S2B_32SPF_20251230_1_L2A,0.05,3.0,,,
2026-01-09,lebna,Lebna,1.722,0.0,S2B_32SPF_20260109_1_L2A,0.05,3.0,57.4,,
2026-02-18,lebna,Lebna,6.714,0.2,S2B_32SPF_20260218_0_L2A,0.05,3.0,223.8,,
2026-03-25,lebna,Lebna,5.102,26.4,S2C_32SPF_20260325_0_L2A,0.05,3.0,170.1,,
2026-04-06,lebna,Lebna,6.826,0.3,S2A_32SPF_20260406_0_L2A,0.05,3.0,227.5,,
2026-05-29,lebna,Lebna,6.400,0.1,S2B_32SPF_20260529_0_L2A,0.05,3.0,213.3,,
2026-06-05,lebna,Lebna,6.342,0.1,S2A_32SPF_20260605_0_L2A,0.05,3.0,211.4,,
2026-07-08,lebna,Lebna,5.980,0.0,S2B_32SPF_20260708_0_L2A,0.05,3.0,199.3,,
2026-08-02,lebna,Lebna,5.637,0.0,S2C_32SPF_20260802_0_L2A,0.05,3.0,187.9,,
2022-01-23,ziatine,Ziatine,4.060,48.6,S2B_32SNG_20220123_0_L2A,0.05,0.9,451.1,,
2022-02-22,ziatine,Ziatine,,98.9,S2B_32SNG_20220222_0_L2A,0.05,0.9,,,
2022-03-24,ziatine,Ziatine,1.473,3.2,S2B_32SNG_20220324_0_L2A,0.05,0.9,163.6,,
2022-04-08,ziatine,Ziatine,3.876,0.0,S2A_32SNG_20220408_0_L2A,0.05,0.9,430.7,,
2022-05-13,ziatine,Ziatine,3.743,0.0,S2B_32SNG_20220513_0_L2A,0.05,0.9,415.9,,
2022-06-12,ziatine,Ziatine,3.446,0.2,S2B_32SNG_20220612_0_L2A,0.05,0.9,382.9,,
2022-07-22,ziatine,Ziatine,3.388,0.0,S2B_32SNG_20220722_0_L2A,0.05,0.9,376.4,,
2022-08-01,ziatine,Ziatine,3.264,0.0,S2B_32SNG_20220801_0_L2A,0.05,0.9,362.7,,
2022-09-10,ziatine,Ziatine,3.088,0.0,S2B_32SNG_20220910_0_L2A,0.05,0.9,343.2,,
2022-10-30,ziatine,Ziatine,2.712,0.0,S2B_32SNG_20221030_0_L2A,0.05,0.9,301.3,,
2022-11-14,ziatine,Ziatine,2.651,0.0,S2A_32SNG_20221114_0_L2A,0.05,0.9,294.6,,
2022-12-04,ziatine,Ziatine,2.675,0.0,S2A_32SNG_20221204_0_L2A,0.05,0.9,297.2,,
2023-01-08,ziatine,Ziatine,2.596,0.0,S2B_32SNG_20230108_0_L2A,0.05,0.9,288.4,,
2023-02-22,ziatine,Ziatine,3.133,0.0,S2A_32SNG_20230222_0_L2A,0.05,0.9,348.1,,
2023-03-24,ziatine,Ziatine,3.163,0.0,S2A_32SNG_20230324_0_L2A,0.05,0.9,351.5,,
2023-04-08,ziatine,Ziatine,3.025,11.5,S2B_32SNG_20230408_0_L2A,0.05,0.9,336.1,,
2023-05-03,ziatine,Ziatine,,77.9,S2A_32SNG_20230503_0_L2A,0.05,0.9,,,
2023-06-12,ziatine,Ziatine,2.162,0.7,S2A_32SNG_20230612_0_L2A,0.05,0.9,240.2,,
2023-07-17,ziatine,Ziatine,2.462,0.0,S2B_32SNG_20230717_0_L2A,0.05,0.9,273.6,,
2023-08-16,ziatine,Ziatine,2.516,0.0,S2B_32SNG_20230816_0_L2A,0.05,0.9,279.6,,
2023-09-10,ziatine,Ziatine,2.336,0.0,S2A_32SNG_20230910_1_L2A,0.05,0.9,259.5,,
2023-10-10,ziatine,Ziatine,2.034,0.0,S2A_32SNG_20231010_0_L2A,0.05,0.9,226.0,,
2023-11-14,ziatine,Ziatine,1.708,0.0,S2B_32SNG_20231114_0_L2A,0.05,0.9,189.8,,
2023-12-24,ziatine,Ziatine,,81.5,S2B_32SNG_20231224_0_L2A,0.05,0.9,,,
2024-01-13,ziatine,Ziatine,1.806,24.5,S2B_32SNG_20240113_0_L2A,0.05,0.9,200.7,,
2024-02-22,ziatine,Ziatine,1.445,0.1,S2B_32SNG_20240222_1_L2A,0.05,0.9,160.5,,
2024-03-18,ziatine,Ziatine,1.791,0.0,S2A_32SNG_20240318_0_L2A,0.05,0.9,199.0,,
2024-04-27,ziatine,Ziatine,1.558,0.2,S2A_32SNG_20240427_0_L2A,0.05,0.9,173.1,,
2024-05-12,ziatine,Ziatine,1.761,0.0,S2B_32SNG_20240512_0_L2A,0.05,0.9,195.6,,
2024-06-06,ziatine,Ziatine,1.790,0.0,S2A_32SNG_20240606_0_L2A,0.05,0.9,198.9,,
2024-07-31,ziatine,Ziatine,1.554,0.0,S2B_32SNG_20240731_0_L2A,0.05,0.9,172.7,,
2024-08-25,ziatine,Ziatine,1.544,0.0,S2A_32SNG_20240825_0_L2A,0.05,0.9,171.5,,
2024-09-29,ziatine,Ziatine,1.411,0.1,S2B_32SNG_20240929_0_L2A,0.05,0.9,156.8,,
2024-10-09,ziatine,Ziatine,1.398,0.0,S2B_32SNG_20241009_0_L2A,0.05,0.9,155.3,,
2024-11-13,ziatine,Ziatine,1.346,0.0,S2A_32SNG_20241113_0_L2A,0.05,0.9,149.6,,
2024-12-18,ziatine,Ziatine,1.403,0.0,S2B_32SNG_20241218_0_L2A,0.05,0.9,155.9,,
2025-02-16,ziatine,Ziatine,2.496,0.1,S2B_32SNG_20250216_0_L2A,0.05,0.9,277.4,,
2025-03-08,ziatine,Ziatine,1.738,23.4,S2B_32SNG_20250308_0_L2A,0.05,0.9,193.1,,
2025-04-07,ziatine,Ziatine,,53.2,S2B_32SNG_20250407_0_L2A,0.05,0.9,,,
2025-05-27,ziatine,Ziatine,0.959,1.6,S2B_32SNG_20250527_0_L2A,0.05,0.9,106.6,,
2025-06-01,ziatine,Ziatine,1.669,0.7,S2C_32SNG_20250601_0_L2A,0.05,0.9,185.4,,
2025-07-01,ziatine,Ziatine,2.236,0.0,S2C_32SNG_20250701_0_L2A,0.05,0.9,248.5,,
2025-08-25,ziatine,Ziatine,2.200,0.0,S2B_32SNG_20250825_0_L2A,0.05,0.9,244.5,,
2025-09-01,ziatine,Ziatine,2.174,0.0,S2A_32SNG_20250901_0_L2A,0.05,0.9,241.5,,
2025-10-31,ziatine,Ziatine,,57.9,S2A_32SNG_20251031_0_L2A,0.05,0.9,,,
2025-11-13,ziatine,Ziatine,2.030,0.0,S2B_32SNG_20251113_0_L2A,0.05,0.9,225.6,,
2025-12-13,ziatine,Ziatine,2.375,0.0,S2B_32SNG_20251213_0_L2A,0.05,0.9,263.8,,
2026-02-06,ziatine,Ziatine,3.974,0.0,S2C_32SNG_20260206_0_L2A,0.05,0.9,441.5,,
2026-03-08,ziatine,Ziatine,4.108,0.3,S2C_32SNG_20260308_0_L2A,0.05,0.9,456.5,,
2026-04-07,ziatine,Ziatine,3.857,0.0,S2C_32SNG_20260407_0_L2A,0.05,0.9,428.6,,
2026-05-19,ziatine,Ziatine,3.567,0.3,S2A_32SNG_20260519_1_L2A,0.05,0.9,396.4,,
2026-06-18,ziatine,Ziatine,3.643,0.0,S2A_32SNG_20260618_1_L2A,0.05,0.9,404.8,,
2026-07-21,ziatine,Ziatine,3.358,0.0,S2B_32SNG_20260721_0_L2A,0.05,0.9,373.1,,
2026-08-20,ziatine,Ziatine,3.299,0.0,S2B_32SNG_20260820_0_L2A,0.05,0.9,366.5,,
2022-01-28,gamgoum,Gamgoum,0.018,0.0,S2A_32SNF_20220128_0_L2A,0.05,0.6,3.0,,
2022-02-22,gamgoum,Gamgoum,,66.4,S2B_32SNF_20220222_0_L2A,0.05,0.6,,,
2022-03-24,gamgoum,Gamgoum,0.043,0.0,S2B_32SNF_20220324_0_L2A,0.05,0.6,7.2,,
2022-04-08,gamgoum,Gamgoum,0.007,0.0,S2A_32SNF_20220408_0_L2A,0.05,0.6,1.1,,
2022-05-23,gamgoum,Gamgoum,0.019,0.0,S2B_32SNF_20220523_0_L2A,0.05,0.6,3.2,,
2022-06-17,gamgoum,Gamgoum,0.029,0.0,S2A_32SNF_20220617_0_L2A,0.05,0.6,4.9,,
2022-07-17,gamgoum,Gamgoum,0.020,0.0,S2A_32SNF_20220717_0_L2A,0.05,0.6,3.3,,
2022-08-26,gamgoum,Gamgoum,0.060,0.0,S2A_32SNF_20220826_0_L2A,0.05,0.6,10.0,,
2022-09-10,gamgoum,Gamgoum,0.041,0.0,S2B_32SNF_20220910_0_L2A,0.05,0.6,6.8,,
2022-10-20,gamgoum,Gamgoum,0.035,0.0,S2B_32SNF_20221020_0_L2A,0.05,0.6,5.8,,
2022-11-14,gamgoum,Gamgoum,0.045,0.0,S2A_32SNF_20221114_0_L2A,0.05,0.6,7.6,,
2022-12-04,gamgoum,Gamgoum,0.040,0.0,S2A_32SNF_20221204_0_L2A,0.05,0.6,6.7,,
2023-01-08,gamgoum,Gamgoum,0.017,0.0,S2B_32SNF_20230108_0_L2A,0.05,0.6,2.8,,
2023-02-22,gamgoum,Gamgoum,0.002,0.0,S2A_32SNF_20230222_0_L2A,0.05,0.6,0.4,,
2023-03-24,gamgoum,Gamgoum,0.024,0.0,S2A_32SNF_20230324_0_L2A,0.05,0.6,4.0,,
2023-04-08,gamgoum,Gamgoum,0.028,0.0,S2B_32SNF_20230408_0_L2A,0.05,0.6,4.7,,
2023-05-28,gamgoum,Gamgoum,0.015,0.1,S2B_32SNF_20230528_0_L2A,0.05,0.6,2.5,,
2023-06-22,gamgoum,Gamgoum,0.050,0.0,S2A_32SNF_20230622_1_L2A,0.05,0.6,8.4,,
2023-07-22,gamgoum,Gamgoum,0.036,0.0,S2A_32SNF_20230722_0_L2A,0.05,0.6,6.0,,
2023-08-26,gamgoum,Gamgoum,0.003,0.0,S2B_32SNF_20230826_0_L2A,0.05,0.6,0.5,,
2023-09-10,gamgoum,Gamgoum,0.007,0.0,S2A_32SNF_20230910_1_L2A,0.05,0.6,1.1,,
2023-10-10,gamgoum,Gamgoum,0.006,0.0,S2A_32SNF_20231010_0_L2A,0.05,0.6,1.1,,
2023-11-14,gamgoum,Gamgoum,0.011,0.0,S2B_32SNF_20231114_0_L2A,0.05,0.6,1.8,,
2023-12-24,gamgoum,Gamgoum,0.041,12.6,S2B_32SNF_20231224_0_L2A,0.05,0.6,6.8,,
2024-01-13,gamgoum,Gamgoum,,87.4,S2B_32SNF_20240113_0_L2A,0.05,0.6,,,
2024-02-07,gamgoum,Gamgoum,0.020,0.0,S2A_32SNF_20240207_0_L2A,0.05,0.6,3.4,,
2024-03-18,gamgoum,Gamgoum,0.032,0.0,S2A_32SNF_20240318_0_L2A,0.05,0.6,5.3,,
2024-04-27,gamgoum,Gamgoum,0.036,0.0,S2A_32SNF_20240427_0_L2A,0.05,0.6,6.0,,
2024-05-12,gamgoum,Gamgoum,0.053,0.0,S2B_32SNF_20240512_0_L2A,0.05,0.6,8.9,,
2024-06-26,gamgoum,Gamgoum,0.012,0.0,S2A_32SNF_20240626_0_L2A,0.05,0.6,2.0,,
2024-07-31,gamgoum,Gamgoum,0.001,0.0,S2B_32SNF_20240731_0_L2A,0.05,0.6,0.2,,
2024-08-25,gamgoum,Gamgoum,0.019,1.2,S2A_32SNF_20240825_0_L2A,0.05,0.6,3.2,,
2024-09-29,gamgoum,Gamgoum,0.052,0.0,S2B_32SNF_20240929_0_L2A,0.05,0.6,8.7,,
2024-10-04,gamgoum,Gamgoum,0.043,12.9,S2A_32SNF_20241004_0_L2A,0.05,0.6,7.2,,
2024-11-03,gamgoum,Gamgoum,0.082,0.0,S2A_32SNF_20241103_0_L2A,0.05,0.6,13.6,,
2024-12-18,gamgoum,Gamgoum,0.048,0.0,S2B_32SNF_20241218_0_L2A,0.05,0.6,7.9,,
2025-01-07,gamgoum,Gamgoum,0.161,0.1,S2B_32SNF_20250107_0_L2A,0.05,0.6,26.9,,
2025-02-16,gamgoum,Gamgoum,0.025,0.3,S2B_32SNF_20250216_0_L2A,0.05,0.6,4.2,,
2025-03-15,gamgoum,Gamgoum,0.001,0.4,S2A_32SNF_20250315_1_L2A,0.05,0.6,0.1,,
2025-04-04,gamgoum,Gamgoum,,97.8,S2A_32SNF_20250404_1_L2A,0.05,0.6,,,
2025-05-27,gamgoum,Gamgoum,0.055,0.0,S2B_32SNF_20250527_0_L2A,0.05,0.6,9.2,,
2025-06-26,gamgoum,Gamgoum,0.010,0.0,S2B_32SNF_20250626_0_L2A,0.05,0.6,1.6,,
2025-07-23,gamgoum,Gamgoum,0.038,0.0,S2A_32SNF_20250723_0_L2A,0.05,0.6,6.3,,
2025-08-25,gamgoum,Gamgoum,0.009,0.0,S2B_32SNF_20250825_0_L2A,0.05,0.6,1.5,,
2025-09-01,gamgoum,Gamgoum,0.063,0.0,S2A_32SNF_20250901_0_L2A,0.05,0.6,10.5,,
2025-10-21,gamgoum,Gamgoum,0.078,0.0,S2A_32SNF_20251021_0_L2A,0.05,0.6,13.0,,
2025-11-30,gamgoum,Gamgoum,0.057,0.0,S2A_32SNF_20251130_1_L2A,0.05,0.6,9.6,,
2025-12-08,gamgoum,Gamgoum,0.131,0.0,S2C_32SNF_20251208_0_L2A,0.05,0.6,21.9,,
2026-01-09,gamgoum,Gamgoum,0.057,0.0,S2A_32SNF_20260109_0_L2A,0.05,0.6,9.5,,
2026-02-26,gamgoum,Gamgoum,0.039,0.0,S2C_32SNF_20260226_0_L2A,0.05,0.6,6.6,,
2026-03-18,gamgoum,Gamgoum,0.051,0.1,S2C_32SNF_20260318_0_L2A,0.05,0.6,8.6,,
2026-04-07,gamgoum,Gamgoum,0.071,0.0,S2C_32SNF_20260407_0_L2A,0.05,0.6,11.8,,
2026-05-19,gamgoum,Gamgoum,0.085,0.0,S2A_32SNF_20260519_2_L2A,0.05,0.6,14.2,,
2026-06-28,gamgoum,Gamgoum,0.097,0.0,S2A_32SNF_20260628_1_L2A,0.05,0.6,16.2,,
2026-07-08,gamgoum,Gamgoum,0.041,0.0,S2A_32SNF_20260708_1_L2A,0.05,0.6,6.9,,
2026-08-20,gamgoum,Gamgoum,0.059,0.0,S2B_32SNF_20260820_0_L2A,0.05,0.6,9.8,,
2022-01-05,melah,El Melah,19.722,2.5,S2A_32SNG_20220105_0_L2A,0.05,0.8,2465.3,,
2022-02-09,melah,El Melah,18.991,0.0,S2B_32SNG_20220209_0_L2A,0.05,0.8,2373.8,,
2022-03-24,melah,El Melah,20.365,23.2,S2B_32SNG_20220324_0_L2A,0.05,0.8,2545.6,,
2022-04-08,melah,El Melah,36.016,0.0,S2A_32SNG_20220408_0_L2A,0.05,0.8,4502.0,,
2022-05-15,melah,El Melah,16.660,0.0,S2A_32SNG_20220515_0_L2A,0.05,0.8,2082.5,,
2022-06-24,melah,El Melah,25.817,0.1,S2A_32SNG_20220624_0_L2A,0.05,0.8,3227.1,,
2022-07-24,melah,El Melah,19.403,0.1,S2A_32SNG_20220724_0_L2A,0.05,0.8,2425.3,,
2022-08-13,melah,El Melah,21.779,0.1,S2A_32SNG_20220813_0_L2A,0.05,0.8,2722.4,,
2022-09-10,melah,El Melah,29.887,0.0,S2B_32SNG_20220910_0_L2A,0.05,0.8,3735.9,,
2022-10-22,melah,El Melah,11.492,0.1,S2A_32SNG_20221022_0_L2A,0.05,0.8,1436.5,,
2022-11-01,melah,El Melah,19.144,0.0,S2A_32SNG_20221101_0_L2A,0.05,0.8,2393.0,,
2022-12-04,melah,El Melah,33.079,0.2,S2A_32SNG_20221204_0_L2A,0.05,0.8,4134.8,,
2023-01-08,melah,El Melah,33.859,0.1,S2B_32SNG_20230108_0_L2A,0.05,0.8,4232.4,,
2023-02-19,melah,El Melah,19.360,0.1,S2A_32SNG_20230219_0_L2A,0.05,0.8,2420.0,,
2023-03-24,melah,El Melah,35.457,0.0,S2A_32SNG_20230324_0_L2A,0.05,0.8,4432.2,,
2023-04-08,melah,El Melah,35.370,0.6,S2B_32SNG_20230408_0_L2A,0.05,0.8,4421.3,,
2023-05-10,melah,El Melah,7.717,9.8,S2A_32SNG_20230510_0_L2A,0.05,0.8,964.6,,
2023-06-29,melah,El Melah,22.750,0.1,S2A_32SNG_20230629_0_L2A,0.05,0.8,2843.7,,
2023-07-24,melah,El Melah,20.478,0.1,S2B_32SNG_20230724_0_L2A,0.05,0.8,2559.7,,
2023-08-16,melah,El Melah,31.859,0.0,S2B_32SNG_20230816_0_L2A,0.05,0.8,3982.4,,
2023-09-10,melah,El Melah,30.814,0.0,S2A_32SNG_20230910_1_L2A,0.05,0.8,3851.7,,
2023-10-10,melah,El Melah,29.912,0.1,S2A_32SNG_20231010_0_L2A,0.05,0.8,3739.0,,
2023-11-14,melah,El Melah,31.550,0.1,S2B_32SNG_20231114_0_L2A,0.05,0.8,3943.8,,
2023-12-26,melah,El Melah,21.220,0.1,S2A_32SNG_20231226_0_L2A,0.05,0.8,2652.5,,
2024-01-25,melah,El Melah,8.734,0.0,S2A_32SNG_20240125_0_L2A,0.05,0.8,1091.8,,
2024-02-22,melah,El Melah,35.477,0.0,S2B_32SNG_20240222_1_L2A,0.05,0.8,4434.7,,
2024-03-18,melah,El Melah,35.821,0.0,S2A_32SNG_20240318_0_L2A,0.05,0.8,4477.6,,
2024-04-04,melah,El Melah,15.395,0.0,S2A_32SNG_20240404_0_L2A,0.05,0.8,1924.4,,
2024-05-12,melah,El Melah,32.263,3.7,S2B_32SNG_20240512_0_L2A,0.05,0.8,4032.9,,
2024-06-28,melah,El Melah,9.507,15.0,S2B_32SNG_20240628_0_L2A,0.05,0.8,1188.4,,
2024-07-31,melah,El Melah,30.448,0.0,S2B_32SNG_20240731_0_L2A,0.05,0.8,3806.0,,
2024-08-12,melah,El Melah,14.893,0.2,S2A_32SNG_20240812_0_L2A,0.05,0.8,1861.6,,
2024-09-01,melah,El Melah,0.000,0.0,S2A_32SNG_20240901_0_L2A,0.05,0.8,0.0,,
2024-10-01,melah,El Melah,16.923,0.1,S2A_32SNG_20241001_0_L2A,0.05,0.8,2115.4,,
2024-11-25,melah,El Melah,19.915,0.1,S2B_32SNG_20241125_0_L2A,0.05,0.8,2489.3,,
2024-12-30,melah,El Melah,21.765,0.7,S2A_32SNG_20241230_0_L2A,0.05,0.8,2720.6,,
2025-01-24,melah,El Melah,19.186,2.1,S2B_32SNG_20250124_0_L2A,0.05,0.8,2398.2,,
2025-02-16,melah,El Melah,35.633,1.5,S2B_32SNG_20250216_0_L2A,0.05,0.8,4454.2,,
2025-03-20,melah,El Melah,18.316,0.0,S2C_32SNG_20250320_0_L2A,0.05,0.8,2289.5,,
2025-04-19,melah,El Melah,25.020,0.0,S2C_32SNG_20250419_0_L2A,0.05,0.8,3127.5,,
2025-05-01,melah,El Melah,25.278,0.0,S2A_32SNG_20250501_0_L2A,0.05,0.8,3159.8,,
2025-06-13,melah,El Melah,12.671,0.0,S2B_32SNG_20250613_1_L2A,0.05,0.8,1583.8,,
2025-07-20,melah,El Melah,24.660,0.2,S2A_32SNG_20250720_0_L2A,0.05,0.8,3082.5,,
2025-08-25,melah,El Melah,30.749,0.0,S2B_32SNG_20250825_0_L2A,0.05,0.8,3843.6,,
2025-09-01,melah,El Melah,30.460,0.1,S2A_32SNG_20250901_0_L2A,0.05,0.8,3807.5,,
2025-10-26,melah,El Melah,20.794,0.3,S2C_32SNG_20251026_0_L2A,0.05,0.8,2599.3,,
2025-11-13,melah,El Melah,31.480,0.0,S2B_32SNG_20251113_0_L2A,0.05,0.8,3935.0,,
2025-12-13,melah,El Melah,34.248,1.6,S2B_32SNG_20251213_0_L2A,0.05,0.8,4281.0,,
2026-01-14,melah,El Melah,19.017,0.0,S2C_32SNG_20260114_0_L2A,0.05,0.8,2377.1,,
2026-02-06,melah,El Melah,36.695,0.0,S2C_32SNG_20260206_0_L2A,0.05,0.8,4586.8,,
2026-03-08,melah,El Melah,35.805,7.3,S2C_32SNG_20260308_0_L2A,0.05,0.8,4475.7,,
2026-04-07,melah,El Melah,38.076,0.0,S2C_32SNG_20260407_0_L2A,0.05,0.8,4759.5,,
2026-05-24,melah,El Melah,21.312,0.0,S2C_32SNG_20260524_0_L2A,0.05,0.8,2664.0,,
2026-06-23,melah,El Melah,20.724,0.0,S2C_32SNG_20260623_0_L2A,0.05,0.8,2590.5,,
2026-07-15,melah,El Melah,18.061,0.2,S2A_32SNG_20260715_0_L2A,0.05,0.8,2257.7,,
2026-08-20,melah,El Melah,33.299,0.1,S2B_32SNG_20260820_0_L2A,0.05,0.8,4162.3,,
2022-01-28,bou-hertma-lower,Bou Heurtma Lower,0.070,0.0,S2A_32SMF_20220128_0_L2A,0.05,0.9,7.7,,
2022-02-07,bou-hertma-lower,Bou Heurtma Lower,,71.7,S2A_32SMF_20220207_0_L2A,0.05,0.9,,,
2022-03-14,bou-hertma-lower,Bou Heurtma Lower,0.043,0.0,S2B_32SMF_20220314_0_L2A,0.05,0.9,4.8,,
2022-04-08,bou-hertma-lower,Bou Heurtma Lower,0.044,0.0,S2A_32SMF_20220408_0_L2A,0.05,0.9,4.9,,
2022-05-23,bou-hertma-lower,Bou Heurtma Lower,0.018,0.0,S2B_32SMF_20220523_0_L2A,0.05,0.9,2.0,,
2022-06-17,bou-hertma-lower,Bou Heurtma Lower,0.030,0.0,S2A_32SMF_20220617_0_L2A,0.05,0.9,3.3,,
2022-07-17,bou-hertma-lower,Bou Heurtma Lower,0.029,0.0,S2A_32SMF_20220717_0_L2A,0.05,0.9,3.2,,
2022-08-26,bou-hertma-lower,Bou Heurtma Lower,0.023,0.0,S2A_32SMF_20220826_0_L2A,0.05,0.9,2.5,,
2022-09-10,bou-hertma-lower,Bou Heurtma Lower,0.050,0.0,S2B_32SMF_20220910_0_L2A,0.05,0.9,5.5,,
2022-10-20,bou-hertma-lower,Bou Heurtma Lower,0.035,0.0,S2B_32SMF_20221020_0_L2A,0.05,0.9,3.9,,
2022-11-14,bou-hertma-lower,Bou Heurtma Lower,0.093,0.0,S2A_32SMF_20221114_0_L2A,0.05,0.9,10.4,,
2022-12-04,bou-hertma-lower,Bou Heurtma Lower,0.107,0.0,S2A_32SMF_20221204_0_L2A,0.05,0.9,11.9,,
2023-01-08,bou-hertma-lower,Bou Heurtma Lower,0.068,0.0,S2B_32SMF_20230108_0_L2A,0.05,0.9,7.5,,
2023-02-22,bou-hertma-lower,Bou Heurtma Lower,0.013,0.0,S2A_32SMF_20230222_0_L2A,0.05,0.9,1.5,,
2023-03-24,bou-hertma-lower,Bou Heurtma Lower,0.069,0.0,S2A_32SMF_20230324_0_L2A,0.05,0.9,7.6,,
2023-04-08,bou-hertma-lower,Bou Heurtma Lower,0.066,0.0,S2B_32SMF_20230408_0_L2A,0.05,0.9,7.4,,
2023-06-17,bou-hertma-lower,Bou Heurtma Lower,0.057,0.0,S2B_32SMF_20230617_0_L2A,0.05,0.9,6.3,,
2023-07-27,bou-hertma-lower,Bou Heurtma Lower,0.019,0.0,S2B_32SMF_20230727_0_L2A,0.05,0.9,2.1,,
2023-08-26,bou-hertma-lower,Bou Heurtma Lower,0.042,0.0,S2B_32SMF_20230826_0_L2A,0.05,0.9,4.6,,
2023-09-10,bou-hertma-lower,Bou Heurtma Lower,0.015,0.0,S2A_32SMF_20230910_1_L2A,0.05,0.9,1.6,,
2023-10-10,bou-hertma-lower,Bou Heurtma Lower,0.050,0.0,S2A_32SMF_20231010_0_L2A,0.05,0.9,5.6,,
2023-11-14,bou-hertma-lower,Bou Heurtma Lower,0.109,0.0,S2B_32SMF_20231114_0_L2A,0.05,0.9,12.2,,
2023-12-24,bou-hertma-lower,Bou Heurtma Lower,0.059,18.7,S2B_32SMF_20231224_0_L2A,0.05,0.9,6.6,,
2024-01-28,bou-hertma-lower,Bou Heurtma Lower,0.073,5.3,S2A_32SMF_20240128_0_L2A,0.05,0.9,8.1,,
2024-02-07,bou-hertma-lower,Bou Heurtma Lower,0.058,0.0,S2A_32SMF_20240207_0_L2A,0.05,0.9,6.5,,
2024-03-23,bou-hertma-lower,Bou Heurtma Lower,0.067,0.0,S2B_32SMF_20240323_0_L2A,0.05,0.9,7.4,,
2024-04-27,bou-hertma-lower,Bou Heurtma Lower,0.033,0.0,S2A_32SMF_20240427_0_L2A,0.05,0.9,3.7,,
2024-05-12,bou-hertma-lower,Bou Heurtma Lower,0.041,0.0,S2B_32SMF_20240512_0_L2A,0.05,0.9,4.5,,
2024-06-26,bou-hertma-lower,Bou Heurtma Lower,0.033,0.0,S2A_32SMF_20240626_0_L2A,0.05,0.9,3.7,,
2024-07-31,bou-hertma-lower,Bou Heurtma Lower,0.022,0.0,S2B_32SMF_20240731_0_L2A,0.05,0.9,2.5,,
2024-08-10,bou-hertma-lower,Bou Heurtma Lower,0.071,0.0,S2B_32SMF_20240810_0_L2A,0.05,0.9,7.8,,
2024-09-04,bou-hertma-lower,Bou Heurtma Lower,0.020,0.0,S2A_32SMF_20240904_0_L2A,0.05,0.9,2.3,,
2024-10-14,bou-hertma-lower,Bou Heurtma Lower,0.023,0.2,S2A_32SMF_20241014_0_L2A,0.05,0.9,2.6,,
2024-11-03,bou-hertma-lower,Bou Heurtma Lower,0.055,0.0,S2A_32SMF_20241103_0_L2A,0.05,0.9,6.2,,
2024-12-13,bou-hertma-lower,Bou Heurtma Lower,0.045,0.0,S2A_32SMF_20241213_0_L2A,0.05,0.9,5.0,,
2025-02-16,bou-hertma-lower,Bou Heurtma Lower,0.099,0.0,S2B_32SMF_20250216_0_L2A,0.05,0.9,11.0,,
2025-03-08,bou-hertma-lower,Bou Heurtma Lower,0.077,0.0,S2B_32SMF_20250308_0_L2A,0.05,0.9,8.5,,
2025-04-24,bou-hertma-lower,Bou Heurtma Lower,0.098,0.0,S2A_32SMF_20250424_0_L2A,0.05,0.9,10.9,,
2025-05-27,bou-hertma-lower,Bou Heurtma Lower,0.054,0.0,S2B_32SMF_20250527_0_L2A,0.05,0.9,6.0,,
2025-06-21,bou-hertma-lower,Bou Heurtma Lower,0.025,0.0,S2C_32SMF_20250621_0_L2A,0.05,0.9,2.8,,
2025-07-23,bou-hertma-lower,Bou Heurtma Lower,0.044,0.0,S2A_32SMF_20250723_0_L2A,0.05,0.9,4.9,,
2025-08-12,bou-hertma-lower,Bou Heurtma Lower,0.187,0.0,S2A_32SMF_20250812_0_L2A,0.05,0.9,20.7,,
2025-09-01,bou-hertma-lower,Bou Heurtma Lower,0.089,0.0,S2A_32SMF_20250901_0_L2A,0.05,0.9,9.9,,
2025-10-21,bou-hertma-lower,Bou Heurtma Lower,0.082,0.0,S2A_32SMF_20251021_0_L2A,0.05,0.9,9.1,,
2025-11-30,bou-hertma-lower,Bou Heurtma Lower,0.092,0.0,S2A_32SMF_20251130_0_L2A,0.05,0.9,10.2,,
2025-12-08,bou-hertma-lower,Bou Heurtma Lower,0.096,0.0,S2C_32SMF_20251208_0_L2A,0.05,0.9,10.6,,
2026-01-09,bou-hertma-lower,Bou Heurtma Lower,0.076,0.0,S2A_32SMF_20260109_0_L2A,0.05,0.9,8.5,,
2026-02-26,bou-hertma-lower,Bou Heurtma Lower,0.173,0.0,S2C_32SMF_20260226_0_L2A,0.05,0.9,19.2,,
2026-03-18,bou-hertma-lower,Bou Heurtma Lower,0.101,0.8,S2C_32SMF_20260318_0_L2A,0.05,0.9,11.2,,
2026-04-07,bou-hertma-lower,Bou Heurtma Lower,0.142,0.0,S2C_32SMF_20260407_0_L2A,0.05,0.9,15.8,,
2026-05-19,bou-hertma-lower,Bou Heurtma Lower,0.052,0.0,S2A_32SMF_20260519_1_L2A,0.05,0.9,5.8,,
2026-06-21,bou-hertma-lower,Bou Heurtma Lower,0.112,0.0,S2B_32SMF_20260621_0_L2A,0.05,0.9,12.4,,
2026-07-18,bou-hertma-lower,Bou Heurtma Lower,0.044,0.0,S2A_32SMF_20260718_0_L2A,0.05,0.9,4.8,,
2026-08-20,bou-hertma-lower,Bou Heurtma Lower,0.120,0.0,S2B_32SMF_20260820_0_L2A,0.05,0.9,13.3,,
2022-01-28,kebir,El Kebir,1.645,0.0,S2A_32SMF_20220128_0_L2A,0.05,0.9,182.8,,
2022-02-22,kebir,El Kebir,1.576,42.6,S2B_32SNG_20220222_0_L2A,0.05,0.9,175.1,,
2022-03-14,kebir,El Kebir,1.617,0.0,S2B_32SMF_20220314_0_L2A,0.05,0.9,179.6,,
2022-04-08,kebir,El Kebir,1.603,0.0,S2A_32SNF_20220408_0_L2A,0.05,0.9,178.1,,
2022-05-13,kebir,El Kebir,1.339,0.0,S2B_32SMG_20220513_0_L2A,0.05,0.9,148.8,,
2022-06-17,kebir,El Kebir,0.713,0.9,S2A_32SMF_20220617_0_L2A,0.05,0.9,79.2,,
2022-07-17,kebir,El Kebir,0.522,0.0,S2A_32SMG_20220717_0_L2A,0.05,0.9,58.0,,
2022-08-26,kebir,El Kebir,0.131,0.0,S2A_32SNF_20220826_0_L2A,0.05,0.9,14.6,,
2022-09-10,kebir,El Kebir,0.045,0.0,S2B_32SNF_20220910_0_L2A,0.05,0.9,5.0,,
2022-10-20,kebir,El Kebir,0.139,0.0,S2B_32SMF_20221020_0_L2A,0.05,0.9,15.4,,
2022-11-14,kebir,El Kebir,0.240,0.0,S2A_32SMF_20221114_0_L2A,0.05,0.9,26.7,,
2022-12-04,kebir,El Kebir,0.396,0.0,S2A_32SMG_20221204_0_L2A,0.05,0.9,43.9,,
2023-01-08,kebir,El Kebir,0.347,0.0,S2B_32SNF_20230108_0_L2A,0.05,0.9,38.5,,
2023-02-22,kebir,El Kebir,0.308,0.0,S2A_32SNF_20230222_0_L2A,0.05,0.9,34.2,,
2023-03-24,kebir,El Kebir,0.327,0.0,S2A_32SMF_20230324_0_L2A,0.05,0.9,36.3,,
2023-04-08,kebir,El Kebir,0.370,0.0,S2B_32SNF_20230408_0_L2A,0.05,0.9,41.2,,
2023-05-03,kebir,El Kebir,,86.1,S2A_32SMG_20230503_0_L2A,0.05,0.9,,,
2023-06-12,kebir,El Kebir,0.208,0.0,S2A_32SMG_20230612_0_L2A,0.05,0.9,23.2,,
2023-07-12,kebir,El Kebir,0.073,0.0,S2A_32SMG_20230712_0_L2A,0.05,0.9,8.1,,
2023-08-26,kebir,El Kebir,0.000,0.0,S2B_32SMF_20230826_0_L2A,0.05,0.9,0.0,,
2023-09-10,kebir,El Kebir,0.003,0.0,S2A_32SMG_20230910_1_L2A,0.05,0.9,0.3,,
2023-10-10,kebir,El Kebir,0.002,0.0,S2A_32SMF_20231010_0_L2A,0.05,0.9,0.2,,
2023-11-14,kebir,El Kebir,0.002,0.0,S2B_32SMG_20231114_0_L2A,0.05,0.9,0.2,,
2023-12-24,kebir,El Kebir,,50.4,S2B_32SNF_20231224_0_L2A,0.05,0.9,,,
2024-01-28,kebir,El Kebir,0.332,14.4,S2A_32SMF_20240128_0_L2A,0.05,0.9,36.9,,
2024-02-07,kebir,El Kebir,0.247,12.9,S2A_32SMF_20240207_0_L2A,0.05,0.9,27.4,,
2024-03-23,kebir,El Kebir,0.318,9.8,S2B_32SMF_20240323_0_L2A,0.05,0.9,35.3,,
2024-04-27,kebir,El Kebir,0.196,0.0,S2A_32SMF_20240427_0_L2A,0.05,0.9,21.7,,
2024-05-12,kebir,El Kebir,0.243,0.0,S2B_32SNF_20240512_0_L2A,0.05,0.9,27.0,,
2024-06-26,kebir,El Kebir,0.037,0.0,S2A_32SMF_20240626_0_L2A,0.05,0.9,4.1,,
2024-07-31,kebir,El Kebir,0.001,0.0,S2B_32SMF_20240731_0_L2A,0.05,0.9,0.1,,
2024-08-10,kebir,El Kebir,0.001,0.0,S2B_32SMF_20240810_0_L2A,0.05,0.9,0.1,,
2024-09-29,kebir,El Kebir,0.015,1.5,S2B_32SNG_20240929_0_L2A,0.05,0.9,1.7,,
2024-10-04,kebir,El Kebir,0.001,0.9,S2A_32SNF_20241004_0_L2A,0.05,0.9,0.1,,
2024-11-03,kebir,El Kebir,0.001,0.0,S2A_32SMF_20241103_0_L2A,0.05,0.9,0.1,,
2024-12-13,kebir,El Kebir,0.366,0.0,S2A_32SMG_20241213_0_L2A,0.05,0.9,40.6,,
2025-01-07,kebir,El Kebir,0.387,7.5,S2B_32SNF_20250107_0_L2A,0.05,0.9,43.0,,
2025-02-16,kebir,El Kebir,0.547,0.0,S2B_32SNF_20250216_0_L2A,0.05,0.9,60.8,,
2025-03-08,kebir,El Kebir,0.503,9.1,S2B_32SMG_20250308_0_L2A,0.05,0.9,55.9,,
2025-04-24,kebir,El Kebir,,51.5,S2A_32SMF_20250424_0_L2A,0.05,0.9,,,
2025-05-27,kebir,El Kebir,0.207,0.0,S2B_32SMF_20250527_0_L2A,0.05,0.9,23.0,,
2025-06-23,kebir,El Kebir,0.136,0.0,S2A_32SMG_20250623_0_L2A,0.05,0.9,15.1,,
2025-07-11,kebir,El Kebir,0.071,0.0,S2C_32SMG_20250711_0_L2A,0.05,0.9,7.9,,
2025-08-25,kebir,El Kebir,0.007,0.0,S2B_32SNF_20250825_0_L2A,0.05,0.9,0.8,,
2025-09-01,kebir,El Kebir,0.008,0.0,S2A_32SNF_20250901_0_L2A,0.05,0.9,0.9,,
2025-10-21,kebir,El Kebir,0.005,0.0,S2A_32SNF_20251021_0_L2A,0.05,0.9,0.5,,
2025-11-30,kebir,El Kebir,0.519,0.0,S2A_32SMG_20251130_0_L2A,0.05,0.9,57.6,,
2025-12-08,kebir,El Kebir,0.496,47.8,S2C_32SMF_20251208_0_L2A,0.05,0.9,55.1,,
2026-01-09,kebir,El Kebir,0.232,0.0,S2A_32SNF_20260109_0_L2A,0.05,0.9,25.8,,
2026-02-26,kebir,El Kebir,1.752,0.0,S2C_32SMF_20260226_0_L2A,0.05,0.9,194.6,,
2026-03-08,kebir,El Kebir,1.656,0.0,S2C_32SMG_20260308_0_L2A,0.05,0.9,184.0,,
2026-04-29,kebir,El Kebir,0.000,0.0,S2A_32SMF_20260429_0_L2A,0.05,0.9,0.0,,
2026-05-19,kebir,El Kebir,1.357,0.0,S2A_32SMG_20260519_0_L2A,0.05,0.9,150.7,,
2026-06-28,kebir,El Kebir,0.814,0.0,S2A_32SMG_20260628_1_L2A,0.05,0.9,90.4,,
2026-07-18,kebir,El Kebir,0.511,0.0,S2A_32SMG_20260718_0_L2A,0.05,0.9,56.8,,
2026-08-17,kebir,El Kebir,0.238,0.0,S2A_32SMG_20260817_1_L2A,0.05,0.9,26.5,,
2022-01-05,douimis,Douimis,19.594,0.3,S2A_32SNG_20220105_0_L2A,0.05,0.5,3918.8,,
2022-02-09,douimis,Douimis,19.472,0.0,S2B_32SNG_20220209_0_L2A,0.05,0.5,3894.4,,
2022-03-24,douimis,Douimis,17.723,0.0,S2B_32SNG_20220324_0_L2A,0.05,0.5,3544.7,,
2022-04-08,douimis,Douimis,20.157,0.0,S2A_32SNG_20220408_0_L2A,0.05,0.5,4031.5,,
2022-05-15,douimis,Douimis,20.258,0.0,S2A_32SNG_20220515_0_L2A,0.05,0.5,4051.6,,
2022-06-24,douimis,Douimis,19.732,0.0,S2A_32SNG_20220624_0_L2A,0.05,0.5,3946.4,,
2022-07-24,douimis,Douimis,19.409,0.0,S2A_32SNG_20220724_0_L2A,0.05,0.5,3881.8,,
2022-08-13,douimis,Douimis,19.680,0.1,S2A_32SNG_20220813_0_L2A,0.05,0.5,3936.1,,
2022-09-10,douimis,Douimis,20.023,0.0,S2B_32SNG_20220910_0_L2A,0.05,0.5,4004.5,,
2022-10-22,douimis,Douimis,19.806,0.0,S2A_32SNG_20221022_0_L2A,0.05,0.5,3961.1,,
2022-11-01,douimis,Douimis,19.252,0.0,S2A_32SNG_20221101_0_L2A,0.05,0.5,3850.4,,
2022-12-04,douimis,Douimis,20.603,0.0,S2A_32SNG_20221204_0_L2A,0.05,0.5,4120.5,,
2023-01-08,douimis,Douimis,20.033,0.0,S2B_32SNG_20230108_0_L2A,0.05,0.5,4006.6,,
2023-02-19,douimis,Douimis,18.876,0.1,S2A_32SNG_20230219_0_L2A,0.05,0.5,3775.2,,
2023-03-24,douimis,Douimis,20.121,0.0,S2A_32SNG_20230324_0_L2A,0.05,0.5,4024.3,,
2023-04-08,douimis,Douimis,17.587,26.9,S2B_32SNG_20230408_0_L2A,0.05,0.5,3517.3,,
2023-05-10,douimis,Douimis,17.533,15.0,S2A_32SNG_20230510_0_L2A,0.05,0.5,3506.5,,
2023-06-29,douimis,Douimis,19.737,0.0,S2A_32SNG_20230629_0_L2A,0.05,0.5,3947.3,,
2023-07-24,douimis,Douimis,18.069,0.0,S2B_32SNG_20230724_0_L2A,0.05,0.5,3613.7,,
2023-08-16,douimis,Douimis,18.670,0.0,S2B_32SNG_20230816_0_L2A,0.05,0.5,3733.9,,
2023-09-10,douimis,Douimis,19.353,0.0,S2A_32SNG_20230910_1_L2A,0.05,0.5,3870.5,,
2023-10-10,douimis,Douimis,18.868,0.0,S2A_32SNG_20231010_0_L2A,0.05,0.5,3773.5,,
2023-11-14,douimis,Douimis,20.842,0.0,S2B_32SNG_20231114_0_L2A,0.05,0.5,4168.5,,
2023-12-26,douimis,Douimis,20.759,0.0,S2A_32SNG_20231226_0_L2A,0.05,0.5,4151.9,,
2024-01-25,douimis,Douimis,18.053,0.0,S2A_32SNG_20240125_0_L2A,0.05,0.5,3610.5,,
2024-02-22,douimis,Douimis,9.907,0.0,S2B_32SNG_20240222_1_L2A,0.05,0.5,1981.4,,
2024-03-18,douimis,Douimis,20.309,0.0,S2A_32SNG_20240318_0_L2A,0.05,0.5,4061.8,,
2024-04-04,douimis,Douimis,20.769,0.0,S2A_32SNG_20240404_0_L2A,0.05,0.5,4153.8,,
2024-05-12,douimis,Douimis,19.052,1.5,S2B_32SNG_20240512_0_L2A,0.05,0.5,3810.3,,
2024-06-28,douimis,Douimis,7.463,1.4,S2B_32SNG_20240628_0_L2A,0.05,0.5,1492.6,,
2024-07-31,douimis,Douimis,19.108,0.0,S2B_32SNG_20240731_0_L2A,0.05,0.5,3821.7,,
2024-08-12,douimis,Douimis,19.207,0.0,S2A_32SNG_20240812_0_L2A,0.05,0.5,3841.4,,
2024-09-01,douimis,Douimis,0.000,0.0,S2A_32SNG_20240901_0_L2A,0.05,0.5,0.0,,
2024-10-01,douimis,Douimis,20.187,0.0,S2A_32SNG_20241001_0_L2A,0.05,0.5,4037.4,,
2024-11-25,douimis,Douimis,20.482,0.0,S2B_32SNG_20241125_0_L2A,0.05,0.5,4096.4,,
2024-12-30,douimis,Douimis,20.133,0.0,S2A_32SNG_20241230_0_L2A,0.05,0.5,4026.5,,
2025-01-24,douimis,Douimis,19.971,2.3,S2B_32SNG_20250124_0_L2A,0.05,0.5,3994.2,,
2025-02-16,douimis,Douimis,18.249,6.7,S2B_32SNG_20250216_0_L2A,0.05,0.5,3649.8,,
2025-03-20,douimis,Douimis,18.701,0.5,S2C_32SNG_20250320_0_L2A,0.05,0.5,3740.2,,
2025-04-19,douimis,Douimis,20.362,0.0,S2C_32SNG_20250419_0_L2A,0.05,0.5,4072.3,,
2025-05-01,douimis,Douimis,19.697,0.0,S2A_32SNG_20250501_0_L2A,0.05,0.5,3939.3,,
2025-06-13,douimis,Douimis,19.278,0.0,S2B_32SNG_20250613_1_L2A,0.05,0.5,3855.6,,
2025-07-20,douimis,Douimis,19.238,0.0,S2A_32SNG_20250720_0_L2A,0.05,0.5,3847.5,,
2025-08-25,douimis,Douimis,20.369,0.0,S2B_32SNG_20250825_0_L2A,0.05,0.5,4073.7,,
2025-09-01,douimis,Douimis,19.869,0.0,S2A_32SNG_20250901_0_L2A,0.05,0.5,3973.8,,
2025-10-26,douimis,Douimis,18.176,0.4,S2C_32SNG_20251026_0_L2A,0.05,0.5,3635.2,,
2025-11-13,douimis,Douimis,20.111,0.0,S2B_32SNG_20251113_0_L2A,0.05,0.5,4022.3,,
2025-12-13,douimis,Douimis,20.511,0.0,S2B_32SNG_20251213_0_L2A,0.05,0.5,4102.3,,
2026-01-14,douimis,Douimis,21.040,0.1,S2C_32SNG_20260114_0_L2A,0.05,0.5,4208.1,,
2026-02-06,douimis,Douimis,19.637,0.0,S2C_32SNG_20260206_0_L2A,0.05,0.5,3927.4,,
2026-03-08,douimis,Douimis,18.837,6.6,S2C_32SNG_20260308_0_L2A,0.05,0.5,3767.5,,
2026-04-07,douimis,Douimis,20.227,0.0,S2C_32SNG_20260407_0_L2A,0.05,0.5,4045.3,,
2026-05-24,douimis,Douimis,19.764,0.0,S2C_32SNG_20260524_0_L2A,0.05,0.5,3952.9,,
2026-06-23,douimis,Douimis,19.247,0.0,S2C_32SNG_20260623_0_L2A,0.05,0.5,3849.5,,
2026-07-15,douimis,Douimis,19.947,0.0,S2A_32SNG_20260715_0_L2A,0.05,0.5,3989.4,,
2026-08-20,douimis,Douimis,19.469,0.0,S2B_32SNG_20260820_0_L2A,0.05,0.5,3893.8,,
2022-01-30,el-breck,El Breck,0.011,0.0,S2B_32SPF_20220130_1_L2A,0.05,0.4,2.9,,
2022-02-09,el-breck,El Breck,0.010,1.7,S2B_32SPF_20220209_0_L2A,0.05,0.4,2.6,,
2022-03-29,el-breck,El Breck,0.001,18.2,S2A_32SPF_20220329_0_L2A,0.05,0.4,0.1,,
2022-04-08,el-breck,El Breck,0.001,0.0,S2A_32SNF_20220408_0_L2A,0.05,0.4,0.3,,
2022-05-15,el-breck,El Breck,0.007,0.0,S2A_32SNF_20220515_0_L2A,0.05,0.4,1.7,,
2022-06-24,el-breck,El Breck,0.000,0.0,S2A_32SNF_20220624_0_L2A,0.05,0.4,0.0,,
2022-07-17,el-breck,El Breck,0.001,0.0,S2A_32SNF_20220717_0_L2A,0.05,0.4,0.2,,
2022-08-26,el-breck,El Breck,0.001,0.0,S2A_32SNF_20220826_0_L2A,0.05,0.4,0.3,,
2022-09-10,el-breck,El Breck,0.006,0.0,S2B_32SPF_20220910_0_L2A,0.05,0.4,1.6,,
2022-10-20,el-breck,El Breck,0.002,0.0,S2B_32SNF_20221020_0_L2A,0.05,0.4,0.4,,
2022-11-14,el-breck,El Breck,0.003,0.0,S2A_32SNF_20221114_0_L2A,0.05,0.4,0.8,,
2022-12-04,el-breck,El Breck,0.002,0.0,S2A_32SNF_20221204_0_L2A,0.05,0.4,0.4,,
2023-01-08,el-breck,El Breck,0.001,0.0,S2B_32SNF_20230108_0_L2A,0.05,0.4,0.3,,
2023-02-22,el-breck,El Breck,0.003,0.0,S2A_32SPF_20230222_0_L2A,0.05,0.4,0.7,,
2023-03-24,el-breck,El Breck,0.002,0.0,S2A_32SNF_20230324_0_L2A,0.05,0.4,0.6,,
2023-04-08,el-breck,El Breck,0.002,0.2,S2B_32SPF_20230408_0_L2A,0.05,0.4,0.6,,
2023-05-28,el-breck,El Breck,0.001,0.0,S2B_32SNF_20230528_0_L2A,0.05,0.4,0.3,,
2023-06-22,el-breck,El Breck,0.008,0.0,S2A_32SNF_20230622_1_L2A,0.05,0.4,1.9,,
2023-07-14,el-breck,El Breck,0.010,0.0,S2B_32SNF_20230714_0_L2A,0.05,0.4,2.6,,
2023-08-26,el-breck,El Breck,0.004,0.0,S2B_32SPF_20230826_0_L2A,0.05,0.4,1.0,,
2023-09-15,el-breck,El Breck,0.007,0.0,S2B_32SPF_20230915_0_L2A,0.05,0.4,1.8,,
2023-10-10,el-breck,El Breck,0.003,0.0,S2A_32SNF_20231010_0_L2A,0.05,0.4,0.6,,
2023-11-14,el-breck,El Breck,0.002,0.0,S2B_32SPF_20231114_0_L2A,0.05,0.4,0.5,,
2023-12-26,el-breck,El Breck,0.019,0.0,S2A_32SNF_20231226_0_L2A,0.05,0.4,4.8,,
2024-01-25,el-breck,El Breck,0.017,0.0,S2A_32SNF_20240125_0_L2A,0.05,0.4,4.2,,
2024-02-04,el-breck,El Breck,0.017,0.0,S2A_32SPF_20240204_0_L2A,0.05,0.4,4.3,,
2024-03-30,el-breck,El Breck,0.001,0.0,S2B_32SNF_20240330_0_L2A,0.05,0.4,0.3,,
2024-04-04,el-breck,El Breck,0.014,0.0,S2A_32SNF_20240404_1_L2A,0.05,0.4,3.5,,
2024-05-12,el-breck,El Breck,0.018,0.0,S2B_32SNF_20240512_0_L2A,0.05,0.4,4.5,,
2024-06-26,el-breck,El Breck,0.014,0.0,S2A_32SNF_20240626_0_L2A,0.05,0.4,3.4,,
2024-07-31,el-breck,El Breck,0.007,0.0,S2B_32SNF_20240731_0_L2A,0.05,0.4,1.8,,
2024-08-10,el-breck,El Breck,0.007,0.0,S2B_32SPF_20240810_0_L2A,0.05,0.4,1.7,,
2024-09-01,el-breck,El Breck,0.000,0.0,S2A_32SNF_20240901_0_L2A,0.05,0.4,0.0,,
2024-10-01,el-breck,El Breck,0.015,0.0,S2A_32SNF_20241001_0_L2A,0.05,0.4,3.7,,
2024-11-25,el-breck,El Breck,0.017,0.0,S2B_32SNF_20241125_0_L2A,0.05,0.4,4.3,,
2024-12-10,el-breck,El Breck,0.016,0.0,S2A_32SNF_20241210_0_L2A,0.05,0.4,4.0,,
2025-01-24,el-breck,El Breck,0.019,0.0,S2B_32SNF_20250124_0_L2A,0.05,0.4,4.7,,
2025-02-16,el-breck,El Breck,0.019,1.8,S2B_32SPF_20250216_0_L2A,0.05,0.4,4.8,,
2025-03-15,el-breck,El Breck,0.000,5.1,S2B_32SNF_20250315_0_L2A,0.05,0.4,0.0,,
2025-04-19,el-breck,El Breck,0.020,0.0,S2C_32SNF_20250419_0_L2A,0.05,0.4,4.9,,
2025-05-31,el-breck,El Breck,0.014,0.0,S2A_32SNF_20250531_0_L2A,0.05,0.4,3.6,,
2025-06-23,el-breck,El Breck,0.011,0.0,S2B_32SPF_20250623_1_L2A,0.05,0.4,2.8,,
2025-07-23,el-breck,El Breck,0.007,0.0,S2A_32SNF_20250723_0_L2A,0.05,0.4,1.7,,
2025-08-25,el-breck,El Breck,0.011,0.0,S2B_32SNF_20250825_0_L2A,0.05,0.4,2.6,,
2025-09-01,el-breck,El Breck,0.014,0.0,S2A_32SNF_20250901_0_L2A,0.05,0.4,3.4,,
2025-10-08,el-breck,El Breck,0.012,0.0,S2A_32SNF_20251008_0_L2A,0.05,0.4,3.0,,
2025-11-30,el-breck,El Breck,0.004,0.0,S2A_32SNF_20251130_1_L2A,0.05,0.4,1.0,,
2025-12-08,el-breck,El Breck,0.009,0.7,S2C_32SNF_20251208_0_L2A,0.05,0.4,2.3,,
2026-01-09,el-breck,El Breck,0.021,0.0,S2A_32SNF_20260109_0_L2A,0.05,0.4,5.1,,
2026-02-26,el-breck,El Breck,0.026,0.0,S2C_32SNF_20260226_0_L2A,0.05,0.4,6.5,,
2026-03-18,el-breck,El Breck,0.029,0.4,S2C_32SNF_20260318_0_L2A,0.05,0.4,7.3,,
2026-04-07,el-breck,El Breck,0.027,0.0,S2C_32SNF_20260407_0_L2A,0.05,0.4,6.8,,
2026-05-29,el-breck,El Breck,0.015,0.0,S2B_32SPF_20260529_0_L2A,0.05,0.4,3.7,,
2026-06-18,el-breck,El Breck,0.013,0.0,S2B_32SNF_20260618_0_L2A,0.05,0.4,3.2,,
2026-07-25,el-breck,El Breck,0.006,0.0,S2A_32SNF_20260725_0_L2A,0.05,0.4,1.5,,
2026-08-20,el-breck,El Breck,0.005,0.0,S2B_32SNF_20260820_0_L2A,0.05,0.4,1.2,,
2022-01-30,sidi-abdelmoumen,Sidi Abdelmoumen,0.001,0.0,S2B_32SNE_20220130_0_L2A,0.05,0.9,0.1,,
2022-02-07,sidi-abdelmoumen,Sidi Abdelmoumen,0.000,0.0,S2A_32SNE_20220207_0_L2A,0.05,0.9,0.0,,
2022-03-29,sidi-abdelmoumen,Sidi Abdelmoumen,0.018,0.0,S2A_32SNE_20220329_0_L2A,0.05,0.9,2.0,,
2022-04-08,sidi-abdelmoumen,Sidi Abdelmoumen,0.073,0.0,S2A_32SNE_20220408_0_L2A,0.05,0.9,8.1,,
2022-05-23,sidi-abdelmoumen,Sidi Abdelmoumen,0.091,0.0,S2B_32SNE_20220523_0_L2A,0.05,0.9,10.1,,
2022-06-24,sidi-abdelmoumen,Sidi Abdelmoumen,0.032,0.0,S2A_32SNE_20220624_0_L2A,0.05,0.9,3.6,,
2022-07-19,sidi-abdelmoumen,Sidi Abdelmoumen,0.021,0.0,S2B_32SNE_20220719_0_L2A,0.05,0.9,2.3,,
2022-08-13,sidi-abdelmoumen,Sidi Abdelmoumen,0.013,0.0,S2A_32SNE_20220813_0_L2A,0.05,0.9,1.5,,
2022-09-15,sidi-abdelmoumen,Sidi Abdelmoumen,0.001,0.0,S2A_32SNE_20220915_0_L2A,0.05,0.9,0.2,,
2022-10-20,sidi-abdelmoumen,Sidi Abdelmoumen,0.002,0.0,S2B_32SNE_20221020_0_L2A,0.05,0.9,0.2,,
2022-11-21,sidi-abdelmoumen,Sidi Abdelmoumen,0.003,0.0,S2A_32SNE_20221121_0_L2A,0.05,0.9,0.4,,
2022-12-26,sidi-abdelmoumen,Sidi Abdelmoumen,0.003,0.0,S2B_32SNE_20221226_0_L2A,0.05,0.9,0.4,,
2023-01-03,sidi-abdelmoumen,Sidi Abdelmoumen,0.002,0.0,S2A_32SNE_20230103_0_L2A,0.05,0.9,0.2,,
2023-02-22,sidi-abdelmoumen,Sidi Abdelmoumen,0.000,0.0,S2A_32SNE_20230222_0_L2A,0.05,0.9,0.0,,
2023-03-24,sidi-abdelmoumen,Sidi Abdelmoumen,0.002,0.0,S2A_32SNE_20230324_0_L2A,0.05,0.9,0.2,,
2023-04-08,sidi-abdelmoumen,Sidi Abdelmoumen,0.001,0.0,S2B_32SNE_20230408_0_L2A,0.05,0.9,0.2,,
2023-05-18,sidi-abdelmoumen,Sidi Abdelmoumen,0.002,0.0,S2B_32SNE_20230518_0_L2A,0.05,0.9,0.2,,
2023-06-27,sidi-abdelmoumen,Sidi Abdelmoumen,0.031,0.0,S2B_32SNE_20230627_0_L2A,0.05,0.9,3.4,,
2023-07-24,sidi-abdelmoumen,Sidi Abdelmoumen,0.000,0.0,S2B_32SNE_20230724_0_L2A,0.05,0.9,0.0,,
2023-08-13,sidi-abdelmoumen,Sidi Abdelmoumen,0.000,0.0,S2B_32SNE_20230813_0_L2A,0.05,0.9,0.0,,
2023-09-17,sidi-abdelmoumen,Sidi Abdelmoumen,0.000,0.0,S2A_32SNE_20230917_0_L2A,0.05,0.9,0.0,,
2023-10-12,sidi-abdelmoumen,Sidi Abdelmoumen,0.000,0.0,S2B_32SNE_20231012_0_L2A,0.05,0.9,0.0,,
2023-11-14,sidi-abdelmoumen,Sidi Abdelmoumen,0.000,0.0,S2B_32SNE_20231114_0_L2A,0.05,0.9,0.0,,
2023-12-26,sidi-abdelmoumen,Sidi Abdelmoumen,0.004,0.0,S2A_32SNE_20231226_0_L2A,0.05,0.9,0.4,,
2024-01-25,sidi-abdelmoumen,Sidi Abdelmoumen,0.000,0.0,S2A_32SNE_20240125_0_L2A,0.05,0.9,0.0,,
2024-02-04,sidi-abdelmoumen,Sidi Abdelmoumen,0.000,0.0,S2A_32SNE_20240204_0_L2A,0.05,0.9,0.0,,
2024-03-20,sidi-abdelmoumen,Sidi Abdelmoumen,0.000,0.0,S2B_32SNE_20240320_0_L2A,0.05,0.9,0.0,,
2024-04-04,sidi-abdelmoumen,Sidi Abdelmoumen,0.000,0.0,S2A_32SNE_20240404_0_L2A,0.05,0.9,0.0,,
2024-05-27,sidi-abdelmoumen,Sidi Abdelmoumen,0.000,0.0,S2A_32SNE_20240527_1_L2A,0.05,0.9,0.0,,
2024-06-06,sidi-abdelmoumen,Sidi Abdelmoumen,0.000,0.0,S2A_32SNE_20240606_0_L2A,0.05,0.9,0.0,,
2024-07-11,sidi-abdelmoumen,Sidi Abdelmoumen,0.000,0.0,S2B_32SNE_20240711_0_L2A,0.05,0.9,0.0,,
2024-08-12,sidi-abdelmoumen,Sidi Abdelmoumen,0.000,0.0,S2A_32SNE_20240812_0_L2A,0.05,0.9,0.0,,
2024-09-01,sidi-abdelmoumen,Sidi Abdelmoumen,0.000,0.0,S2A_32SNE_20240901_0_L2A,0.05,0.9,0.0,,
2024-10-01,sidi-abdelmoumen,Sidi Abdelmoumen,0.003,0.0,S2A_32SNE_20241001_0_L2A,0.05,0.9,0.3,,
2024-11-25,sidi-abdelmoumen,Sidi Abdelmoumen,0.003,0.0,S2B_32SNE_20241125_0_L2A,0.05,0.9,0.3,,
2024-12-18,sidi-abdelmoumen,Sidi Abdelmoumen,0.001,0.0,S2B_32SNE_20241218_0_L2A,0.05,0.9,0.1,,
2025-01-24,sidi-abdelmoumen,Sidi Abdelmoumen,0.001,0.0,S2B_32SNE_20250124_0_L2A,0.05,0.9,0.1,,
2025-02-18,sidi-abdelmoumen,Sidi Abdelmoumen,0.001,0.0,S2C_32SNE_20250218_0_L2A,0.05,0.9,0.1,,
2025-03-22,sidi-abdelmoumen,Sidi Abdelmoumen,0.000,0.0,S2A_32SNE_20250322_0_L2A,0.05,0.9,0.0,,
2025-04-04,sidi-abdelmoumen,Sidi Abdelmoumen,0.000,0.0,S2B_32SNE_20250404_0_L2A,0.05,0.9,0.0,,
2025-05-27,sidi-abdelmoumen,Sidi Abdelmoumen,0.035,0.0,S2B_32SNE_20250527_0_L2A,0.05,0.9,3.8,,
2025-06-13,sidi-abdelmoumen,Sidi Abdelmoumen,0.011,0.0,S2B_32SNE_20250613_1_L2A,0.05,0.9,1.3,,
2025-07-23,sidi-abdelmoumen,Sidi Abdelmoumen,0.002,0.0,S2A_32SNE_20250723_0_L2A,0.05,0.9,0.2,,
2025-08-05,sidi-abdelmoumen,Sidi Abdelmoumen,0.002,0.0,S2B_32SNE_20250805_0_L2A,0.05,0.9,0.2,,
2025-09-01,sidi-abdelmoumen,Sidi Abdelmoumen,0.000,0.0,S2B_32SNE_20250901_1_L2A,0.05,0.9,0.0,,
2025-10-08,sidi-abdelmoumen,Sidi Abdelmoumen,0.000,0.0,S2A_32SNE_20251008_0_L2A,0.05,0.9,0.0,,
2025-11-30,sidi-abdelmoumen,Sidi Abdelmoumen,0.001,0.0,S2A_32SNE_20251130_1_L2A,0.05,0.9,0.1,,
2025-12-28,sidi-abdelmoumen,Sidi Abdelmoumen,0.001,0.0,S2C_32SNE_20251228_0_L2A,0.05,0.9,0.2,,
2026-01-09,sidi-abdelmoumen,Sidi Abdelmoumen,0.001,0.0,S2A_32SNE_20260109_0_L2A,0.05,0.9,0.1,,
2026-02-26,sidi-abdelmoumen,Sidi Abdelmoumen,0.000,0.0,S2C_32SNE_20260226_0_L2A,0.05,0.9,0.0,,
2026-03-18,sidi-abdelmoumen,Sidi Abdelmoumen,0.000,0.0,S2C_32SNE_20260318_0_L2A,0.05,0.9,0.0,,
2026-04-07,sidi-abdelmoumen,Sidi Abdelmoumen,0.000,0.0,S2C_32SNE_20260407_0_L2A,0.05,0.9,0.0,,
2026-05-24,sidi-abdelmoumen,Sidi Abdelmoumen,0.000,0.0,S2C_32SNE_20260524_0_L2A,0.05,0.9,0.0,,
2026-06-28,sidi-abdelmoumen,Sidi Abdelmoumen,0.000,0.0,S2A_32SNE_20260628_1_L2A,0.05,0.9,0.0,,
2026-07-16,sidi-abdelmoumen,Sidi Abdelmoumen,0.000,0.0,S2C_32SNE_20260716_0_L2A,0.05,0.9,0.0,,
2026-08-20,sidi-abdelmoumen,Sidi Abdelmoumen,0.000,0.0,S2B_32SNE_20260820_0_L2A,0.05,0.9,0.0,,
2022-01-30,rmel,Rmel,0.078,0.0,S2B_32SPF_20220130_1_L2A,0.05,0.6,13.0,,
2022-02-09,rmel,Rmel,0.063,1.8,S2B_32SPF_20220209_0_L2A,0.05,0.6,10.5,,
2022-03-01,rmel,Rmel,0.017,22.4,S2B_32SPF_20220301_0_L2A,0.05,0.6,2.9,,
2022-04-25,rmel,Rmel,0.036,0.0,S2A_32SPF_20220425_0_L2A,0.05,0.6,6.0,,
2022-05-20,rmel,Rmel,0.008,0.9,S2B_32SPF_20220520_0_L2A,0.05,0.6,1.3,,
2022-06-14,rmel,Rmel,0.013,0.0,S2A_32SPF_20220614_0_L2A,0.05,0.6,2.1,,
2022-07-19,rmel,Rmel,0.009,0.0,S2B_32SPF_20220719_0_L2A,0.05,0.6,1.4,,
2022-08-13,rmel,Rmel,0.016,0.0,S2A_32SPF_20220813_0_L2A,0.05,0.6,2.6,,
2022-09-12,rmel,Rmel,0.028,0.0,S2A_32SPF_20220912_0_L2A,0.05,0.6,4.6,,
2022-10-22,rmel,Rmel,0.023,0.0,S2A_32SPF_20221022_0_L2A,0.05,0.6,3.9,,
2022-11-21,rmel,Rmel,0.041,0.0,S2A_32SPF_20221121_0_L2A,0.05,0.6,6.8,,
2022-12-21,rmel,Rmel,0.031,0.0,S2A_32SPF_20221221_0_L2A,0.05,0.6,5.1,,
2023-01-15,rmel,Rmel,0.018,0.1,S2B_32SPF_20230115_0_L2A,0.05,0.6,3.0,,
2023-02-19,rmel,Rmel,0.025,0.0,S2A_32SPF_20230219_0_L2A,0.05,0.6,4.2,,
2023-03-26,rmel,Rmel,0.020,0.0,S2B_32SPF_20230326_0_L2A,0.05,0.6,3.3,,
2023-04-10,rmel,Rmel,0.027,0.0,S2A_32SPF_20230410_0_L2A,0.05,0.6,4.5,,
2023-06-29,rmel,Rmel,0.026,0.0,S2A_32SPF_20230629_0_L2A,0.05,0.6,4.3,,
2023-07-24,rmel,Rmel,0.001,0.0,S2B_32SPF_20230724_0_L2A,0.05,0.6,0.2,,
2023-08-18,rmel,Rmel,0.011,0.0,S2A_32SPF_20230818_0_L2A,0.05,0.6,1.8,,
2023-09-17,rmel,Rmel,0.004,0.0,S2A_32SPF_20230917_0_L2A,0.05,0.6,0.6,,
2023-10-12,rmel,Rmel,0.014,0.0,S2B_32SPF_20231012_0_L2A,0.05,0.6,2.4,,
2023-11-16,rmel,Rmel,0.018,0.0,S2A_32SPF_20231116_0_L2A,0.05,0.6,3.0,,
2023-12-26,rmel,Rmel,0.177,0.0,S2A_32SPF_20231226_0_L2A,0.05,0.6,29.4,,
2024-01-25,rmel,Rmel,0.165,9.6,S2A_32SPF_20240125_0_L2A,0.05,0.6,27.6,,
2024-02-04,rmel,Rmel,0.168,0.0,S2A_32SPF_20240204_0_L2A,0.05,0.6,28.0,,
2024-03-30,rmel,Rmel,0.000,0.0,S2B_32SPF_20240330_0_L2A,0.05,0.6,0.0,,
2024-04-04,rmel,Rmel,0.115,0.0,S2A_32SPF_20240404_1_L2A,0.05,0.6,19.1,,
2024-05-19,rmel,Rmel,0.110,0.0,S2B_32SPF_20240519_0_L2A,0.05,0.6,18.2,,
2024-06-28,rmel,Rmel,0.007,0.0,S2B_32SPF_20240628_0_L2A,0.05,0.6,1.2,,
2024-07-13,rmel,Rmel,0.008,0.0,S2A_32SPF_20240713_0_L2A,0.05,0.6,1.3,,
2024-08-12,rmel,Rmel,0.005,0.0,S2A_32SPF_20240812_0_L2A,0.05,0.6,0.9,,
2024-09-01,rmel,Rmel,0.000,0.0,S2A_32SPF_20240901_0_L2A,0.05,0.6,0.0,,
2024-10-01,rmel,Rmel,0.090,0.0,S2A_32SPF_20241001_0_L2A,0.05,0.6,15.1,,
2024-11-20,rmel,Rmel,0.133,0.0,S2A_32SPF_20241120_0_L2A,0.05,0.6,22.2,,
2024-12-10,rmel,Rmel,0.123,0.0,S2A_32SPF_20241210_0_L2A,0.05,0.6,20.5,,
2025-01-24,rmel,Rmel,0.170,0.0,S2B_32SPF_20250124_0_L2A,0.05,0.6,28.4,,
2025-02-18,rmel,Rmel,0.045,41.2,S2C_32SPF_20250218_1_L2A,0.05,0.6,7.5,,
2025-03-15,rmel,Rmel,0.002,1.4,S2B_32SPF_20250315_0_L2A,0.05,0.6,0.3,,
2025-04-24,rmel,Rmel,0.089,25.5,S2B_32SPF_20250424_0_L2A,0.05,0.6,14.8,,
2025-05-31,rmel,Rmel,0.091,0.0,S2A_32SPF_20250531_0_L2A,0.05,0.6,15.2,,
2025-06-23,rmel,Rmel,0.082,0.0,S2B_32SPF_20250623_1_L2A,0.05,0.6,13.7,,
2025-07-20,rmel,Rmel,0.087,0.0,S2A_32SPF_20250720_0_L2A,0.05,0.6,14.6,,
2025-08-07,rmel,Rmel,0.076,0.0,S2C_32SPF_20250807_1_L2A,0.05,0.6,12.7,,
2025-09-01,rmel,Rmel,0.022,0.0,S2B_32SPF_20250901_1_L2A,0.05,0.6,3.6,,
2025-10-08,rmel,Rmel,0.043,0.1,S2A_32SPF_20251008_0_L2A,0.05,0.6,7.2,,
2025-11-20,rmel,Rmel,0.062,0.0,S2B_32SPF_20251120_1_L2A,0.05,0.6,10.3,,
2025-12-30,rmel,Rmel,0.042,13.2,S2B_32SPF_20251230_1_L2A,0.05,0.6,6.9,,
2026-01-09,rmel,Rmel,0.099,0.0,S2B_32SPF_20260109_1_L2A,0.05,0.6,16.5,,
2026-02-18,rmel,Rmel,0.183,0.7,S2B_32SPF_20260218_0_L2A,0.05,0.6,30.6,,
2026-03-25,rmel,Rmel,0.138,0.7,S2C_32SPF_20260325_1_L2A,0.05,0.6,22.9,,
2026-04-06,rmel,Rmel,0.183,0.0,S2A_32SPF_20260406_0_L2A,0.05,0.6,30.5,,
2026-05-29,rmel,Rmel,0.094,0.0,S2B_32SPF_20260529_0_L2A,0.05,0.6,15.6,,
2026-06-05,rmel,Rmel,0.105,0.0,S2A_32SPF_20260605_0_L2A,0.05,0.6,17.6,,
2026-07-08,rmel,Rmel,0.050,0.0,S2B_32SPF_20260708_0_L2A,0.05,0.6,8.2,,
2026-08-02,rmel,Rmel,0.011,0.0,S2C_32SPF_20260802_0_L2A,0.05,0.6,1.9,,
2022-01-28,el-abid,El Abid Upper,0.000,0.0,S2A_32SME_20220128_0_L2A,0.05,0.5,0.0,,
2022-02-07,el-abid,El Abid Upper,0.000,0.0,S2A_32SME_20220207_0_L2A,0.05,0.5,0.0,,
2022-03-14,el-abid,El Abid Upper,0.000,0.0,S2B_32SME_20220314_0_L2A,0.05,0.5,0.0,,
2022-04-08,el-abid,El Abid Upper,0.000,0.0,S2A_32SME_20220408_0_L2A,0.05,0.5,0.0,,
2022-05-18,el-abid,El Abid Upper,0.000,0.0,S2A_32SME_20220518_0_L2A,0.05,0.5,0.0,,
2022-06-12,el-abid,El Abid Upper,0.000,0.0,S2B_32SME_20220612_0_L2A,0.05,0.5,0.0,,
2022-07-17,el-abid,El Abid Upper,0.000,0.0,S2A_32SME_20220717_0_L2A,0.05,0.5,0.0,,
2022-08-21,el-abid,El Abid Upper,0.000,0.0,S2B_32SME_20220821_0_L2A,0.05,0.5,0.0,,
2022-09-15,el-abid,El Abid Upper,0.014,0.0,S2A_32SME_20220915_0_L2A,0.05,0.5,2.8,,
2022-10-15,el-abid,El Abid Upper,0.025,0.0,S2A_32SME_20221015_0_L2A,0.05,0.5,5.0,,
2022-11-14,el-abid,El Abid Upper,0.015,0.0,S2A_32SME_20221114_0_L2A,0.05,0.5,3.1,,
2022-12-04,el-abid,El Abid Upper,0.013,0.0,S2A_32SME_20221204_0_L2A,0.05,0.5,2.5,,
2023-01-08,el-abid,El Abid Upper,0.004,0.0,S2B_32SME_20230108_0_L2A,0.05,0.5,0.8,,
2023-02-22,el-abid,El Abid Upper,0.000,0.0,S2A_32SME_20230222_0_L2A,0.05,0.5,0.0,,
2023-03-24,el-abid,El Abid Upper,0.000,0.0,S2A_32SME_20230324_0_L2A,0.05,0.5,0.0,,
2023-04-08,el-abid,El Abid Upper,0.000,0.0,S2B_32SME_20230408_0_L2A,0.05,0.5,0.0,,
2023-05-18,el-abid,El Abid Upper,0.005,0.0,S2B_32SME_20230518_0_L2A,0.05,0.5,0.9,,
2023-06-17,el-abid,El Abid Upper,0.075,0.0,S2B_32SME_20230617_0_L2A,0.05,0.5,15.1,,
2023-07-02,el-abid,El Abid Upper,0.068,0.0,S2A_32SME_20230702_0_L2A,0.05,0.5,13.5,,
2023-08-11,el-abid,El Abid Upper,0.043,0.0,S2A_32SME_20230811_0_L2A,0.05,0.5,8.7,,
2023-09-10,el-abid,El Abid Upper,0.046,0.0,S2A_32SME_20230910_1_L2A,0.05,0.5,9.1,,
2023-10-10,el-abid,El Abid Upper,0.031,0.0,S2A_32SME_20231010_0_L2A,0.05,0.5,6.2,,
2023-11-19,el-abid,El Abid Upper,0.027,0.0,S2A_32SME_20231119_0_L2A,0.05,0.5,5.3,,
2023-12-24,el-abid,El Abid Upper,0.026,0.0,S2B_32SME_20231224_0_L2A,0.05,0.5,5.2,,
2024-01-03,el-abid,El Abid Upper,0.022,0.0,S2B_32SME_20240103_0_L2A,0.05,0.5,4.5,,
2024-02-07,el-abid,El Abid Upper,0.025,0.0,S2A_32SME_20240207_0_L2A,0.05,0.5,5.0,,
2024-03-23,el-abid,El Abid Upper,0.013,0.0,S2B_32SME_20240323_0_L2A,0.05,0.5,2.6,,
2024-04-27,el-abid,El Abid Upper,0.010,0.1,S2A_32SME_20240427_0_L2A,0.05,0.5,2.0,,
2024-05-27,el-abid,El Abid Upper,0.008,0.0,S2A_32SME_20240527_1_L2A,0.05,0.5,1.7,,
2024-06-26,el-abid,El Abid Upper,0.008,0.0,S2A_32SME_20240626_0_L2A,0.05,0.5,1.6,,
2024-07-11,el-abid,El Abid Upper,0.007,0.0,S2B_32SME_20240711_0_L2A,0.05,0.5,1.4,,
2024-08-05,el-abid,El Abid Upper,0.004,0.0,S2A_32SME_20240805_0_L2A,0.05,0.5,0.9,,
2024-09-04,el-abid,El Abid Upper,0.008,7.6,S2A_32SME_20240904_0_L2A,0.05,0.5,1.6,,
2024-10-14,el-abid,El Abid Upper,0.007,0.0,S2A_32SME_20241014_0_L2A,0.05,0.5,1.4,,
2024-11-03,el-abid,El Abid Upper,0.007,0.0,S2A_32SME_20241103_0_L2A,0.05,0.5,1.5,,
2024-12-13,el-abid,El Abid Upper,0.005,0.0,S2C_32SME_20241213_1_L2A,0.05,0.5,1.0,,
2025-01-07,el-abid,El Abid Upper,0.004,3.3,S2B_32SME_20250107_0_L2A,0.05,0.5,0.9,,
2025-02-11,el-abid,El Abid Upper,0.009,0.0,S2C_32SME_20250211_0_L2A,0.05,0.5,1.7,,
2025-03-08,el-abid,El Abid Upper,0.006,0.0,S2B_32SME_20250308_0_L2A,0.05,0.5,1.1,,
2025-04-24,el-abid,El Abid Upper,0.015,0.0,S2A_32SME_20250424_0_L2A,0.05,0.5,3.0,,
2025-05-27,el-abid,El Abid Upper,0.041,0.0,S2B_32SME_20250527_0_L2A,0.05,0.5,8.2,,
2025-06-03,el-abid,El Abid Upper,0.038,0.0,S2A_32SME_20250603_0_L2A,0.05,0.5,7.7,,
2025-07-23,el-abid,El Abid Upper,0.025,0.0,S2A_32SME_20250723_0_L2A,0.05,0.5,5.0,,
2025-08-05,el-abid,El Abid Upper,0.024,0.0,S2B_32SME_20250805_0_L2A,0.05,0.5,4.7,,
2025-09-01,el-abid,El Abid Upper,0.011,0.0,S2A_32SME_20250901_1_L2A,0.05,0.5,2.2,,
2025-10-24,el-abid,El Abid Upper,0.025,0.0,S2B_32SME_20251024_0_L2A,0.05,0.5,5.0,,
2025-11-30,el-abid,El Abid Upper,0.013,0.0,S2A_32SME_20251130_0_L2A,0.05,0.5,2.6,,
2025-12-28,el-abid,El Abid Upper,0.013,0.0,S2C_32SME_20251228_0_L2A,0.05,0.5,2.6,,
2026-01-09,el-abid,El Abid Upper,0.013,0.0,S2A_32SME_20260109_0_L2A,0.05,0.5,2.6,,
2026-02-06,el-abid,El Abid Upper,0.013,0.0,S2C_32SME_20260206_0_L2A,0.05,0.5,2.7,,
2026-03-18,el-abid,El Abid Upper,0.012,0.0,S2C_32SME_20260318_0_L2A,0.05,0.5,2.5,,
2026-04-07,el-abid,El Abid Upper,0.011,0.0,S2C_32SME_20260407_0_L2A,0.05,0.5,2.2,,
2026-05-19,el-abid,El Abid Upper,0.010,0.0,S2A_32SME_20260519_0_L2A,0.05,0.5,1.9,,
2026-06-21,el-abid,El Abid Upper,0.009,0.0,S2B_32SME_20260621_0_L2A,0.05,0.5,1.9,,
2026-07-08,el-abid,El Abid Upper,0.008,0.0,S2A_32SME_20260708_0_L2A,0.05,0.5,1.7,,
2026-08-25,el-abid,El Abid Upper,0.000,0.0,S2C_32SME_20260825_0_L2A,0.05,0.5,0.0,,
2026-09-13,sidi-salem,Sidi Salem,18.151,0.0,S2B_32SNF_20260909_0_L2A,0.05,28.8,63.0,17.573,0.968
2026-09-13,sidi-el-barrak,Sidi El Barrak,17.904,0.0,S2B_32SMF_20260909_0_L2A,0.05,15.5,115.5,17.841,0.996
2026-09-13,zerga,Zerga,0.197,0.0,S2B_32SNF_20260909_0_L2A,0.05,1.5,13.2,0.147,0.745
2026-09-13,beni-mtir,Beni Mtir,2.782,0.0,S2B_32SMF_20260909_0_L2A,0.05,3.5,79.5,2.799,0.994
2026-09-13,bou-heurtma,Bou Heurtma,4.367,0.0,S2B_32SMF_20260909_0_L2A,0.05,5.0,87.3,4.210,0.964
2026-09-13,barbara,Barbara,0.086,0.0,S2B_32SMF_20260909_0_L2A,0.05,4.0,2.2,0.083,0.957
2026-09-13,siliana,Siliana,1.108,0.0,S2B_32SNE_20260909_0_L2A,0.05,3.0,36.9,1.201,0.922
2026-09-13,rmil,Rmil,1.933,0.0,S2B_32SNF_20260909_0_L2A,0.05,1.5,128.8,1.782,0.922
2026-09-13,bir-mcherga,Bir Mcherga,0.622,0.0,S2B_32SNF_20260909_0_L2A,0.05,4.5,13.8,0.569,0.915
2026-09-13,sidi-saad,Sidi Saad,3.107,0.0,S2B_32SNE_20260909_0_L2A,0.05,10.0,31.1,3.115,0.998
2026-09-13,chiba,Chiba,0.174,7.2,S2B_32SPF_20260906_0_L2A,0.05,0.7,24.9,0.041,0.237
2026-09-13,masri,Masri,0.066,0.0,S2B_32SPF_20260906_0_L2A,0.05,0.9,7.3,0.070,0.939
2026-09-13,lebna,Lebna,5.144,0.2,S2B_32SPF_20260906_0_L2A,0.05,3.0,171.5,5.216,0.986
2026-09-13,ziatine,Ziatine,3.186,0.0,S2B_32SNG_20260909_0_L2A,0.05,0.9,354.0,2.916,0.915
2026-09-13,gamgoum,Gamgoum,0.079,0.0,S2B_32SNF_20260909_0_L2A,0.05,0.6,13.1,0.138,0.569
2026-09-13,melah,El Melah,1.163,46.5,S2C_32SNG_20260911_0_L2A,0.05,0.8,145.4,1.210,0.961
2026-09-13,bou-hertma-lower,Bou Heurtma Lower,0.095,0.0,S2B_32SMF_20260909_0_L2A,0.05,0.9,10.5,0.036,0.377
2026-09-13,kebir,El Kebir,0.137,0.0,S2B_32SMF_20260909_0_L2A,0.05,0.9,15.2,0.144,0.948
2026-09-13,douimis,Douimis,,55.2,S2C_32SNG_20260911_0_L2A,0.05,0.5,,,
2026-09-13,el-breck,El Breck,0.009,0.0,S2B_32SNF_20260909_0_L2A,0.05,0.4,2.2,0.015,0.583
2026-09-13,sidi-abdelmoumen,Sidi Abdelmoumen,0.003,0.0,S2B_32SNE_20260909_0_L2A,0.05,0.9,0.4,0.009,0.375
2026-09-13,rmel,Rmel,0.012,0.9,S2B_32SPF_20260906_0_L2A,0.05,0.6,2.0,0.212,0.056
2026-09-13,el-abid,El Abid Upper,0.000,0.0,S2B_32SME_20260909_0_L2A,0.05,0.5,0.0,0.000,1.000
2022-01-28,sejnane,Sejnane,0.283,0.0,S2A_32SMF_20220128_0_L2A,0.05,3.668,7.7,,
2022-02-22,sejnane,Sejnane,,55.9,S2B_32SNG_20220222_0_L2A,0.05,3.668,,,
2022-03-14,sejnane,Sejnane,0.286,0.0,S2B_32SMF_20220314_0_L2A,0.05,3.668,7.8,,
2022-04-08,sejnane,Sejnane,0.284,0.0,S2A_32SNF_20220408_0_L2A,0.05,3.668,7.7,,
2022-05-13,sejnane,Sejnane,1.312,0.0,S2B_32SMG_20220513_0_L2A,0.05,3.668,35.8,,
2022-06-17,sejnane,Sejnane,0.084,0.0,S2A_32SMF_20220617_0_L2A,0.05,3.668,2.3,,
2022-07-17,sejnane,Sejnane,2.374,0.0,S2A_32SMG_20220717_0_L2A,0.05,3.668,64.7,,
2022-08-26,sejnane,Sejnane,0.001,0.0,S2A_32SNF_20220826_0_L2A,0.05,3.668,0.0,,
2022-09-10,sejnane,Sejnane,0.000,0.0,S2B_32SNF_20220910_0_L2A,0.05,3.668,0.0,,
2022-10-20,sejnane,Sejnane,0.004,0.0,S2B_32SMF_20221020_0_L2A,0.05,3.668,0.1,,
2022-11-14,sejnane,Sejnane,0.029,0.0,S2A_32SMF_20221114_0_L2A,0.05,3.668,0.8,,
2022-12-04,sejnane,Sejnane,3.707,0.0,S2A_32SMG_20221204_0_L2A,0.05,3.668,101.1,,
2023-01-08,sejnane,Sejnane,0.076,0.0,S2B_32SNF_20230108_0_L2A,0.05,3.668,2.1,,
2023-02-22,sejnane,Sejnane,0.056,0.0,S2A_32SNF_20230222_0_L2A,0.05,3.668,1.5,,
2023-03-24,sejnane,Sejnane,0.063,0.0,S2A_32SMF_20230324_0_L2A,0.05,3.668,1.7,,
2023-04-08,sejnane,Sejnane,0.094,0.0,S2B_32SNF_20230408_0_L2A,0.05,3.668,2.6,,
2023-05-03,sejnane,Sejnane,,87.4,S2A_32SMG_20230503_0_L2A,0.05,3.668,,,
2023-06-12,sejnane,Sejnane,1.413,0.0,S2A_32SMG_20230612_0_L2A,0.05,3.668,38.5,,
2023-07-12,sejnane,Sejnane,0.127,0.0,S2A_32SMG_20230712_0_L2A,0.05,3.668,3.5,,
2023-08-26,sejnane,Sejnane,0.000,0.0,S2B_32SMF_20230826_0_L2A,0.05,3.668,0.0,,
2023-09-10,sejnane,Sejnane,1.956,0.0,S2A_32SMG_20230910_1_L2A,0.05,3.668,53.3,,
2023-10-10,sejnane,Sejnane,0.000,0.0,S2A_32SMF_20231010_0_L2A,0.05,3.668,0.0,,
2023-11-14,sejnane,Sejnane,3.301,0.0,S2B_32SMG_20231114_0_L2A,0.05,3.668,90.0,,
2023-12-24,sejnane,Sejnane,,52.7,S2B_32SNF_20231224_0_L2A,0.05,3.668,,,
2024-01-28,sejnane,Sejnane,0.077,32.3,S2A_32SMF_20240128_0_L2A,0.05,3.668,2.1,,
2024-02-07,sejnane,Sejnane,0.033,16.6,S2A_32SMF_20240207_0_L2A,0.05,3.668,0.9,,
2024-03-23,sejnane,Sejnane,0.062,0.2,S2B_32SMF_20240323_0_L2A,0.05,3.668,1.7,,
2024-04-27,sejnane,Sejnane,0.017,0.0,S2A_32SMF_20240427_0_L2A,0.05,3.668,0.5,,
2024-05-12,sejnane,Sejnane,0.028,0.0,S2B_32SNF_20240512_0_L2A,0.05,3.668,0.8,,
2024-06-26,sejnane,Sejnane,0.000,0.0,S2A_32SMF_20240626_0_L2A,0.05,3.668,0.0,,
2024-07-31,sejnane,Sejnane,0.000,0.0,S2B_32SMF_20240731_0_L2A,0.05,3.668,0.0,,
2024-08-10,sejnane,Sejnane,0.000,0.0,S2B_32SMF_20240810_0_L2A,0.05,3.668,0.0,,
2024-09-29,sejnane,Sejnane,4.572,0.0,S2B_32SNG_20240929_0_L2A,0.05,3.668,124.7,,
2024-10-04,sejnane,Sejnane,0.001,0.1,S2A_32SNF_20241004_0_L2A,0.05,3.668,0.0,,
2024-11-03,sejnane,Sejnane,0.001,0.0,S2A_32SMF_20241103_0_L2A,0.05,3.668,0.0,,
2024-12-13,sejnane,Sejnane,3.699,0.0,S2A_32SMG_20241213_0_L2A,0.05,3.668,100.9,,
2025-01-07,sejnane,Sejnane,0.105,11.1,S2B_32SNF_20250107_0_L2A,0.05,3.668,2.9,,
2025-02-16,sejnane,Sejnane,0.171,0.0,S2B_32SNF_20250216_0_L2A,0.05,3.668,4.7,,
2025-03-08,sejnane,Sejnane,1.677,24.2,S2B_32SMG_20250308_0_L2A,0.05,3.668,45.7,,
2025-04-24,sejnane,Sejnane,0.023,23.7,S2A_32SMF_20250424_0_L2A,0.05,3.668,0.6,,
2025-05-27,sejnane,Sejnane,0.017,0.0,S2B_32SMF_20250527_0_L2A,0.05,3.668,0.5,,
2025-06-23,sejnane,Sejnane,0.584,0.0,S2A_32SMG_20250623_0_L2A,0.05,3.668,15.9,,
2025-07-11,sejnane,Sejnane,1.631,0.0,S2C_32SMG_20250711_0_L2A,0.05,3.668,44.5,,
2025-08-25,sejnane,Sejnane,0.000,0.0,S2B_32SNF_20250825_0_L2A,0.05,3.668,0.0,,
2025-09-01,sejnane,Sejnane,0.001,0.0,S2A_32SNF_20250901_0_L2A,0.05,3.668,0.0,,
2025-10-21,sejnane,Sejnane,0.001,0.0,S2A_32SNF_20251021_0_L2A,0.05,3.668,0.0,,
2025-11-30,sejnane,Sejnane,3.911,0.0,S2A_32SMG_20251130_0_L2A,0.05,3.668,106.6,,
2025-12-08,sejnane,Sejnane,0.215,37.1,S2C_32SMF_20251208_0_L2A,0.05,3.668,5.9,,
2026-01-09,sejnane,Sejnane,0.126,0.0,S2A_32SNF_20260109_0_L2A,0.05,3.668,3.4,,
2026-02-26,sejnane,Sejnane,0.310,0.0,S2C_32SMF_20260226_0_L2A,0.05,3.668,8.4,,
2026-03-08,sejnane,Sejnane,1.839,0.0,S2C_32SMG_20260308_0_L2A,0.05,3.668,50.1,,
2026-04-29,sejnane,Sejnane,0.000,0.0,S2A_32SMF_20260429_0_L2A,0.05,3.668,0.0,,
2026-05-19,sejnane,Sejnane,2.387,0.0,S2A_32SMG_20260519_0_L2A,0.05,3.668,65.1,,
2026-06-28,sejnane,Sejnane,1.723,0.0,S2A_32SMG_20260628_1_L2A,0.05,3.668,47.0,,
2026-07-18,sejnane,Sejnane,0.462,0.0,S2A_32SMG_20260718_0_L2A,0.05,3.668,12.6,,
2026-08-17,sejnane,Sejnane,1.412,0.0,S2A_32SMG_20260817_1_L2A,0.05,3.668,38.5,,
2022-01-28,joumine,Joumine,0.004,0.0,S2A_32SNF_20220128_0_L2A,0.05,8.0,0.0,,
2022-02-22,joumine,Joumine,,94.0,S2B_32SNG_20220222_0_L2A,0.05,8.0,,,
2022-03-24,joumine,Joumine,1.742,7.9,S2B_32SNG_20220324_0_L2A,0.05,8.0,21.8,,
2022-04-08,joumine,Joumine,0.001,0.0,S2A_32SNF_20220408_0_L2A,0.05,8.0,0.0,,
2022-05-23,joumine,Joumine,0.000,0.0,S2B_32SNF_20220523_0_L2A,0.05,8.0,0.0,,
2022-06-17,joumine,Joumine,0.001,0.0,S2A_32SNF_20220617_0_L2A,0.05,8.0,0.0,,
2022-07-17,joumine,Joumine,0.001,0.0,S2A_32SNF_20220717_0_L2A,0.05,8.0,0.0,,
2022-08-26,joumine,Joumine,0.002,0.0,S2A_32SNF_20220826_0_L2A,0.05,8.0,0.0,,
2022-09-10,joumine,Joumine,0.001,0.0,S2B_32SNF_20220910_0_L2A,0.05,8.0,0.0,,
2022-10-20,joumine,Joumine,0.001,0.0,S2B_32SNF_20221020_0_L2A,0.05,8.0,0.0,,
2022-11-14,joumine,Joumine,0.002,0.0,S2A_32SNF_20221114_0_L2A,0.05,8.0,0.0,,
2022-12-04,joumine,Joumine,0.002,0.0,S2A_32SNF_20221204_0_L2A,0.05,8.0,0.0,,
2023-01-08,joumine,Joumine,0.002,0.0,S2B_32SNF_20230108_0_L2A,0.05,8.0,0.0,,
2023-02-22,joumine,Joumine,0.000,0.0,S2A_32SNF_20230222_0_L2A,0.05,8.0,0.0,,
2023-03-24,joumine,Joumine,0.002,0.0,S2A_32SNF_20230324_0_L2A,0.05,8.0,0.0,,
2023-04-08,joumine,Joumine,0.002,0.0,S2B_32SNF_20230408_0_L2A,0.05,8.0,0.0,,
2023-05-28,joumine,Joumine,0.001,2.1,S2B_32SNF_20230528_0_L2A,0.05,8.0,0.0,,
2023-06-22,joumine,Joumine,0.000,0.0,S2A_32SNF_20230622_1_L2A,0.05,8.0,0.0,,
2023-07-22,joumine,Joumine,0.001,0.0,S2A_32SNF_20230722_0_L2A,0.05,8.0,0.0,,
2023-08-16,joumine,Joumine,0.002,0.0,S2B_32SNF_20230816_0_L2A,0.05,8.0,0.0,,
2023-09-10,joumine,Joumine,0.736,0.0,S2A_32SNG_20230910_1_L2A,0.05,8.0,9.2,,
2023-10-10,joumine,Joumine,0.001,0.0,S2A_32SNF_20231010_0_L2A,0.05,8.0,0.0,,
2023-11-14,joumine,Joumine,0.002,0.0,S2B_32SNF_20231114_0_L2A,0.05,8.0,0.0,,
2023-12-24,joumine,Joumine,0.004,31.6,S2B_32SNF_20231224_0_L2A,0.05,8.0,0.0,,
2024-01-13,joumine,Joumine,0.809,7.0,S2B_32SNG_20240113_0_L2A,0.05,8.0,10.1,,
2024-02-22,joumine,Joumine,0.715,1.3,S2B_32SNG_20240222_1_L2A,0.05,8.0,8.9,,
2024-03-18,joumine,Joumine,0.674,20.7,S2A_32SNG_20240318_0_L2A,0.05,8.0,8.4,,
2024-04-27,joumine,Joumine,0.001,0.0,S2A_32SNF_20240427_0_L2A,0.05,8.0,0.0,,
2024-05-12,joumine,Joumine,0.001,0.0,S2B_32SNF_20240512_0_L2A,0.05,8.0,0.0,,
2024-06-26,joumine,Joumine,0.001,0.0,S2A_32SNF_20240626_0_L2A,0.05,8.0,0.0,,
2024-07-31,joumine,Joumine,0.000,0.0,S2B_32SNF_20240731_0_L2A,0.05,8.0,0.0,,
2024-08-25,joumine,Joumine,0.001,0.0,S2A_32SNF_20240825_0_L2A,0.05,8.0,0.0,,
2024-09-29,joumine,Joumine,0.225,0.0,S2B_32SNG_20240929_0_L2A,0.05,8.0,2.8,,
2024-10-04,joumine,Joumine,0.001,8.2,S2A_32SNF_20241004_0_L2A,0.05,8.0,0.0,,
2024-11-13,joumine,Joumine,0.277,0.5,S2A_32SNG_20241113_0_L2A,0.05,8.0,3.5,,
2024-12-18,joumine,Joumine,0.001,0.0,S2B_32SNF_20241218_0_L2A,0.05,8.0,0.0,,
2025-01-07,joumine,Joumine,0.001,2.0,S2B_32SNF_20250107_0_L2A,0.05,8.0,0.0,,
2025-02-16,joumine,Joumine,0.002,0.0,S2B_32SNF_20250216_0_L2A,0.05,8.0,0.0,,
2025-03-15,joumine,Joumine,0.000,0.3,S2A_32SNF_20250315_1_L2A,0.05,8.0,0.0,,
2025-04-04,joumine,Joumine,0.001,24.1,S2A_32SNF_20250404_1_L2A,0.05,8.0,0.0,,
2025-05-27,joumine,Joumine,0.002,0.0,S2B_32SNF_20250527_0_L2A,0.05,8.0,0.0,,
2025-06-26,joumine,Joumine,0.000,0.0,S2B_32SNF_20250626_0_L2A,0.05,8.0,0.0,,
2025-07-23,joumine,Joumine,0.001,0.0,S2A_32SNF_20250723_0_L2A,0.05,8.0,0.0,,
2025-08-25,joumine,Joumine,0.002,0.0,S2B_32SNF_20250825_0_L2A,0.05,8.0,0.0,,
2025-09-01,joumine,Joumine,0.002,0.0,S2A_32SNF_20250901_0_L2A,0.05,8.0,0.0,,
2025-10-21,joumine,Joumine,0.003,0.0,S2A_32SNF_20251021_0_L2A,0.05,8.0,0.0,,
2025-11-30,joumine,Joumine,0.005,0.0,S2A_32SNF_20251130_1_L2A,0.05,8.0,0.1,,
2025-12-08,joumine,Joumine,0.005,10.3,S2C_32SNF_20251208_0_L2A,0.05,8.0,0.1,,
2026-01-09,joumine,Joumine,0.005,0.0,S2A_32SNF_20260109_0_L2A,0.05,8.0,0.1,,
2026-02-26,joumine,Joumine,0.006,0.0,S2C_32SNF_20260226_0_L2A,0.05,8.0,0.1,,
2026-03-08,joumine,Joumine,2.032,0.0,S2C_32SNG_20260308_0_L2A,0.05,8.0,25.4,,
2026-04-07,joumine,Joumine,2.046,0.0,S2C_32SNG_20260407_0_L2A,0.05,8.0,25.6,,
2026-05-29,joumine,Joumine,0.002,0.0,S2A_32SNF_20260529_1_L2A,0.05,8.0,0.0,,
2026-06-28,joumine,Joumine,0.002,0.0,S2A_32SNF_20260628_1_L2A,0.05,8.0,0.0,,
2026-07-21,joumine,Joumine,1.541,0.0,S2B_32SNG_20260721_0_L2A,0.05,8.0,19.3,,
2026-08-20,joumine,Joumine,0.001,0.0,S2B_32SNF_20260820_0_L2A,0.05,8.0,0.0,,
2022-01-23,ghezala,Ghezala,0.063,14.8,S2B_32SNG_20220123_0_L2A,0.05,0.271,23.1,,
2022-02-22,ghezala,Ghezala,,86.7,S2B_32SNG_20220222_0_L2A,0.05,0.271,,,
2022-03-24,ghezala,Ghezala,0.001,21.1,S2B_32SNG_20220324_0_L2A,0.05,0.271,0.5,,
2022-04-08,ghezala,Ghezala,0.314,0.0,S2A_32SNG_20220408_0_L2A,0.05,0.271,115.9,,
2022-05-13,ghezala,Ghezala,0.293,0.0,S2B_32SNG_20220513_0_L2A,0.05,0.271,108.0,,
2022-06-12,ghezala,Ghezala,0.271,0.0,S2B_32SNG_20220612_0_L2A,0.05,0.271,100.1,,
2022-07-22,ghezala,Ghezala,0.244,0.0,S2B_32SNG_20220722_0_L2A,0.05,0.271,90.1,,
2022-08-01,ghezala,Ghezala,0.207,0.0,S2B_32SNG_20220801_0_L2A,0.05,0.271,76.3,,
2022-09-10,ghezala,Ghezala,0.216,0.0,S2B_32SNG_20220910_0_L2A,0.05,0.271,79.7,,
2022-10-30,ghezala,Ghezala,0.204,0.0,S2B_32SNG_20221030_0_L2A,0.05,0.271,75.4,,
2022-11-14,ghezala,Ghezala,0.207,0.0,S2A_32SNG_20221114_0_L2A,0.05,0.271,76.5,,
2022-12-04,ghezala,Ghezala,0.203,0.0,S2A_32SNG_20221204_0_L2A,0.05,0.271,74.7,,
2023-01-08,ghezala,Ghezala,0.203,0.0,S2B_32SNG_20230108_0_L2A,0.05,0.271,75.0,,
2023-02-22,ghezala,Ghezala,0.183,0.0,S2A_32SNG_20230222_0_L2A,0.05,0.271,67.6,,
2023-03-24,ghezala,Ghezala,0.228,0.0,S2A_32SNG_20230324_0_L2A,0.05,0.271,84.2,,
2023-04-08,ghezala,Ghezala,0.230,9.3,S2B_32SNG_20230408_0_L2A,0.05,0.271,84.8,,
2023-05-03,ghezala,Ghezala,,55.6,S2A_32SNG_20230503_0_L2A,0.05,0.271,,,
2023-06-12,ghezala,Ghezala,0.213,0.0,S2A_32SNG_20230612_0_L2A,0.05,0.271,78.8,,
2023-07-17,ghezala,Ghezala,0.125,0.0,S2B_32SNG_20230717_0_L2A,0.05,0.271,46.0,,
2023-08-16,ghezala,Ghezala,0.169,0.0,S2B_32SNG_20230816_0_L2A,0.05,0.271,62.2,,
2023-09-10,ghezala,Ghezala,0.161,0.0,S2A_32SNG_20230910_1_L2A,0.05,0.271,59.3,,
2023-10-10,ghezala,Ghezala,0.144,0.0,S2A_32SNG_20231010_0_L2A,0.05,0.271,53.2,,
2023-11-14,ghezala,Ghezala,0.148,0.0,S2B_32SNG_20231114_0_L2A,0.05,0.271,54.7,,
2023-12-24,ghezala,Ghezala,0.151,30.8,S2B_32SNG_20231224_0_L2A,0.05,0.271,55.6,,
2024-01-13,ghezala,Ghezala,0.009,48.7,S2B_32SNG_20240113_0_L2A,0.05,0.271,3.4,,
2024-02-22,ghezala,Ghezala,0.201,0.1,S2B_32SNG_20240222_1_L2A,0.05,0.271,74.1,,
2024-03-18,ghezala,Ghezala,0.221,0.0,S2A_32SNG_20240318_0_L2A,0.05,0.271,81.4,,
2024-04-27,ghezala,Ghezala,0.175,0.0,S2A_32SNG_20240427_0_L2A,0.05,0.271,64.7,,
2024-05-12,ghezala,Ghezala,0.183,0.0,S2B_32SNG_20240512_0_L2A,0.05,0.271,67.5,,
2024-06-06,ghezala,Ghezala,0.150,0.0,S2A_32SNG_20240606_0_L2A,0.05,0.271,55.3,,
2024-07-31,ghezala,Ghezala,0.131,0.0,S2B_32SNG_20240731_0_L2A,0.05,0.271,48.2,,
2024-08-25,ghezala,Ghezala,0.054,0.0,S2A_32SNG_20240825_0_L2A,0.05,0.271,20.0,,
2024-09-29,ghezala,Ghezala,0.103,0.0,S2B_32SNG_20240929_0_L2A,0.05,0.271,38.2,,
2024-10-09,ghezala,Ghezala,0.015,24.3,S2B_32SNG_20241009_0_L2A,0.05,0.271,5.5,,
2024-11-13,ghezala,Ghezala,0.102,0.0,S2A_32SNG_20241113_0_L2A,0.05,0.271,37.6,,
2024-12-18,ghezala,Ghezala,0.110,0.0,S2B_32SNG_20241218_0_L2A,0.05,0.271,40.5,,
2025-02-16,ghezala,Ghezala,0.173,0.1,S2B_32SNG_20250216_0_L2A,0.05,0.271,63.7,,
2025-03-08,ghezala,Ghezala,0.090,32.1,S2B_32SNG_20250308_0_L2A,0.05,0.271,33.2,,
2025-04-07,ghezala,Ghezala,,74.8,S2B_32SNG_20250407_0_L2A,0.05,0.271,,,
2025-05-27,ghezala,Ghezala,0.167,0.0,S2B_32SNG_20250527_0_L2A,0.05,0.271,61.7,,
2025-06-01,ghezala,Ghezala,0.152,0.0,S2C_32SNG_20250601_0_L2A,0.05,0.271,56.3,,
2025-07-01,ghezala,Ghezala,0.151,0.0,S2C_32SNG_20250701_0_L2A,0.05,0.271,55.7,,
2025-08-25,ghezala,Ghezala,0.124,0.0,S2B_32SNG_20250825_0_L2A,0.05,0.271,45.8,,
2025-09-01,ghezala,Ghezala,0.093,0.0,S2A_32SNG_20250901_0_L2A,0.05,0.271,34.5,,
2025-10-31,ghezala,Ghezala,0.125,47.0,S2A_32SNG_20251031_0_L2A,0.05,0.271,46.0,,
2025-11-13,ghezala,Ghezala,0.129,0.0,S2B_32SNG_20251113_0_L2A,0.05,0.271,47.6,,
2025-12-13,ghezala,Ghezala,0.133,0.0,S2B_32SNG_20251213_0_L2A,0.05,0.271,49.1,,
2026-02-06,ghezala,Ghezala,0.300,0.0,S2C_32SNG_20260206_0_L2A,0.05,0.271,110.8,,
2026-03-08,ghezala,Ghezala,0.288,0.6,S2C_32SNG_20260308_0_L2A,0.05,0.271,106.1,,
2026-04-07,ghezala,Ghezala,0.314,0.0,S2C_32SNG_20260407_0_L2A,0.05,0.271,115.9,,
2026-05-19,ghezala,Ghezala,0.290,0.0,S2A_32SNG_20260519_1_L2A,0.05,0.271,107.2,,
2026-06-18,ghezala,Ghezala,0.248,0.0,S2A_32SNG_20260618_1_L2A,0.05,0.271,91.6,,
2026-07-21,ghezala,Ghezala,0.216,0.0,S2B_32SNG_20260721_0_L2A,0.05,0.271,79.6,,
2026-08-20,ghezala,Ghezala,0.231,0.0,S2B_32SNG_20260820_0_L2A,0.05,0.271,85.4,,
2022-01-28,kasseb,Kasseb,0.207,0.0,S2A_32SMF_20220128_0_L2A,0.05,3.0,6.9,,
2022-02-07,kasseb,Kasseb,,56.5,S2A_32SMF_20220207_0_L2A,0.05,3.0,,,
2022-03-14,kasseb,Kasseb,0.096,0.0,S2B_32SMF_20220314_0_L2A,0.05,3.0,3.2,,
2022-04-08,kasseb,Kasseb,0.005,0.0,S2A_32SNF_20220408_0_L2A,0.05,3.0,0.2,,
2022-05-23,kasseb,Kasseb,0.081,0.0,S2B_32SMF_20220523_0_L2A,0.05,3.0,2.7,,
2022-06-17,kasseb,Kasseb,0.071,0.0,S2A_32SMF_20220617_0_L2A,0.05,3.0,2.4,,
2022-07-17,kasseb,Kasseb,0.077,0.0,S2A_32SMF_20220717_0_L2A,0.05,3.0,2.6,,
2022-08-26,kasseb,Kasseb,0.009,0.0,S2A_32SNF_20220826_0_L2A,0.05,3.0,0.3,,
2022-09-10,kasseb,Kasseb,0.010,0.0,S2B_32SNF_20220910_0_L2A,0.05,3.0,0.3,,
2022-10-20,kasseb,Kasseb,0.099,0.0,S2B_32SMF_20221020_0_L2A,0.05,3.0,3.3,,
2022-11-14,kasseb,Kasseb,0.097,0.0,S2A_32SMF_20221114_0_L2A,0.05,3.0,3.2,,
2022-12-04,kasseb,Kasseb,0.102,0.0,S2A_32SMF_20221204_0_L2A,0.05,3.0,3.4,,
2023-01-08,kasseb,Kasseb,0.005,0.0,S2B_32SNF_20230108_0_L2A,0.05,3.0,0.2,,
2023-02-22,kasseb,Kasseb,0.003,0.0,S2A_32SNF_20230222_1_L2A,0.05,3.0,0.1,,
2023-03-24,kasseb,Kasseb,0.055,0.0,S2A_32SMF_20230324_0_L2A,0.05,3.0,1.8,,
2023-04-08,kasseb,Kasseb,0.007,0.0,S2B_32SNF_20230408_0_L2A,0.05,3.0,0.2,,
2023-05-28,kasseb,Kasseb,,54.9,S2B_32SNF_20230528_0_L2A,0.05,3.0,,,
2023-06-22,kasseb,Kasseb,0.019,0.0,S2A_32SNF_20230622_1_L2A,0.05,3.0,0.6,,
2023-07-22,kasseb,Kasseb,0.010,0.0,S2A_32SNF_20230722_0_L2A,0.05,3.0,0.3,,
2023-08-26,kasseb,Kasseb,0.087,0.0,S2B_32SMF_20230826_0_L2A,0.05,3.0,2.9,,
2023-09-10,kasseb,Kasseb,0.085,0.0,S2A_32SMF_20230910_1_L2A,0.05,3.0,2.8,,
2023-10-10,kasseb,Kasseb,0.040,0.0,S2A_32SMF_20231010_0_L2A,0.05,3.0,1.3,,
2023-11-14,kasseb,Kasseb,0.097,0.0,S2B_32SMF_20231114_0_L2A,0.05,3.0,3.2,,
2023-12-24,kasseb,Kasseb,0.016,0.1,S2B_32SNF_20231224_0_L2A,0.05,3.0,0.5,,
2024-01-28,kasseb,Kasseb,0.098,13.0,S2A_32SMF_20240128_0_L2A,0.05,3.0,3.3,,
2024-02-07,kasseb,Kasseb,0.100,0.0,S2A_32SMF_20240207_0_L2A,0.05,3.0,3.3,,
2024-03-23,kasseb,Kasseb,0.089,0.0,S2B_32SMF_20240323_0_L2A,0.05,3.0,3.0,,
2024-04-27,kasseb,Kasseb,0.071,0.0,S2A_32SMF_20240427_0_L2A,0.05,3.0,2.4,,
2024-05-12,kasseb,Kasseb,0.014,0.0,S2B_32SNF_20240512_0_L2A,0.05,3.0,0.5,,
2024-06-26,kasseb,Kasseb,0.057,0.0,S2A_32SMF_20240626_0_L2A,0.05,3.0,1.9,,
2024-07-31,kasseb,Kasseb,0.023,0.0,S2B_32SMF_20240731_0_L2A,0.05,3.0,0.8,,
2024-08-10,kasseb,Kasseb,0.022,0.0,S2B_32SMF_20240810_0_L2A,0.05,3.0,0.7,,
2024-09-29,kasseb,Kasseb,0.012,2.8,S2B_32SNF_20240929_0_L2A,0.05,3.0,0.4,,
2024-10-04,kasseb,Kasseb,0.002,19.9,S2A_32SNF_20241004_0_L2A,0.05,3.0,0.0,,
2024-11-03,kasseb,Kasseb,0.098,0.0,S2A_32SMF_20241103_0_L2A,0.05,3.0,3.3,,
2024-12-13,kasseb,Kasseb,0.085,0.0,S2A_32SMF_20241213_0_L2A,0.05,3.0,2.8,,
2025-01-07,kasseb,Kasseb,0.015,1.0,S2B_32SNF_20250107_0_L2A,0.05,3.0,0.5,,
2025-02-16,kasseb,Kasseb,0.008,0.1,S2B_32SNF_20250216_0_L2A,0.05,3.0,0.3,,
2025-03-15,kasseb,Kasseb,0.000,0.0,S2A_32SNF_20250315_1_L2A,0.05,3.0,0.0,,
2025-04-24,kasseb,Kasseb,0.122,37.5,S2A_32SMF_20250424_0_L2A,0.05,3.0,4.1,,
2025-05-27,kasseb,Kasseb,0.009,0.0,S2B_32SMF_20250527_0_L2A,0.05,3.0,0.3,,
2025-06-21,kasseb,Kasseb,0.009,0.0,S2C_32SMF_20250621_0_L2A,0.05,3.0,0.3,,
2025-07-23,kasseb,Kasseb,0.009,0.0,S2A_32SNF_20250723_0_L2A,0.05,3.0,0.3,,
2025-08-25,kasseb,Kasseb,0.003,0.0,S2B_32SNF_20250825_0_L2A,0.05,3.0,0.1,,
2025-09-01,kasseb,Kasseb,0.014,0.0,S2A_32SNF_20250901_0_L2A,0.05,3.0,0.5,,
2025-10-21,kasseb,Kasseb,0.015,0.0,S2A_32SNF_20251021_0_L2A,0.05,3.0,0.5,,
2025-11-30,kasseb,Kasseb,0.016,0.0,S2A_32SNF_20251130_1_L2A,0.05,3.0,0.5,,
2025-12-08,kasseb,Kasseb,0.048,0.0,S2C_32SMF_20251208_0_L2A,0.05,3.0,1.6,,
2026-01-09,kasseb,Kasseb,0.013,0.0,S2A_32SNF_20260109_0_L2A,0.05,3.0,0.4,,
2026-02-26,kasseb,Kasseb,0.152,0.0,S2C_32SMF_20260226_0_L2A,0.05,3.0,5.1,,
2026-03-18,kasseb,Kasseb,0.114,0.0,S2C_32SMF_20260318_0_L2A,0.05,3.0,3.8,,
2026-04-07,kasseb,Kasseb,0.318,0.0,S2C_32SMF_20260407_0_L2A,0.05,3.0,10.6,,
2026-05-19,kasseb,Kasseb,0.111,1.7,S2A_32SMF_20260519_1_L2A,0.05,3.0,3.7,,
2026-06-21,kasseb,Kasseb,0.476,0.0,S2B_32SMF_20260621_0_L2A,0.05,3.0,15.9,,
2026-07-18,kasseb,Kasseb,0.089,0.0,S2A_32SMF_20260718_0_L2A,0.05,3.0,3.0,,
2026-08-20,kasseb,Kasseb,0.056,0.0,S2B_32SMF_20260820_0_L2A,0.05,3.0,1.9,,
2022-01-28,mellegue,Mellegue (Nebeur),0.249,0.0,S2A_32SMF_20220128_0_L2A,0.05,8.0,3.1,,
2022-02-07,mellegue,Mellegue (Nebeur),0.076,47.5,S2A_32SMF_20220207_0_L2A,0.05,8.0,0.9,,
2022-03-14,mellegue,Mellegue (Nebeur),0.231,0.0,S2B_32SMF_20220314_0_L2A,0.05,8.0,2.9,,
2022-04-08,mellegue,Mellegue (Nebeur),0.217,0.0,S2A_32SMF_20220408_0_L2A,0.05,8.0,2.7,,
2022-05-23,mellegue,Mellegue (Nebeur),0.193,0.0,S2B_32SMF_20220523_0_L2A,0.05,8.0,2.4,,
2022-06-17,mellegue,Mellegue (Nebeur),0.194,0.0,S2A_32SMF_20220617_0_L2A,0.05,8.0,2.4,,
2022-07-17,mellegue,Mellegue (Nebeur),0.201,0.0,S2A_32SMF_20220717_0_L2A,0.05,8.0,2.5,,
2022-08-26,mellegue,Mellegue (Nebeur),0.188,0.0,S2A_32SMF_20220826_0_L2A,0.05,8.0,2.4,,
2022-09-10,mellegue,Mellegue (Nebeur),0.178,0.0,S2B_32SMF_20220910_0_L2A,0.05,8.0,2.2,,
2022-10-20,mellegue,Mellegue (Nebeur),0.180,0.0,S2B_32SMF_20221020_0_L2A,0.05,8.0,2.2,,
2022-11-14,mellegue,Mellegue (Nebeur),0.181,0.0,S2A_32SMF_20221114_0_L2A,0.05,8.0,2.3,,
2022-12-04,mellegue,Mellegue (Nebeur),0.187,0.0,S2A_32SMF_20221204_0_L2A,0.05,8.0,2.3,,
2023-01-08,mellegue,Mellegue (Nebeur),0.189,0.0,S2B_32SMF_20230108_0_L2A,0.05,8.0,2.4,,
2023-02-22,mellegue,Mellegue (Nebeur),0.188,0.0,S2A_32SMF_20230222_1_L2A,0.05,8.0,2.3,,
2023-03-24,mellegue,Mellegue (Nebeur),0.197,0.0,S2A_32SMF_20230324_0_L2A,0.05,8.0,2.5,,
2023-04-08,mellegue,Mellegue (Nebeur),0.204,0.0,S2B_32SMF_20230408_0_L2A,0.05,8.0,2.5,,
2023-06-17,mellegue,Mellegue (Nebeur),0.214,0.0,S2B_32SMF_20230617_0_L2A,0.05,8.0,2.7,,
2023-07-27,mellegue,Mellegue (Nebeur),0.208,0.0,S2B_32SMF_20230727_0_L2A,0.05,8.0,2.6,,
2023-08-26,mellegue,Mellegue (Nebeur),0.186,0.0,S2B_32SMF_20230826_0_L2A,0.05,8.0,2.3,,
2023-09-10,mellegue,Mellegue (Nebeur),0.192,0.0,S2A_32SMF_20230910_1_L2A,0.05,8.0,2.4,,
2023-10-10,mellegue,Mellegue (Nebeur),0.188,0.0,S2A_32SMF_20231010_0_L2A,0.05,8.0,2.3,,
2023-11-14,mellegue,Mellegue (Nebeur),0.191,0.0,S2B_32SMF_20231114_0_L2A,0.05,8.0,2.4,,
2023-12-24,mellegue,Mellegue (Nebeur),0.212,0.9,S2B_32SMF_20231224_0_L2A,0.05,8.0,2.7,,
2024-01-28,mellegue,Mellegue (Nebeur),0.202,1.1,S2A_32SMF_20240128_0_L2A,0.05,8.0,2.5,,
2024-02-07,mellegue,Mellegue (Nebeur),0.209,0.0,S2A_32SMF_20240207_0_L2A,0.05,8.0,2.6,,
2024-03-23,mellegue,Mellegue (Nebeur),0.203,0.0,S2B_32SMF_20240323_0_L2A,0.05,8.0,2.5,,
2024-04-27,mellegue,Mellegue (Nebeur),0.188,0.0,S2A_32SMF_20240427_0_L2A,0.05,8.0,2.4,,
2024-05-12,mellegue,Mellegue (Nebeur),0.197,0.0,S2B_32SMF_20240512_0_L2A,0.05,8.0,2.5,,
2024-06-26,mellegue,Mellegue (Nebeur),0.191,0.0,S2A_32SMF_20240626_0_L2A,0.05,8.0,2.4,,
2024-07-31,mellegue,Mellegue (Nebeur),0.184,0.0,S2B_32SMF_20240731_0_L2A,0.05,8.0,2.3,,
2024-08-10,mellegue,Mellegue (Nebeur),0.183,0.0,S2B_32SMF_20240810_0_L2A,0.05,8.0,2.3,,
2024-09-04,mellegue,Mellegue (Nebeur),0.168,0.0,S2A_32SMF_20240904_0_L2A,0.05,8.0,2.1,,
2024-10-14,mellegue,Mellegue (Nebeur),0.014,31.2,S2A_32SMF_20241014_0_L2A,0.05,8.0,0.2,,
2024-11-03,mellegue,Mellegue (Nebeur),0.191,0.0,S2A_32SMF_20241103_0_L2A,0.05,8.0,2.4,,
2024-12-13,mellegue,Mellegue (Nebeur),0.181,0.0,S2A_32SMF_20241213_0_L2A,0.05,8.0,2.3,,
2025-02-16,mellegue,Mellegue (Nebeur),0.215,0.0,S2B_32SMF_20250216_0_L2A,0.05,8.0,2.7,,
2025-03-08,mellegue,Mellegue (Nebeur),0.216,0.2,S2B_32SMF_20250308_0_L2A,0.05,8.0,2.7,,
2025-04-24,mellegue,Mellegue (Nebeur),0.794,1.2,S2A_32SMF_20250424_0_L2A,0.05,8.0,9.9,,
2025-05-27,mellegue,Mellegue (Nebeur),0.197,0.0,S2B_32SMF_20250527_0_L2A,0.05,8.0,2.5,,
2025-06-21,mellegue,Mellegue (Nebeur),0.185,0.0,S2C_32SMF_20250621_0_L2A,0.05,8.0,2.3,,
2025-07-23,mellegue,Mellegue (Nebeur),0.191,0.0,S2A_32SMF_20250723_0_L2A,0.05,8.0,2.4,,
2025-08-12,mellegue,Mellegue (Nebeur),0.189,0.0,S2A_32SMF_20250812_0_L2A,0.05,8.0,2.4,,
2025-09-01,mellegue,Mellegue (Nebeur),0.127,0.0,S2A_32SMF_20250901_0_L2A,0.05,8.0,1.6,,
2025-10-21,mellegue,Mellegue (Nebeur),0.199,0.0,S2A_32SMF_20251021_0_L2A,0.05,8.0,2.5,,
2025-11-30,mellegue,Mellegue (Nebeur),0.195,0.0,S2A_32SMF_20251130_0_L2A,0.05,8.0,2.4,,
2025-12-08,mellegue,Mellegue (Nebeur),0.209,0.0,S2C_32SMF_20251208_0_L2A,0.05,8.0,2.6,,
2026-01-09,mellegue,Mellegue (Nebeur),0.201,0.0,S2A_32SMF_20260109_0_L2A,0.05,8.0,2.5,,
2026-02-26,mellegue,Mellegue (Nebeur),0.218,0.0,S2C_32SMF_20260226_0_L2A,0.05,8.0,2.7,,
2026-03-18,mellegue,Mellegue (Nebeur),0.244,0.0,S2C_32SMF_20260318_0_L2A,0.05,8.0,3.0,,
2026-04-07,mellegue,Mellegue (Nebeur),0.248,0.0,S2C_32SMF_20260407_0_L2A,0.05,8.0,3.1,,
2026-05-19,mellegue,Mellegue (Nebeur),0.221,0.0,S2A_32SMF_20260519_1_L2A,0.05,8.0,2.8,,
2026-06-21,mellegue,Mellegue (Nebeur),0.400,0.0,S2B_32SMF_20260621_0_L2A,0.05,8.0,5.0,,
2026-07-18,mellegue,Mellegue (Nebeur),0.141,0.0,S2A_32SMF_20260718_0_L2A,0.05,8.0,1.8,,
2026-08-20,mellegue,Mellegue (Nebeur),0.177,0.0,S2B_32SMF_20260820_0_L2A,0.05,8.0,2.2,,
2022-01-28,sarrat,Sarrat,0.040,0.0,S2A_32SMF_20220128_0_L2A,0.05,2.0,2.0,,
2022-02-07,sarrat,Sarrat,0.039,0.1,S2A_32SMF_20220207_0_L2A,0.05,2.0,2.0,,
2022-03-14,sarrat,Sarrat,0.037,0.0,S2B_32SMF_20220314_0_L2A,0.05,2.0,1.9,,
2022-04-08,sarrat,Sarrat,0.053,0.0,S2A_32SMF_20220408_0_L2A,0.05,2.0,2.6,,
2022-05-23,sarrat,Sarrat,0.024,0.0,S2B_32SMF_20220523_0_L2A,0.05,2.0,1.2,,
2022-06-17,sarrat,Sarrat,0.025,0.0,S2A_32SMF_20220617_0_L2A,0.05,2.0,1.2,,
2022-07-17,sarrat,Sarrat,0.030,0.0,S2A_32SMF_20220717_0_L2A,0.05,2.0,1.5,,
2022-08-26,sarrat,Sarrat,0.031,0.0,S2A_32SMF_20220826_0_L2A,0.05,2.0,1.5,,
2022-09-10,sarrat,Sarrat,0.000,0.0,S2B_32SMF_20220910_0_L2A,0.05,2.0,0.0,,
2022-10-20,sarrat,Sarrat,0.042,0.0,S2B_32SMF_20221020_0_L2A,0.05,2.0,2.1,,
2022-11-14,sarrat,Sarrat,0.023,0.0,S2A_32SMF_20221114_0_L2A,0.05,2.0,1.1,,
2022-12-04,sarrat,Sarrat,0.022,0.0,S2A_32SMF_20221204_0_L2A,0.05,2.0,1.1,,
2023-01-08,sarrat,Sarrat,0.020,0.0,S2B_32SMF_20230108_0_L2A,0.05,2.0,1.0,,
2023-02-22,sarrat,Sarrat,0.018,0.0,S2A_32SMF_20230222_1_L2A,0.05,2.0,0.9,,
2023-03-24,sarrat,Sarrat,0.028,0.0,S2A_32SMF_20230324_0_L2A,0.05,2.0,1.4,,
2023-04-08,sarrat,Sarrat,0.044,0.0,S2B_32SMF_20230408_0_L2A,0.05,2.0,2.2,,
2023-06-17,sarrat,Sarrat,0.008,0.0,S2B_32SMF_20230617_0_L2A,0.05,2.0,0.4,,
2023-07-27,sarrat,Sarrat,0.034,0.0,S2B_32SMF_20230727_0_L2A,0.05,2.0,1.7,,
2023-08-26,sarrat,Sarrat,0.046,0.0,S2B_32SMF_20230826_0_L2A,0.05,2.0,2.3,,
2023-09-10,sarrat,Sarrat,0.043,0.0,S2A_32SMF_20230910_1_L2A,0.05,2.0,2.2,,
2023-10-10,sarrat,Sarrat,0.050,0.0,S2A_32SMF_20231010_0_L2A,0.05,2.0,2.5,,
2023-11-14,sarrat,Sarrat,0.050,0.0,S2B_32SMF_20231114_0_L2A,0.05,2.0,2.5,,
2023-12-24,sarrat,Sarrat,0.056,0.0,S2B_32SMF_20231224_0_L2A,0.05,2.0,2.8,,
2024-01-28,sarrat,Sarrat,0.025,0.0,S2A_32SMF_20240128_0_L2A,0.05,2.0,1.2,,
2024-02-07,sarrat,Sarrat,0.028,0.0,S2A_32SMF_20240207_0_L2A,0.05,2.0,1.4,,
2024-03-23,sarrat,Sarrat,0.031,0.0,S2B_32SMF_20240323_0_L2A,0.05,2.0,1.6,,
2024-04-27,sarrat,Sarrat,0.041,0.0,S2A_32SMF_20240427_0_L2A,0.05,2.0,2.1,,
2024-05-12,sarrat,Sarrat,0.064,0.0,S2B_32SMF_20240512_0_L2A,0.05,2.0,3.2,,
2024-06-26,sarrat,Sarrat,0.025,0.0,S2A_32SMF_20240626_0_L2A,0.05,2.0,1.2,,
2024-07-31,sarrat,Sarrat,0.021,0.0,S2B_32SMF_20240731_0_L2A,0.05,2.0,1.0,,
2024-08-10,sarrat,Sarrat,0.018,0.0,S2B_32SMF_20240810_0_L2A,0.05,2.0,0.9,,
2024-09-04,sarrat,Sarrat,0.000,0.0,S2A_32SMF_20240904_0_L2A,0.05,2.0,0.0,,
2024-10-14,sarrat,Sarrat,0.022,5.9,S2A_32SMF_20241014_0_L2A,0.05,2.0,1.1,,
2024-11-03,sarrat,Sarrat,0.029,0.0,S2A_32SMF_20241103_0_L2A,0.05,2.0,1.4,,
2024-12-13,sarrat,Sarrat,0.026,0.0,S2A_32SMF_20241213_0_L2A,0.05,2.0,1.3,,
2025-02-16,sarrat,Sarrat,0.076,0.0,S2B_32SMF_20250216_0_L2A,0.05,2.0,3.8,,
2025-03-08,sarrat,Sarrat,0.000,0.2,S2B_32SMF_20250308_0_L2A,0.05,2.0,0.0,,
2025-04-24,sarrat,Sarrat,0.000,0.0,S2A_32SMF_20250424_0_L2A,0.05,2.0,0.0,,
2025-05-27,sarrat,Sarrat,0.087,0.0,S2B_32SMF_20250527_0_L2A,0.05,2.0,4.3,,
2025-06-21,sarrat,Sarrat,0.032,0.0,S2C_32SMF_20250621_0_L2A,0.05,2.0,1.6,,
2025-07-23,sarrat,Sarrat,0.010,0.0,S2A_32SMF_20250723_0_L2A,0.05,2.0,0.5,,
2025-08-12,sarrat,Sarrat,0.017,0.0,S2A_32SMF_20250812_0_L2A,0.05,2.0,0.9,,
2025-09-01,sarrat,Sarrat,0.008,0.0,S2A_32SMF_20250901_0_L2A,0.05,2.0,0.4,,
2025-10-21,sarrat,Sarrat,0.000,29.1,S2A_32SMF_20251021_0_L2A,0.05,2.0,0.0,,
2025-11-30,sarrat,Sarrat,0.057,0.0,S2A_32SMF_20251130_0_L2A,0.05,2.0,2.8,,
2025-12-08,sarrat,Sarrat,0.122,0.0,S2C_32SMF_20251208_0_L2A,0.05,2.0,6.1,,
2026-01-09,sarrat,Sarrat,0.056,0.0,S2A_32SMF_20260109_0_L2A,0.05,2.0,2.8,,
2026-02-26,sarrat,Sarrat,0.029,0.0,S2C_32SMF_20260226_0_L2A,0.05,2.0,1.4,,
2026-03-18,sarrat,Sarrat,0.000,0.0,S2C_32SMF_20260318_0_L2A,0.05,2.0,0.0,,
2026-04-07,sarrat,Sarrat,0.073,0.0,S2C_32SMF_20260407_0_L2A,0.05,2.0,3.7,,
2026-05-19,sarrat,Sarrat,0.021,4.1,S2A_32SMF_20260519_1_L2A,0.05,2.0,1.0,,
2026-06-21,sarrat,Sarrat,0.000,0.0,S2B_32SMF_20260621_0_L2A,0.05,2.0,0.0,,
2026-07-18,sarrat,Sarrat,0.020,0.0,S2A_32SMF_20260718_0_L2A,0.05,2.0,1.0,,
2026-08-20,sarrat,Sarrat,0.025,0.0,S2B_32SMF_20260820_0_L2A,0.05,2.0,1.2,,
2022-01-28,lakhmess,Lakhmess,0.000,19.5,S2A_32SNF_20220128_0_L2A,0.05,0.01,1.0,,
2022-02-07,lakhmess,Lakhmess,0.017,16.9,S2A_32SNE_20220207_0_L2A,0.05,0.01,167.0,,
2022-03-29,lakhmess,Lakhmess,0.000,0.0,S2A_32SNE_20220329_0_L2A,0.05,0.01,0.0,,
2022-04-08,lakhmess,Lakhmess,0.039,0.0,S2A_32SNE_20220408_0_L2A,0.05,0.01,391.0,,
2022-05-23,lakhmess,Lakhmess,0.014,0.0,S2B_32SNE_20220523_0_L2A,0.05,0.01,139.0,,
2022-06-12,lakhmess,Lakhmess,0.011,0.0,S2B_32SNE_20220612_0_L2A,0.05,0.01,111.0,,
2022-07-17,lakhmess,Lakhmess,0.000,0.0,S2A_32SNF_20220717_0_L2A,0.05,0.01,2.0,,
2022-08-26,lakhmess,Lakhmess,0.000,0.0,S2A_32SNF_20220826_0_L2A,0.05,0.01,2.0,,
2022-09-15,lakhmess,Lakhmess,0.009,0.0,S2A_32SNE_20220915_0_L2A,0.05,0.01,90.0,,
2022-10-20,lakhmess,Lakhmess,0.000,0.0,S2B_32SNE_20221020_0_L2A,0.05,0.01,1.0,,
2022-11-14,lakhmess,Lakhmess,0.000,0.0,S2A_32SNE_20221114_0_L2A,0.05,0.01,2.0,,
2022-12-04,lakhmess,Lakhmess,0.000,0.0,S2A_32SNF_20221204_0_L2A,0.05,0.01,3.0,,
2023-01-08,lakhmess,Lakhmess,0.000,0.0,S2B_32SNF_20230108_0_L2A,0.05,0.01,2.0,,
2023-02-22,lakhmess,Lakhmess,0.000,0.0,S2A_32SNE_20230222_0_L2A,0.05,0.01,0.0,,
2023-03-24,lakhmess,Lakhmess,0.000,0.0,S2A_32SNE_20230324_0_L2A,0.05,0.01,1.0,,
2023-04-08,lakhmess,Lakhmess,0.000,0.0,S2B_32SNE_20230408_0_L2A,0.05,0.01,1.0,,
2023-05-18,lakhmess,Lakhmess,0.000,13.8,S2B_32SNE_20230518_0_L2A,0.05,0.01,1.0,,
2023-06-27,lakhmess,Lakhmess,0.025,0.0,S2B_32SNE_20230627_0_L2A,0.05,0.01,247.0,,
2023-07-27,lakhmess,Lakhmess,0.024,0.0,S2B_32SNE_20230727_0_L2A,0.05,0.01,235.0,,
2023-08-26,lakhmess,Lakhmess,0.015,0.0,S2B_32SNE_20230826_0_L2A,0.05,0.01,152.0,,
2023-09-10,lakhmess,Lakhmess,0.000,0.0,S2A_32SNF_20230910_1_L2A,0.05,0.01,1.0,,
2023-10-10,lakhmess,Lakhmess,0.000,0.0,S2A_32SNE_20231010_0_L2A,0.05,0.01,1.0,,
2023-11-14,lakhmess,Lakhmess,0.001,0.0,S2B_32SNE_20231114_0_L2A,0.05,0.01,12.0,,
2023-12-24,lakhmess,Lakhmess,0.025,0.0,S2B_32SNE_20231224_0_L2A,0.05,0.01,255.0,,
2024-01-18,lakhmess,Lakhmess,0.024,35.6,S2A_32SNE_20240118_0_L2A,0.05,0.01,242.0,,
2024-02-07,lakhmess,Lakhmess,0.025,0.0,S2A_32SNE_20240207_0_L2A,0.05,0.01,251.0,,
2024-03-13,lakhmess,Lakhmess,0.025,0.0,S2B_32SNE_20240313_0_L2A,0.05,0.01,245.0,,
2024-04-27,lakhmess,Lakhmess,0.000,0.0,S2A_32SNF_20240427_0_L2A,0.05,0.01,1.0,,
2024-05-27,lakhmess,Lakhmess,0.000,0.0,S2A_32SNF_20240527_1_L2A,0.05,0.01,0.0,,
2024-06-06,lakhmess,Lakhmess,0.000,0.0,S2A_32SNE_20240606_0_L2A,0.05,0.01,0.0,,
2024-07-11,lakhmess,Lakhmess,0.000,0.0,S2B_32SNE_20240711_0_L2A,0.05,0.01,0.0,,
2024-08-05,lakhmess,Lakhmess,0.000,0.0,S2A_32SNE_20240805_0_L2A,0.05,0.01,0.0,,
2024-09-29,lakhmess,Lakhmess,0.000,7.4,S2B_32SNF_20240929_0_L2A,0.05,0.01,2.0,,
2024-10-04,lakhmess,Lakhmess,0.000,1.6,S2A_32SNF_20241004_0_L2A,0.05,0.01,2.0,,
2024-11-03,lakhmess,Lakhmess,0.000,0.0,S2A_32SNF_20241103_0_L2A,0.05,0.01,2.0,,
2024-12-18,lakhmess,Lakhmess,0.000,0.0,S2B_32SNE_20241218_0_L2A,0.05,0.01,3.0,,
2025-01-07,lakhmess,Lakhmess,0.000,0.0,S2B_32SNE_20250107_0_L2A,0.05,0.01,2.0,,
2025-02-16,lakhmess,Lakhmess,0.000,25.0,S2B_32SNF_20250216_0_L2A,0.05,0.01,0.0,,
2025-03-15,lakhmess,Lakhmess,0.000,0.0,S2A_32SNF_20250315_1_L2A,0.05,0.01,0.0,,
2025-04-04,lakhmess,Lakhmess,0.001,0.0,S2A_32SNE_20250404_1_L2A,0.05,0.01,8.0,,
2025-05-27,lakhmess,Lakhmess,0.000,0.0,S2B_32SNE_20250527_0_L2A,0.05,0.01,0.0,,
2025-06-26,lakhmess,Lakhmess,0.000,0.0,S2B_32SNE_20250626_0_L2A,0.05,0.01,0.0,,
2025-07-23,lakhmess,Lakhmess,0.000,0.0,S2A_32SNE_20250723_0_L2A,0.05,0.01,0.0,,
2025-08-05,lakhmess,Lakhmess,0.000,0.0,S2B_32SNE_20250805_0_L2A,0.05,0.01,0.0,,
2025-09-01,lakhmess,Lakhmess,0.000,0.0,S2A_32SNF_20250901_0_L2A,0.05,0.01,2.0,,
2025-10-21,lakhmess,Lakhmess,0.000,0.0,S2A_32SNF_20251021_0_L2A,0.05,0.01,1.0,,
2025-11-30,lakhmess,Lakhmess,0.000,0.0,S2A_32SNE_20251130_1_L2A,0.05,0.01,3.0,,
2025-12-28,lakhmess,Lakhmess,0.000,0.0,S2C_32SNE_20251228_0_L2A,0.05,0.01,3.0,,
2026-01-09,lakhmess,Lakhmess,0.000,0.0,S2A_32SNE_20260109_0_L2A,0.05,0.01,3.0,,
2026-02-26,lakhmess,Lakhmess,0.000,0.0,S2C_32SNF_20260226_0_L2A,0.05,0.01,2.0,,
2026-03-18,lakhmess,Lakhmess,0.009,0.0,S2C_32SNE_20260318_0_L2A,0.05,0.01,91.0,,
2026-04-07,lakhmess,Lakhmess,0.014,0.0,S2C_32SNE_20260407_0_L2A,0.05,0.01,144.0,,
2026-05-19,lakhmess,Lakhmess,0.000,0.0,S2A_32SNF_20260519_2_L2A,0.05,0.01,1.0,,
2026-06-28,lakhmess,Lakhmess,0.006,0.0,S2A_32SNE_20260628_1_L2A,0.05,0.01,56.0,,
2026-07-16,lakhmess,Lakhmess,0.000,0.0,S2C_32SNE_20260716_0_L2A,0.05,0.01,0.0,,
2026-08-20,lakhmess,Lakhmess,0.006,0.0,S2B_32SNE_20260820_0_L2A,0.05,0.01,57.0,,
2022-01-30,el-aroussia,El Aroussia,0.016,0.0,S2B_32SNF_20220130_1_L2A,0.05,0.8,2.0,,
2022-02-09,el-aroussia,El Aroussia,0.019,0.1,S2B_32SNF_20220209_0_L2A,0.05,0.8,2.4,,
2022-03-24,el-aroussia,El Aroussia,0.025,0.0,S2B_32SNF_20220324_0_L2A,0.05,0.8,3.2,,
2022-04-08,el-aroussia,El Aroussia,0.013,0.0,S2A_32SNF_20220408_0_L2A,0.05,0.8,1.6,,
2022-05-15,el-aroussia,El Aroussia,0.037,0.0,S2A_32SNF_20220515_0_L2A,0.05,0.8,4.6,,
2022-06-24,el-aroussia,El Aroussia,0.007,0.0,S2A_32SNF_20220624_0_L2A,0.05,0.8,0.9,,
2022-07-17,el-aroussia,El Aroussia,0.021,0.0,S2A_32SNF_20220717_0_L2A,0.05,0.8,2.7,,
2022-08-26,el-aroussia,El Aroussia,0.026,0.0,S2A_32SNF_20220826_0_L2A,0.05,0.8,3.2,,
2022-09-10,el-aroussia,El Aroussia,0.016,0.0,S2B_32SNF_20220910_0_L2A,0.05,0.8,2.0,,
2022-10-20,el-aroussia,El Aroussia,0.012,0.0,S2B_32SNF_20221020_0_L2A,0.05,0.8,1.5,,
2022-11-14,el-aroussia,El Aroussia,0.021,0.0,S2A_32SNF_20221114_0_L2A,0.05,0.8,2.6,,
2022-12-04,el-aroussia,El Aroussia,0.018,0.0,S2A_32SNF_20221204_0_L2A,0.05,0.8,2.2,,
2023-01-08,el-aroussia,El Aroussia,0.013,0.0,S2B_32SNF_20230108_0_L2A,0.05,0.8,1.6,,
2023-02-19,el-aroussia,El Aroussia,0.017,0.0,S2A_32SNF_20230219_0_L2A,0.05,0.8,2.1,,
2023-03-24,el-aroussia,El Aroussia,0.017,0.0,S2A_32SNF_20230324_0_L2A,0.05,0.8,2.1,,
2023-04-08,el-aroussia,El Aroussia,0.015,0.0,S2B_32SNF_20230408_0_L2A,0.05,0.8,1.9,,
2023-05-28,el-aroussia,El Aroussia,0.009,9.5,S2B_32SNF_20230528_0_L2A,0.05,0.8,1.1,,
2023-06-22,el-aroussia,El Aroussia,0.014,0.0,S2A_32SNF_20230622_1_L2A,0.05,0.8,1.8,,
2023-07-14,el-aroussia,El Aroussia,0.008,0.0,S2B_32SNF_20230714_0_L2A,0.05,0.8,1.0,,
2023-08-23,el-aroussia,El Aroussia,0.009,0.0,S2B_32SNF_20230823_0_L2A,0.05,0.8,1.1,,
2023-09-10,el-aroussia,El Aroussia,0.012,0.0,S2A_32SNF_20230910_1_L2A,0.05,0.8,1.5,,
2023-10-10,el-aroussia,El Aroussia,0.005,0.0,S2A_32SNF_20231010_0_L2A,0.05,0.8,0.6,,
2023-11-14,el-aroussia,El Aroussia,0.008,0.0,S2B_32SNF_20231114_0_L2A,0.05,0.8,1.0,,
2023-12-26,el-aroussia,El Aroussia,0.024,0.0,S2A_32SNF_20231226_0_L2A,0.05,0.8,3.0,,
2024-01-25,el-aroussia,El Aroussia,0.025,0.0,S2A_32SNF_20240125_0_L2A,0.05,0.8,3.1,,
2024-02-04,el-aroussia,El Aroussia,0.026,0.0,S2A_32SNF_20240204_0_L2A,0.05,0.8,3.3,,
2024-03-30,el-aroussia,El Aroussia,0.000,0.0,S2B_32SNF_20240330_0_L2A,0.05,0.8,0.0,,
2024-04-04,el-aroussia,El Aroussia,0.004,0.0,S2A_32SNF_20240404_1_L2A,0.05,0.8,0.5,,
2024-05-12,el-aroussia,El Aroussia,0.022,0.0,S2B_32SNF_20240512_0_L2A,0.05,0.8,2.7,,
2024-06-26,el-aroussia,El Aroussia,0.009,0.0,S2A_32SNF_20240626_0_L2A,0.05,0.8,1.1,,
2024-07-31,el-aroussia,El Aroussia,0.008,0.0,S2B_32SNF_20240731_0_L2A,0.05,0.8,1.0,,
2024-08-25,el-aroussia,El Aroussia,0.000,0.0,S2A_32SNF_20240825_0_L2A,0.05,0.8,0.0,,
2024-09-01,el-aroussia,El Aroussia,0.000,0.0,S2A_32SNF_20240901_0_L2A,0.05,0.8,0.0,,
2024-10-01,el-aroussia,El Aroussia,0.022,0.0,S2A_32SNF_20241001_0_L2A,0.05,0.8,2.8,,
2024-11-25,el-aroussia,El Aroussia,0.014,0.0,S2B_32SNF_20241125_0_L2A,0.05,0.8,1.8,,
2024-12-10,el-aroussia,El Aroussia,0.020,0.0,S2A_32SNF_20241210_0_L2A,0.05,0.8,2.5,,
2025-01-24,el-aroussia,El Aroussia,0.011,0.0,S2B_32SNF_20250124_0_L2A,0.05,0.8,1.4,,
2025-02-18,el-aroussia,El Aroussia,0.028,0.0,S2C_32SNF_20250218_0_L2A,0.05,0.8,3.5,,
2025-03-15,el-aroussia,El Aroussia,0.003,0.0,S2B_32SNF_20250315_0_L2A,0.05,0.8,0.3,,
2025-04-19,el-aroussia,El Aroussia,0.025,0.0,S2C_32SNF_20250419_0_L2A,0.05,0.8,3.1,,
2025-05-31,el-aroussia,El Aroussia,0.012,0.0,S2A_32SNF_20250531_0_L2A,0.05,0.8,1.5,,
2025-06-13,el-aroussia,El Aroussia,0.008,0.0,S2B_32SNF_20250613_1_L2A,0.05,0.8,1.0,,
2025-07-23,el-aroussia,El Aroussia,0.012,0.0,S2A_32SNF_20250723_0_L2A,0.05,0.8,1.5,,
2025-08-25,el-aroussia,El Aroussia,0.015,0.0,S2B_32SNF_20250825_0_L2A,0.05,0.8,1.8,,
2025-09-01,el-aroussia,El Aroussia,0.021,0.0,S2A_32SNF_20250901_0_L2A,0.05,0.8,2.6,,
2025-10-08,el-aroussia,El Aroussia,0.026,0.0,S2A_32SNF_20251008_0_L2A,0.05,0.8,3.3,,
2025-11-30,el-aroussia,El Aroussia,0.024,0.0,S2A_32SNF_20251130_1_L2A,0.05,0.8,2.9,,
2025-12-08,el-aroussia,El Aroussia,0.035,0.0,S2C_32SNF_20251208_0_L2A,0.05,0.8,4.3,,
2026-01-09,el-aroussia,El Aroussia,0.023,0.0,S2A_32SNF_20260109_0_L2A,0.05,0.8,2.8,,
2026-02-26,el-aroussia,El Aroussia,0.021,0.0,S2C_32SNF_20260226_0_L2A,0.05,0.8,2.7,,
2026-03-18,el-aroussia,El Aroussia,0.028,0.0,S2C_32SNF_20260318_0_L2A,0.05,0.8,3.4,,
2026-04-07,el-aroussia,El Aroussia,0.026,0.0,S2C_32SNF_20260407_0_L2A,0.05,0.8,3.3,,
2026-05-19,el-aroussia,El Aroussia,0.027,0.0,S2A_32SNF_20260519_2_L2A,0.05,0.8,3.3,,
2026-06-18,el-aroussia,El Aroussia,0.017,0.0,S2B_32SNF_20260618_0_L2A,0.05,0.8,2.1,,
2026-07-25,el-aroussia,El Aroussia,0.021,0.0,S2A_32SNF_20260725_0_L2A,0.05,0.8,2.6,,
2026-08-20,el-aroussia,El Aroussia,0.026,0.0,S2B_32SNF_20260820_0_L2A,0.05,0.8,3.2,,
2022-01-30,el-houareb,El Houareb,0.022,0.0,S2B_32SNE_20220130_0_L2A,0.05,6.0,0.4,,
2022-02-07,el-houareb,El Houareb,0.020,0.0,S2A_32SNE_20220207_0_L2A,0.05,6.0,0.3,,
2022-03-29,el-houareb,El Houareb,0.639,0.0,S2A_32SNE_20220329_0_L2A,0.05,6.0,10.7,,
2022-04-08,el-houareb,El Houareb,2.843,0.0,S2A_32SNE_20220408_0_L2A,0.05,6.0,47.4,,
2022-05-23,el-houareb,El Houareb,2.845,0.0,S2B_32SNE_20220523_0_L2A,0.05,6.0,47.4,,
2022-06-24,el-houareb,El Houareb,2.581,0.0,S2A_32SNE_20220624_0_L2A,0.05,6.0,43.0,,
2022-07-19,el-houareb,El Houareb,2.347,0.0,S2B_32SNE_20220719_0_L2A,0.05,6.0,39.1,,
2022-08-13,el-houareb,El Houareb,1.978,0.0,S2A_32SNE_20220813_0_L2A,0.05,6.0,33.0,,
2022-09-15,el-houareb,El Houareb,1.625,0.0,S2A_32SNE_20220915_0_L2A,0.05,6.0,27.1,,
2022-10-20,el-houareb,El Houareb,1.817,0.0,S2B_32SNE_20221020_0_L2A,0.05,6.0,30.3,,
2022-11-21,el-houareb,El Houareb,1.745,0.0,S2A_32SNE_20221121_0_L2A,0.05,6.0,29.1,,
2022-12-26,el-houareb,El Houareb,1.518,0.0,S2B_32SNE_20221226_0_L2A,0.05,6.0,25.3,,
2023-01-03,el-houareb,El Houareb,1.464,0.0,S2A_32SNE_20230103_0_L2A,0.05,6.0,24.4,,
2023-02-22,el-houareb,El Houareb,0.864,0.0,S2A_32SNE_20230222_0_L2A,0.05,6.0,14.4,,
2023-03-24,el-houareb,El Houareb,0.279,0.0,S2A_32SNE_20230324_0_L2A,0.05,6.0,4.7,,
2023-04-08,el-houareb,El Houareb,0.112,0.0,S2B_32SNE_20230408_0_L2A,0.05,6.0,1.9,,
2023-05-18,el-houareb,El Houareb,0.015,2.2,S2B_32SNE_20230518_0_L2A,0.05,6.0,0.2,,
2023-06-27,el-houareb,El Houareb,2.062,0.0,S2B_32SNE_20230627_0_L2A,0.05,6.0,34.4,,
2023-07-24,el-houareb,El Houareb,1.796,0.0,S2B_32SNE_20230724_0_L2A,0.05,6.0,29.9,,
2023-08-13,el-houareb,El Houareb,1.373,0.0,S2B_32SNE_20230813_0_L2A,0.05,6.0,22.9,,
2023-09-17,el-houareb,El Houareb,0.008,0.0,S2A_32SNE_20230917_0_L2A,0.05,6.0,0.1,,
2023-10-12,el-houareb,El Houareb,0.041,0.0,S2B_32SNE_20231012_0_L2A,0.05,6.0,0.7,,
2023-11-14,el-houareb,El Houareb,0.020,0.0,S2B_32SNE_20231114_0_L2A,0.05,6.0,0.3,,
2023-12-26,el-houareb,El Houareb,0.020,0.0,S2A_32SNE_20231226_0_L2A,0.05,6.0,0.3,,
2024-01-25,el-houareb,El Houareb,0.021,0.0,S2A_32SNE_20240125_0_L2A,0.05,6.0,0.3,,
2024-02-04,el-houareb,El Houareb,0.022,0.0,S2A_32SNE_20240204_0_L2A,0.05,6.0,0.4,,
2024-03-20,el-houareb,El Houareb,0.005,0.0,S2B_32SNE_20240320_0_L2A,0.05,6.0,0.1,,
2024-04-04,el-houareb,El Houareb,0.021,0.0,S2A_32SNE_20240404_0_L2A,0.05,6.0,0.3,,
2024-05-27,el-houareb,El Houareb,0.020,0.0,S2A_32SNE_20240527_1_L2A,0.05,6.0,0.3,,
2024-06-06,el-houareb,El Houareb,0.022,0.0,S2A_32SNE_20240606_0_L2A,0.05,6.0,0.4,,
2024-07-11,el-houareb,El Houareb,0.017,0.0,S2B_32SNE_20240711_0_L2A,0.05,6.0,0.3,,
2024-08-12,el-houareb,El Houareb,0.014,0.0,S2A_32SNE_20240812_0_L2A,0.05,6.0,0.2,,
2024-09-01,el-houareb,El Houareb,0.000,0.0,S2A_32SNE_20240901_0_L2A,0.05,6.0,0.0,,
2024-10-01,el-houareb,El Houareb,0.727,0.0,S2A_32SNE_20241001_0_L2A,0.05,6.0,12.1,,
2024-11-25,el-houareb,El Houareb,0.784,0.0,S2B_32SNE_20241125_0_L2A,0.05,6.0,13.1,,
2024-12-18,el-houareb,El Houareb,0.219,0.0,S2B_32SNE_20241218_0_L2A,0.05,6.0,3.7,,
2025-01-24,el-houareb,El Houareb,0.157,0.0,S2B_32SNE_20250124_0_L2A,0.05,6.0,2.6,,
2025-02-18,el-houareb,El Houareb,0.274,1.2,S2C_32SNE_20250218_0_L2A,0.05,6.0,4.6,,
2025-03-22,el-houareb,El Houareb,0.133,3.6,S2A_32SNE_20250322_0_L2A,0.05,6.0,2.2,,
2025-04-04,el-houareb,El Houareb,0.053,0.0,S2B_32SNE_20250404_0_L2A,0.05,6.0,0.9,,
2025-05-27,el-houareb,El Houareb,1.076,0.0,S2B_32SNE_20250527_0_L2A,0.05,6.0,17.9,,
2025-06-13,el-houareb,El Houareb,0.080,0.0,S2B_32SNE_20250613_1_L2A,0.05,6.0,1.3,,
2025-07-23,el-houareb,El Houareb,0.014,0.0,S2A_32SNE_20250723_0_L2A,0.05,6.0,0.2,,
2025-08-05,el-houareb,El Houareb,0.022,0.0,S2B_32SNE_20250805_0_L2A,0.05,6.0,0.4,,
2025-09-01,el-houareb,El Houareb,0.019,0.0,S2B_32SNE_20250901_1_L2A,0.05,6.0,0.3,,
2025-10-08,el-houareb,El Houareb,0.094,0.0,S2A_32SNE_20251008_0_L2A,0.05,6.0,1.6,,
2025-11-30,el-houareb,El Houareb,0.021,0.0,S2A_32SNE_20251130_1_L2A,0.05,6.0,0.3,,
2025-12-28,el-houareb,El Houareb,0.018,0.0,S2C_32SNE_20251228_0_L2A,0.05,6.0,0.3,,
2026-01-09,el-houareb,El Houareb,0.020,0.0,S2A_32SNE_20260109_0_L2A,0.05,6.0,0.3,,
2026-02-26,el-houareb,El Houareb,0.022,0.0,S2C_32SNE_20260226_0_L2A,0.05,6.0,0.4,,
2026-03-18,el-houareb,El Houareb,0.081,0.0,S2C_32SNE_20260318_0_L2A,0.05,6.0,1.3,,
2026-04-07,el-houareb,El Houareb,0.037,0.0,S2C_32SNE_20260407_0_L2A,0.05,6.0,0.6,,
2026-05-24,el-houareb,El Houareb,0.021,0.0,S2C_32SNE_20260524_0_L2A,0.05,6.0,0.3,,
2026-06-28,el-houareb,El Houareb,0.734,0.0,S2A_32SNE_20260628_1_L2A,0.05,6.0,12.2,,
2026-07-16,el-houareb,El Houareb,0.031,0.0,S2C_32SNE_20260716_0_L2A,0.05,6.0,0.5,,
2026-08-20,el-houareb,El Houareb,0.020,0.0,S2B_32SNE_20260820_0_L2A,0.05,6.0,0.3,,
2022-01-30,nebhana,Nebhana,0.001,0.0,S2B_32SNE_20220130_0_L2A,0.05,3.5,0.0,,
2022-02-07,nebhana,Nebhana,0.037,1.2,S2A_32SPE_20220207_0_L2A,0.05,3.5,1.1,,
2022-03-29,nebhana,Nebhana,0.006,11.4,S2A_32SNE_20220329_0_L2A,0.05,3.5,0.2,,
2022-04-23,nebhana,Nebhana,0.001,0.0,S2B_32SPE_20220423_0_L2A,0.05,3.5,0.0,,
2022-05-23,nebhana,Nebhana,0.001,0.0,S2B_32SPE_20220523_0_L2A,0.05,3.5,0.0,,
2022-06-22,nebhana,Nebhana,0.000,0.0,S2B_32SPE_20220622_0_L2A,0.05,3.5,0.0,,
2022-07-22,nebhana,Nebhana,0.001,0.0,S2B_32SPE_20220722_0_L2A,0.05,3.5,0.0,,
2022-08-01,nebhana,Nebhana,0.001,0.0,S2B_32SPE_20220801_0_L2A,0.05,3.5,0.0,,
2022-09-10,nebhana,Nebhana,0.002,0.0,S2B_32SPE_20220910_0_L2A,0.05,3.5,0.0,,
2022-10-20,nebhana,Nebhana,0.001,0.0,S2B_32SPE_20221020_0_L2A,0.05,3.5,0.0,,
2022-11-21,nebhana,Nebhana,0.001,0.0,S2A_32SNE_20221121_0_L2A,0.05,3.5,0.0,,
2022-12-04,nebhana,Nebhana,0.016,0.0,S2A_32SPE_20221204_0_L2A,0.05,3.5,0.5,,
2023-01-08,nebhana,Nebhana,0.000,0.0,S2B_32SPE_20230108_0_L2A,0.05,3.5,0.0,,
2023-02-22,nebhana,Nebhana,0.019,0.0,S2A_32SNE_20230222_0_L2A,0.05,3.5,0.5,,
2023-03-24,nebhana,Nebhana,0.028,0.0,S2A_32SPE_20230324_0_L2A,0.05,3.5,0.8,,
2023-04-08,nebhana,Nebhana,0.000,0.0,S2B_32SPE_20230408_0_L2A,0.05,3.5,0.0,,
2023-05-28,nebhana,Nebhana,0.001,0.0,S2B_32SPE_20230528_0_L2A,0.05,3.5,0.0,,
2023-06-17,nebhana,Nebhana,0.001,0.0,S2B_32SPE_20230617_0_L2A,0.05,3.5,0.0,,
2023-07-22,nebhana,Nebhana,0.007,0.0,S2A_32SPE_20230722_0_L2A,0.05,3.5,0.2,,
2023-08-11,nebhana,Nebhana,0.014,0.0,S2A_32SPE_20230811_0_L2A,0.05,3.5,0.4,,
2023-09-15,nebhana,Nebhana,0.001,0.0,S2B_32SPE_20230915_0_L2A,0.05,3.5,0.0,,
2023-10-15,nebhana,Nebhana,0.000,0.0,S2B_32SPE_20231015_0_L2A,0.05,3.5,0.0,,
2023-11-14,nebhana,Nebhana,0.001,0.0,S2B_32SPE_20231114_0_L2A,0.05,3.5,0.0,,
2023-12-24,nebhana,Nebhana,0.021,0.0,S2B_32SPE_20231224_0_L2A,0.05,3.5,0.6,,
2024-01-25,nebhana,Nebhana,0.001,0.0,S2A_32SPE_20240125_0_L2A,0.05,3.5,0.0,,
2024-02-04,nebhana,Nebhana,0.002,0.0,S2A_32SNE_20240204_0_L2A,0.05,3.5,0.1,,
2024-03-28,nebhana,Nebhana,0.018,0.0,S2A_32SPE_20240328_0_L2A,0.05,3.5,0.5,,
2024-04-04,nebhana,Nebhana,0.000,0.0,S2A_32SNE_20240404_1_L2A,0.05,3.5,0.0,,
2024-05-12,nebhana,Nebhana,0.001,0.0,S2B_32SPE_20240512_0_L2A,0.05,3.5,0.0,,
2024-06-21,nebhana,Nebhana,0.000,0.0,S2B_32SPE_20240621_0_L2A,0.05,3.5,0.0,,
2024-07-21,nebhana,Nebhana,0.001,0.0,S2B_32SPE_20240721_0_L2A,0.05,3.5,0.0,,
2024-08-30,nebhana,Nebhana,0.000,0.0,S2B_32SPE_20240830_0_L2A,0.05,3.5,0.0,,
2024-09-01,nebhana,Nebhana,0.000,0.0,S2A_32SNE_20240901_0_L2A,0.05,3.5,0.0,,
2024-10-01,nebhana,Nebhana,0.006,0.0,S2A_32SNE_20241001_0_L2A,0.05,3.5,0.2,,
2024-11-28,nebhana,Nebhana,0.002,0.0,S2B_32SPE_20241128_0_L2A,0.05,3.5,0.1,,
2024-12-18,nebhana,Nebhana,0.000,0.0,S2B_32SPE_20241218_0_L2A,0.05,3.5,0.0,,
2025-01-07,nebhana,Nebhana,0.001,0.0,S2B_32SPE_20250107_0_L2A,0.05,3.5,0.0,,
2025-02-16,nebhana,Nebhana,0.001,0.0,S2B_32SPE_20250216_0_L2A,0.05,3.5,0.0,,
2025-03-18,nebhana,Nebhana,0.001,0.0,S2B_32SPE_20250318_0_L2A,0.05,3.5,0.0,,
2025-04-04,nebhana,Nebhana,0.001,0.0,S2A_32SPE_20250404_1_L2A,0.05,3.5,0.0,,
2025-05-27,nebhana,Nebhana,0.000,0.0,S2B_32SPE_20250527_0_L2A,0.05,3.5,0.0,,
2025-06-16,nebhana,Nebhana,0.000,0.0,S2B_32SPE_20250616_0_L2A,0.05,3.5,0.0,,
2025-07-26,nebhana,Nebhana,0.000,0.0,S2B_32SPE_20250726_0_L2A,0.05,3.5,0.0,,
2025-08-22,nebhana,Nebhana,0.023,0.0,S2A_32SPE_20250822_1_L2A,0.05,3.5,0.7,,
2025-09-04,nebhana,Nebhana,0.001,0.0,S2B_32SPE_20250904_0_L2A,0.05,3.5,0.0,,
2025-10-08,nebhana,Nebhana,0.001,0.0,S2A_32SNE_20251008_0_L2A,0.05,3.5,0.0,,
2025-11-13,nebhana,Nebhana,0.000,0.0,S2B_32SPE_20251113_0_L2A,0.05,3.5,0.0,,
2025-12-23,nebhana,Nebhana,0.002,0.0,S2B_32SPE_20251223_0_L2A,0.05,3.5,0.0,,
2026-01-09,nebhana,Nebhana,0.019,0.0,S2A_32SNE_20260109_0_L2A,0.05,3.5,0.6,,
2026-02-26,nebhana,Nebhana,0.001,0.0,S2C_32SPE_20260226_0_L2A,0.05,3.5,0.0,,
2026-03-18,nebhana,Nebhana,0.001,0.0,S2C_32SNE_20260318_0_L2A,0.05,3.5,0.0,,
2026-04-07,nebhana,Nebhana,0.001,0.0,S2C_32SNE_20260407_0_L2A,0.05,3.5,0.0,,
2026-05-22,nebhana,Nebhana,0.000,0.0,S2B_32SPE_20260522_0_L2A,0.05,3.5,0.0,,
2026-06-21,nebhana,Nebhana,0.001,0.0,S2B_32SPE_20260621_0_L2A,0.05,3.5,0.0,,
2026-07-21,nebhana,Nebhana,0.000,0.0,S2B_32SPE_20260721_0_L2A,0.05,3.5,0.0,,
2026-08-30,nebhana,Nebhana,0.002,0.0,S2B_32SPE_20260830_0_L2A,0.05,3.5,0.1,,
2022-01-28,abid,Abid,0.039,0.0,S2A_32SMF_20220128_0_L2A,0.05,1.2,3.2,,
2022-02-07,abid,Abid,,87.8,S2A_32SMF_20220207_0_L2A,0.05,1.2,,,
2022-03-14,abid,Abid,0.030,0.0,S2B_32SMF_20220314_0_L2A,0.05,1.2,2.5,,
2022-04-08,abid,Abid,0.018,0.0,S2A_32SNF_20220408_0_L2A,0.05,1.2,1.5,,
2022-05-23,abid,Abid,0.000,0.0,S2B_32SMF_20220523_0_L2A,0.05,1.2,0.0,,
2022-06-17,abid,Abid,0.016,0.0,S2A_32SMF_20220617_0_L2A,0.05,1.2,1.4,,
2022-07-17,abid,Abid,0.024,0.0,S2A_32SMF_20220717_0_L2A,0.05,1.2,2.0,,
2022-08-26,abid,Abid,0.013,0.0,S2A_32SNF_20220826_0_L2A,0.05,1.2,1.1,,
2022-09-10,abid,Abid,0.000,0.0,S2B_32SNF_20220910_0_L2A,0.05,1.2,0.0,,
2022-10-20,abid,Abid,0.014,0.0,S2B_32SMF_20221020_0_L2A,0.05,1.2,1.2,,
2022-11-14,abid,Abid,0.001,0.0,S2A_32SMF_20221114_0_L2A,0.05,1.2,0.1,,
2022-12-04,abid,Abid,0.009,0.0,S2A_32SMF_20221204_0_L2A,0.05,1.2,0.8,,
2023-01-08,abid,Abid,0.000,0.0,S2B_32SNF_20230108_0_L2A,0.05,1.2,0.0,,
2023-02-22,abid,Abid,0.000,0.0,S2A_32SNF_20230222_1_L2A,0.05,1.2,0.0,,
2023-03-24,abid,Abid,0.000,0.0,S2A_32SMF_20230324_0_L2A,0.05,1.2,0.0,,
2023-04-08,abid,Abid,0.000,0.0,S2B_32SNF_20230408_0_L2A,0.05,1.2,0.0,,
2023-05-28,abid,Abid,0.000,0.0,S2B_32SNF_20230528_0_L2A,0.05,1.2,0.0,,
2023-06-22,abid,Abid,0.008,0.0,S2A_32SNF_20230622_1_L2A,0.05,1.2,0.7,,
2023-07-22,abid,Abid,0.000,0.0,S2A_32SNF_20230722_0_L2A,0.05,1.2,0.0,,
2023-08-26,abid,Abid,0.000,0.0,S2B_32SMF_20230826_0_L2A,0.05,1.2,0.0,,
2023-09-10,abid,Abid,0.000,0.0,S2A_32SMF_20230910_1_L2A,0.05,1.2,0.0,,
2023-10-10,abid,Abid,0.000,0.0,S2A_32SMF_20231010_0_L2A,0.05,1.2,0.0,,
2023-11-14,abid,Abid,0.000,0.0,S2B_32SMF_20231114_0_L2A,0.05,1.2,0.0,,
2023-12-24,abid,Abid,0.031,0.0,S2B_32SNF_20231224_0_L2A,0.05,1.2,2.6,,
2024-01-28,abid,Abid,0.030,8.9,S2A_32SMF_20240128_0_L2A,0.05,1.2,2.5,,
2024-02-07,abid,Abid,0.030,0.0,S2A_32SMF_20240207_0_L2A,0.05,1.2,2.5,,
2024-03-23,abid,Abid,0.029,0.0,S2B_32SMF_20240323_0_L2A,0.05,1.2,2.5,,
2024-04-27,abid,Abid,0.024,0.0,S2A_32SMF_20240427_0_L2A,0.05,1.2,2.0,,
2024-05-12,abid,Abid,0.025,0.0,S2B_32SNF_20240512_0_L2A,0.05,1.2,2.1,,
2024-06-26,abid,Abid,0.005,0.0,S2A_32SMF_20240626_0_L2A,0.05,1.2,0.4,,
2024-07-31,abid,Abid,0.000,0.0,S2B_32SMF_20240731_0_L2A,0.05,1.2,0.0,,
2024-08-10,abid,Abid,0.000,0.0,S2B_32SMF_20240810_0_L2A,0.05,1.2,0.0,,
2024-09-29,abid,Abid,0.000,0.1,S2B_32SNF_20240929_0_L2A,0.05,1.2,0.0,,
2024-10-04,abid,Abid,0.000,7.2,S2A_32SNF_20241004_0_L2A,0.05,1.2,0.0,,
2024-11-03,abid,Abid,0.000,0.0,S2A_32SMF_20241103_0_L2A,0.05,1.2,0.0,,
2024-12-13,abid,Abid,0.000,0.0,S2A_32SMF_20241213_0_L2A,0.05,1.2,0.0,,
2025-01-07,abid,Abid,0.000,1.1,S2B_32SNF_20250107_0_L2A,0.05,1.2,0.0,,
2025-02-16,abid,Abid,0.034,1.1,S2B_32SNF_20250216_0_L2A,0.05,1.2,2.9,,
2025-03-15,abid,Abid,0.028,0.1,S2A_32SNF_20250315_1_L2A,0.05,1.2,2.4,,
2025-04-24,abid,Abid,0.023,0.2,S2A_32SMF_20250424_0_L2A,0.05,1.2,1.9,,
2025-05-27,abid,Abid,0.026,0.0,S2B_32SMF_20250527_0_L2A,0.05,1.2,2.2,,
2025-06-21,abid,Abid,0.002,0.0,S2C_32SMF_20250621_0_L2A,0.05,1.2,0.2,,
2025-07-23,abid,Abid,0.000,0.0,S2A_32SNF_20250723_0_L2A,0.05,1.2,0.0,,
2025-08-25,abid,Abid,0.000,0.0,S2B_32SNF_20250825_0_L2A,0.05,1.2,0.0,,
2025-09-01,abid,Abid,0.000,0.0,S2A_32SNF_20250901_0_L2A,0.05,1.2,0.0,,
2025-10-21,abid,Abid,0.038,0.0,S2A_32SNF_20251021_0_L2A,0.05,1.2,3.2,,
2025-11-30,abid,Abid,0.038,0.0,S2A_32SNF_20251130_1_L2A,0.05,1.2,3.2,,
2025-12-08,abid,Abid,0.031,0.0,S2C_32SMF_20251208_0_L2A,0.05,1.2,2.6,,
2026-01-09,abid,Abid,0.039,0.0,S2A_32SNF_20260109_0_L2A,0.05,1.2,3.3,,
2026-02-26,abid,Abid,0.044,0.0,S2C_32SMF_20260226_0_L2A,0.05,1.2,3.6,,
2026-03-18,abid,Abid,0.046,0.0,S2C_32SMF_20260318_0_L2A,0.05,1.2,3.9,,
2026-04-07,abid,Abid,0.048,0.0,S2C_32SMF_20260407_0_L2A,0.05,1.2,4.0,,
2026-05-19,abid,Abid,0.045,0.0,S2A_32SMF_20260519_1_L2A,0.05,1.2,3.7,,
2026-06-21,abid,Abid,0.034,0.0,S2B_32SMF_20260621_0_L2A,0.05,1.2,2.8,,
2026-07-18,abid,Abid,0.000,0.0,S2A_32SMF_20260718_0_L2A,0.05,1.2,0.0,,
2026-08-20,abid,Abid,0.000,0.0,S2B_32SMF_20260820_0_L2A,0.05,1.2,0.0,,
2022-01-28,tessa,Tessa,0.658,0.0,S2A_32SMF_20220128_0_L2A,0.05,1.5,43.9,,
2022-02-07,tessa,Tessa,0.320,32.7,S2A_32SMF_20220207_0_L2A,0.05,1.5,21.3,,
2022-03-14,tessa,Tessa,0.643,0.0,S2B_32SMF_20220314_0_L2A,0.05,1.5,42.9,,
2022-04-08,tessa,Tessa,0.329,0.0,S2A_32SNF_20220408_0_L2A,0.05,1.5,21.9,,
2022-05-23,tessa,Tessa,0.488,0.0,S2B_32SMF_20220523_0_L2A,0.05,1.5,32.5,,
2022-06-17,tessa,Tessa,0.357,0.0,S2A_32SMF_20220617_0_L2A,0.05,1.5,23.8,,
2022-07-17,tessa,Tessa,0.334,0.0,S2A_32SMF_20220717_0_L2A,0.05,1.5,22.3,,
2022-08-26,tessa,Tessa,0.317,0.0,S2A_32SNF_20220826_0_L2A,0.05,1.5,21.1,,
2022-09-10,tessa,Tessa,0.298,0.0,S2B_32SNF_20220910_0_L2A,0.05,1.5,19.8,,
2022-10-20,tessa,Tessa,0.584,0.0,S2B_32SMF_20221020_0_L2A,0.05,1.5,38.9,,
2022-11-14,tessa,Tessa,0.582,0.0,S2A_32SMF_20221114_0_L2A,0.05,1.5,38.8,,
2022-12-04,tessa,Tessa,0.587,0.0,S2A_32SMF_20221204_0_L2A,0.05,1.5,39.2,,
2023-01-08,tessa,Tessa,0.271,0.0,S2B_32SNF_20230108_0_L2A,0.05,1.5,18.1,,
2023-02-22,tessa,Tessa,0.247,0.0,S2A_32SNF_20230222_1_L2A,0.05,1.5,16.5,,
2023-03-24,tessa,Tessa,0.424,0.0,S2A_32SMF_20230324_0_L2A,0.05,1.5,28.3,,
2023-04-08,tessa,Tessa,0.246,0.3,S2B_32SNF_20230408_0_L2A,0.05,1.5,16.4,,
2023-05-28,tessa,Tessa,0.227,0.0,S2B_32SNF_20230528_0_L2A,0.05,1.5,15.1,,
2023-06-22,tessa,Tessa,0.223,0.0,S2A_32SNF_20230622_1_L2A,0.05,1.5,14.9,,
2023-07-22,tessa,Tessa,0.207,0.0,S2A_32SNF_20230722_0_L2A,0.05,1.5,13.8,,
2023-08-26,tessa,Tessa,0.441,0.0,S2B_32SMF_20230826_0_L2A,0.05,1.5,29.4,,
2023-09-10,tessa,Tessa,0.422,0.0,S2A_32SMF_20230910_1_L2A,0.05,1.5,28.1,,
2023-10-10,tessa,Tessa,0.478,0.0,S2A_32SMF_20231010_0_L2A,0.05,1.5,31.8,,
2023-11-14,tessa,Tessa,0.470,0.0,S2B_32SMF_20231114_0_L2A,0.05,1.5,31.4,,
2023-12-24,tessa,Tessa,0.190,0.2,S2B_32SNF_20231224_0_L2A,0.05,1.5,12.7,,
2024-01-28,tessa,Tessa,0.278,18.9,S2A_32SMF_20240128_0_L2A,0.05,1.5,18.5,,
2024-02-07,tessa,Tessa,0.524,0.0,S2A_32SMF_20240207_0_L2A,0.05,1.5,34.9,,
2024-03-23,tessa,Tessa,0.519,0.9,S2B_32SMF_20240323_0_L2A,0.05,1.5,34.6,,
2024-04-27,tessa,Tessa,0.330,0.0,S2A_32SMF_20240427_0_L2A,0.05,1.5,22.0,,
2024-05-27,tessa,Tessa,0.000,0.0,S2A_32SNF_20240527_1_L2A,0.05,1.5,0.0,,
2024-06-26,tessa,Tessa,0.221,0.0,S2A_32SMF_20240626_0_L2A,0.05,1.5,14.7,,
2024-07-31,tessa,Tessa,0.204,0.0,S2B_32SMF_20240731_0_L2A,0.05,1.5,13.6,,
2024-08-10,tessa,Tessa,0.203,0.0,S2B_32SMF_20240810_0_L2A,0.05,1.5,13.5,,
2024-09-29,tessa,Tessa,0.191,2.0,S2B_32SNF_20240929_0_L2A,0.05,1.5,12.7,,
2024-10-04,tessa,Tessa,0.191,11.7,S2A_32SNF_20241004_0_L2A,0.05,1.5,12.8,,
2024-11-03,tessa,Tessa,0.197,0.0,S2A_32SMF_20241103_0_L2A,0.05,1.5,13.1,,
2024-12-13,tessa,Tessa,0.199,1.8,S2A_32SMF_20241213_0_L2A,0.05,1.5,13.2,,
2025-01-07,tessa,Tessa,0.187,4.0,S2B_32SNF_20250107_0_L2A,0.05,1.5,12.5,,
2025-02-16,tessa,Tessa,0.229,0.1,S2B_32SNF_20250216_0_L2A,0.05,1.5,15.3,,
2025-03-15,tessa,Tessa,0.210,0.0,S2A_32SNF_20250315_1_L2A,0.05,1.5,14.0,,
2025-04-24,tessa,Tessa,0.565,0.7,S2A_32SMF_20250424_0_L2A,0.05,1.5,37.7,,
2025-05-27,tessa,Tessa,0.623,0.0,S2B_32SMF_20250527_0_L2A,0.05,1.5,41.5,,
2025-06-21,tessa,Tessa,0.594,0.0,S2C_32SMF_20250621_0_L2A,0.05,1.5,39.6,,
2025-07-23,tessa,Tessa,0.271,0.0,S2A_32SNF_20250723_0_L2A,0.05,1.5,18.0,,
2025-08-25,tessa,Tessa,0.252,0.0,S2B_32SNF_20250825_0_L2A,0.05,1.5,16.8,,
2025-09-01,tessa,Tessa,0.255,0.0,S2A_32SNF_20250901_0_L2A,0.05,1.5,17.0,,
2025-10-21,tessa,Tessa,0.248,0.0,S2A_32SNF_20251021_0_L2A,0.05,1.5,16.5,,
2025-11-30,tessa,Tessa,0.245,0.0,S2A_32SNF_20251130_1_L2A,0.05,1.5,16.3,,
2025-12-08,tessa,Tessa,0.581,0.0,S2C_32SMF_20251208_0_L2A,0.05,1.5,38.8,,
2026-01-09,tessa,Tessa,0.241,0.0,S2A_32SNF_20260109_0_L2A,0.05,1.5,16.1,,
2026-02-26,tessa,Tessa,0.703,0.0,S2C_32SMF_20260226_0_L2A,0.05,1.5,46.9,,
2026-03-18,tessa,Tessa,0.691,0.0,S2C_32SMF_20260318_0_L2A,0.05,1.5,46.1,,
2026-04-07,tessa,Tessa,0.729,0.0,S2C_32SMF_20260407_0_L2A,0.05,1.5,48.6,,
2026-05-19,tessa,Tessa,0.591,0.0,S2A_32SMF_20260519_1_L2A,0.05,1.5,39.4,,
2026-06-21,tessa,Tessa,0.569,0.0,S2B_32SMF_20260621_0_L2A,0.05,1.5,38.0,,
2026-07-18,tessa,Tessa,0.323,0.0,S2A_32SMF_20260718_0_L2A,0.05,1.5,21.5,,
2026-08-20,tessa,Tessa,0.643,0.0,S2B_32SMF_20260820_0_L2A,0.05,1.5,42.9,,
2022-01-28,moula,Moula,0.086,0.0,S2A_32SMF_20220128_0_L2A,0.05,0.7,12.3,,
2022-02-07,moula,Moula,,99.4,S2A_32SMF_20220207_0_L2A,0.05,0.7,,,
2022-03-14,moula,Moula,0.079,0.0,S2B_32SMF_20220314_0_L2A,0.05,0.7,11.2,,
2022-04-08,moula,Moula,0.083,0.0,S2A_32SNF_20220408_0_L2A,0.05,0.7,11.9,,
2022-05-23,moula,Moula,0.068,0.0,S2B_32SMF_20220523_0_L2A,0.05,0.7,9.7,,
2022-06-17,moula,Moula,0.062,0.0,S2A_32SMF_20220617_0_L2A,0.05,0.7,8.8,,
2022-07-17,moula,Moula,0.039,0.0,S2A_32SMF_20220717_0_L2A,0.05,0.7,5.6,,
2022-08-26,moula,Moula,0.030,0.0,S2A_32SNF_20220826_0_L2A,0.05,0.7,4.3,,
2022-09-10,moula,Moula,0.026,0.0,S2B_32SNF_20220910_0_L2A,0.05,0.7,3.8,,
2022-10-20,moula,Moula,0.010,0.0,S2B_32SMF_20221020_0_L2A,0.05,0.7,1.5,,
2022-11-14,moula,Moula,0.007,0.0,S2A_32SMF_20221114_0_L2A,0.05,0.7,0.9,,
2022-12-04,moula,Moula,0.005,0.0,S2A_32SMF_20221204_0_L2A,0.05,0.7,0.8,,
2023-01-08,moula,Moula,0.001,0.0,S2B_32SNF_20230108_0_L2A,0.05,0.7,0.2,,
2023-02-22,moula,Moula,0.000,0.0,S2A_32SNF_20230222_0_L2A,0.05,0.7,0.0,,
2023-03-24,moula,Moula,0.000,0.0,S2A_32SMF_20230324_0_L2A,0.05,0.7,0.1,,
2023-04-08,moula,Moula,0.001,0.0,S2B_32SNF_20230408_0_L2A,0.05,0.7,0.1,,
2023-05-28,moula,Moula,0.001,3.1,S2B_32SNF_20230528_0_L2A,0.05,0.7,0.1,,
2023-06-22,moula,Moula,0.001,0.0,S2A_32SNF_20230622_1_L2A,0.05,0.7,0.1,,
2023-07-22,moula,Moula,0.001,0.0,S2A_32SNF_20230722_0_L2A,0.05,0.7,0.1,,
2023-08-26,moula,Moula,0.000,0.0,S2B_32SMF_20230826_0_L2A,0.05,0.7,0.0,,
2023-09-10,moula,Moula,0.000,0.0,S2A_32SMF_20230910_1_L2A,0.05,0.7,0.0,,
2023-10-10,moula,Moula,0.001,0.0,S2A_32SMF_20231010_0_L2A,0.05,0.7,0.1,,
2023-11-14,moula,Moula,0.001,0.0,S2B_32SMF_20231114_0_L2A,0.05,0.7,0.2,,
2023-12-24,moula,Moula,0.003,39.7,S2B_32SNF_20231224_0_L2A,0.05,0.7,0.4,,
2024-01-28,moula,Moula,,64.6,S2A_32SMF_20240128_0_L2A,0.05,0.7,,,
2024-02-07,moula,Moula,0.011,11.5,S2A_32SMF_20240207_0_L2A,0.05,0.7,1.5,,
2024-03-23,moula,Moula,0.022,4.8,S2B_32SMF_20240323_0_L2A,0.05,0.7,3.2,,
2024-04-27,moula,Moula,0.023,0.0,S2A_32SMF_20240427_0_L2A,0.05,0.7,3.3,,
2024-05-12,moula,Moula,0.023,0.0,S2B_32SNF_20240512_0_L2A,0.05,0.7,3.3,,
2024-06-26,moula,Moula,0.015,0.0,S2A_32SMF_20240626_0_L2A,0.05,0.7,2.1,,
2024-07-31,moula,Moula,0.010,0.0,S2B_32SMF_20240731_0_L2A,0.05,0.7,1.5,,
2024-08-10,moula,Moula,0.009,0.0,S2B_32SMF_20240810_0_L2A,0.05,0.7,1.3,,
2024-09-29,moula,Moula,0.001,0.0,S2B_32SNF_20240929_0_L2A,0.05,0.7,0.1,,
2024-10-04,moula,Moula,0.001,16.6,S2A_32SNF_20241004_0_L2A,0.05,0.7,0.1,,
2024-11-03,moula,Moula,0.002,0.0,S2A_32SMF_20241103_0_L2A,0.05,0.7,0.2,,
2024-12-13,moula,Moula,0.002,22.0,S2A_32SMF_20241213_0_L2A,0.05,0.7,0.2,,
2025-01-07,moula,Moula,0.003,39.3,S2B_32SNF_20250107_0_L2A,0.05,0.7,0.4,,
2025-02-16,moula,Moula,0.026,12.5,S2B_32SNF_20250216_0_L2A,0.05,0.7,3.7,,
2025-03-15,moula,Moula,0.000,12.6,S2A_32SNF_20250315_1_L2A,0.05,0.7,0.0,,
2025-04-24,moula,Moula,0.027,20.7,S2A_32SMF_20250424_0_L2A,0.05,0.7,3.9,,
2025-05-27,moula,Moula,0.034,0.0,S2B_32SMF_20250527_0_L2A,0.05,0.7,4.8,,
2025-06-21,moula,Moula,0.030,0.0,S2C_32SMF_20250621_0_L2A,0.05,0.7,4.3,,
2025-07-23,moula,Moula,0.026,0.0,S2A_32SNF_20250723_0_L2A,0.05,0.7,3.8,,
2025-08-25,moula,Moula,0.021,0.0,S2B_32SNF_20250825_0_L2A,0.05,0.7,3.0,,
2025-09-01,moula,Moula,0.018,0.0,S2A_32SNF_20250901_0_L2A,0.05,0.7,2.6,,
2025-10-21,moula,Moula,0.011,0.0,S2A_32SNF_20251021_0_L2A,0.05,0.7,1.6,,
2025-11-30,moula,Moula,0.014,0.0,S2A_32SNF_20251130_1_L2A,0.05,0.7,2.0,,
2025-12-08,moula,Moula,0.016,0.0,S2C_32SMF_20251208_0_L2A,0.05,0.7,2.3,,
2026-01-09,moula,Moula,0.016,0.0,S2A_32SNF_20260109_0_L2A,0.05,0.7,2.3,,
2026-02-26,moula,Moula,0.102,0.0,S2C_32SMF_20260226_0_L2A,0.05,0.7,14.6,,
2026-03-18,moula,Moula,0.109,19.0,S2C_32SMF_20260318_0_L2A,0.05,0.7,15.5,,
2026-04-07,moula,Moula,0.132,0.0,S2C_32SMF_20260407_0_L2A,0.05,0.7,18.9,,
2026-05-19,moula,Moula,0.142,0.0,S2A_32SMF_20260519_0_L2A,0.05,0.7,20.4,,
2026-06-21,moula,Moula,0.134,0.0,S2B_32SMF_20260621_0_L2A,0.05,0.7,19.1,,
2026-07-18,moula,Moula,0.123,0.0,S2A_32SMF_20260718_0_L2A,0.05,0.7,17.6,,
2026-08-20,moula,Moula,0.119,0.0,S2B_32SMF_20260820_0_L2A,0.05,0.7,16.9,,
2022-01-05,harka,Harka,0.006,4.2,S2A_32SNF_20220105_0_L2A,0.05,0.7,0.9,,
2022-02-09,harka,Harka,0.077,0.4,S2B_32SNG_20220209_0_L2A,0.05,0.7,11.0,,
2022-03-24,harka,Harka,,72.3,S2B_32SNG_20220324_0_L2A,0.05,0.7,,,
2022-04-08,harka,Harka,0.010,0.0,S2A_32SNF_20220408_0_L2A,0.05,0.7,1.4,,
2022-05-15,harka,Harka,0.019,0.0,S2A_32SNF_20220515_0_L2A,0.05,0.7,2.8,,
2022-06-24,harka,Harka,0.004,0.0,S2A_32SNF_20220624_0_L2A,0.05,0.7,0.6,,
2022-07-17,harka,Harka,0.003,0.0,S2A_32SNF_20220717_0_L2A,0.05,0.7,0.4,,
2022-08-26,harka,Harka,0.008,0.0,S2A_32SNF_20220826_0_L2A,0.05,0.7,1.1,,
2022-09-10,harka,Harka,0.007,0.0,S2B_32SNF_20220910_0_L2A,0.05,0.7,1.1,,
2022-10-20,harka,Harka,0.012,0.0,S2B_32SNF_20221020_0_L2A,0.05,0.7,1.7,,
2022-11-14,harka,Harka,0.013,0.0,S2A_32SNF_20221114_0_L2A,0.05,0.7,1.9,,
2022-12-04,harka,Harka,0.011,0.0,S2A_32SNF_20221204_0_L2A,0.05,0.7,1.6,,
2023-01-08,harka,Harka,0.010,0.0,S2B_32SNF_20230108_0_L2A,0.05,0.7,1.5,,
2023-02-19,harka,Harka,0.009,0.0,S2A_32SNF_20230219_0_L2A,0.05,0.7,1.3,,
2023-03-24,harka,Harka,0.011,0.0,S2A_32SNF_20230324_0_L2A,0.05,0.7,1.6,,
2023-04-08,harka,Harka,0.012,0.0,S2B_32SNF_20230408_0_L2A,0.05,0.7,1.7,,
2023-05-10,harka,Harka,0.014,35.7,S2A_32SNG_20230510_0_L2A,0.05,0.7,1.9,,
2023-06-29,harka,Harka,0.011,0.0,S2A_32SNG_20230629_0_L2A,0.05,0.7,1.6,,
2023-07-14,harka,Harka,0.001,0.0,S2B_32SNF_20230714_0_L2A,0.05,0.7,0.1,,
2023-08-16,harka,Harka,0.005,0.0,S2B_32SNF_20230816_0_L2A,0.05,0.7,0.7,,
2023-09-10,harka,Harka,0.006,0.0,S2A_32SNG_20230910_1_L2A,0.05,0.7,0.8,,
2023-10-10,harka,Harka,0.006,0.0,S2A_32SNF_20231010_0_L2A,0.05,0.7,0.9,,
2023-11-14,harka,Harka,0.008,0.0,S2B_32SNF_20231114_0_L2A,0.05,0.7,1.2,,
2023-12-26,harka,Harka,0.011,1.8,S2A_32SNF_20231226_0_L2A,0.05,0.7,1.5,,
2024-01-25,harka,Harka,0.011,0.0,S2A_32SNF_20240125_0_L2A,0.05,0.7,1.5,,
2024-02-04,harka,Harka,0.008,19.6,S2A_32SNF_20240204_0_L2A,0.05,0.7,1.2,,
2024-03-30,harka,Harka,0.000,0.0,S2B_32SNF_20240330_0_L2A,0.05,0.7,0.0,,
2024-04-04,harka,Harka,0.008,0.0,S2A_32SNF_20240404_1_L2A,0.05,0.7,1.2,,
2024-05-12,harka,Harka,0.005,0.0,S2B_32SNF_20240512_0_L2A,0.05,0.7,0.7,,
2024-06-26,harka,Harka,0.003,0.0,S2A_32SNF_20240626_0_L2A,0.05,0.7,0.5,,
2024-07-31,harka,Harka,0.001,0.0,S2B_32SNF_20240731_0_L2A,0.05,0.7,0.2,,
2024-08-25,harka,Harka,0.004,0.0,S2A_32SNF_20240825_0_L2A,0.05,0.7,0.6,,
2024-09-01,harka,Harka,0.000,0.0,S2A_32SNG_20240901_0_L2A,0.05,0.7,0.0,,
2024-10-01,harka,Harka,0.008,0.0,S2A_32SNF_20241001_0_L2A,0.05,0.7,1.1,,
2024-11-25,harka,Harka,0.006,0.0,S2B_32SNF_20241125_0_L2A,0.05,0.7,0.9,,
2024-12-10,harka,Harka,0.007,0.0,S2A_32SNF_20241210_0_L2A,0.05,0.7,1.0,,
2025-01-24,harka,Harka,0.011,0.0,S2B_32SNF_20250124_0_L2A,0.05,0.7,1.6,,
2025-02-18,harka,Harka,0.007,8.6,S2C_32SNF_20250218_0_L2A,0.05,0.7,1.0,,
2025-03-20,harka,Harka,0.008,0.0,S2C_32SNG_20250320_0_L2A,0.05,0.7,1.1,,
2025-04-19,harka,Harka,0.018,0.0,S2C_32SNF_20250419_0_L2A,0.05,0.7,2.6,,
2025-05-31,harka,Harka,0.012,0.0,S2A_32SNF_20250531_0_L2A,0.05,0.7,1.7,,
2025-06-13,harka,Harka,0.009,0.0,S2B_32SNG_20250613_1_L2A,0.05,0.7,1.3,,
2025-07-23,harka,Harka,0.003,0.0,S2A_32SNF_20250723_0_L2A,0.05,0.7,0.4,,
2025-08-25,harka,Harka,0.008,0.0,S2B_32SNF_20250825_0_L2A,0.05,0.7,1.1,,
2025-09-01,harka,Harka,0.009,0.0,S2A_32SNF_20250901_0_L2A,0.05,0.7,1.4,,
2025-10-08,harka,Harka,0.010,0.0,S2A_32SNF_20251008_0_L2A,0.05,0.7,1.4,,
2025-11-30,harka,Harka,0.009,0.0,S2A_32SNF_20251130_1_L2A,0.05,0.7,1.3,,
2025-12-08,harka,Harka,0.008,44.2,S2C_32SNF_20251208_0_L2A,0.05,0.7,1.2,,
2026-01-09,harka,Harka,0.007,0.0,S2A_32SNF_20260109_0_L2A,0.05,0.7,0.9,,
2026-02-26,harka,Harka,0.014,0.0,S2C_32SNF_20260226_0_L2A,0.05,0.7,2.0,,
2026-03-08,harka,Harka,0.005,4.4,S2C_32SNG_20260308_0_L2A,0.05,0.7,0.7,,
2026-04-07,harka,Harka,0.015,0.0,S2C_32SNG_20260407_0_L2A,0.05,0.7,2.1,,
2026-05-24,harka,Harka,0.010,1.4,S2C_32SNG_20260524_0_L2A,0.05,0.7,1.4,,
2026-06-18,harka,Harka,0.006,0.0,S2B_32SNF_20260618_0_L2A,0.05,0.7,0.9,,
2026-07-25,harka,Harka,0.008,0.0,S2A_32SNF_20260725_0_L2A,0.05,0.7,1.2,,
2026-08-20,harka,Harka,0.006,0.0,S2B_32SNF_20260820_0_L2A,0.05,0.7,0.9,,
2026-09-13,sejnane,Sejnane,0.001,0.0,S2B_32SMF_20260909_0_L2A,0.05,3.668,0.0,0.001,0.500
2026-09-13,joumine,Joumine,0.001,0.0,S2B_32SNF_20260909_0_L2A,0.05,8.0,0.0,0.001,0.750
2026-09-13,ghezala,Ghezala,0.222,0.0,S2B_32SNG_20260909_0_L2A,0.05,0.271,82.1,0.175,0.786
2026-09-13,kasseb,Kasseb,0.051,0.0,S2B_32SMF_20260909_0_L2A,0.05,3.0,1.7,0.047,0.916
2026-09-13,mellegue,Mellegue (Nebeur),0.203,0.0,S2B_32SMF_20260909_0_L2A,0.05,8.0,2.5,0.056,0.278
2026-09-13,sarrat,Sarrat,0.026,0.0,S2B_32SMF_20260909_0_L2A,0.05,2.0,1.3,0.010,0.374
2026-09-13,lakhmess,Lakhmess,0.005,0.0,S2B_32SNE_20260909_0_L2A,0.05,0.01,49.0,0.002,0.429
2026-09-13,el-aroussia,El Aroussia,0.018,0.0,S2B_32SNF_20260909_0_L2A,0.05,0.8,2.3,0.019,0.958
2026-09-13,el-houareb,El Houareb,0.017,0.0,S2B_32SNE_20260909_0_L2A,0.05,6.0,0.3,0.010,0.599
2026-09-13,nebhana,Nebhana,0.001,0.0,S2B_32SNE_20260909_0_L2A,0.05,3.5,0.0,0.001,0.462
2026-09-13,abid,Abid,0.000,0.0,S2B_32SMF_20260909_0_L2A,0.05,1.2,0.0,0.001,0.000
2026-09-13,tessa,Tessa,0.651,0.0,S2B_32SMF_20260909_0_L2A,0.05,1.5,43.4,0.518,0.795
2026-09-13,moula,Moula,0.115,0.0,S2B_32SMF_20260909_0_L2A,0.05,0.7,16.4,0.097,0.850
2026-09-13,harka,Harka,0.006,25.0,S2C_32SNG_20260911_0_L2A,0.05,0.7,0.9,0.019,0.344
2017-04-14,sidi-salem,Sidi Salem,18.025,0.1,S2A_32SNF_20170414_0_L2A,0.05,28.8,62.6,,
2017-05-04,sidi-salem,Sidi Salem,18.043,0.1,S2A_32SNF_20170504_0_L2A,0.05,28.8,62.7,,
2017-06-13,sidi-salem,Sidi Salem,13.626,1.6,S2A_MSIL2A_20170613T101031_R022_T32SNF_20210209T223826,0.05,28.8,47.3,,
2017-07-18,sidi-salem,Sidi Salem,16.464,0.2,S2B_32SNF_20170718_0_L2A,0.05,28.8,57.2,,
2017-08-27,sidi-salem,Sidi Salem,15.281,0.2,S2B_32SNF_20170827_0_L2A,0.05,28.8,53.1,,
2017-09-06,sidi-salem,Sidi Salem,15.065,1.1,S2B_32SNF_20170906_0_L2A,0.05,28.8,52.3,,
2017-10-16,sidi-salem,Sidi Salem,13.889,0.2,S2B_32SNF_20171016_0_L2A,0.05,28.8,48.2,,
2017-11-05,sidi-salem,Sidi Salem,6.633,46.6,S2B_32SNF_20171105_0_L2A,0.05,28.8,23.0,,
2017-12-15,sidi-salem,Sidi Salem,14.664,0.3,S2B_32SNF_20171215_0_L2A,0.05,28.8,50.9,,
2018-01-24,sidi-salem,Sidi Salem,8.680,17.2,S2B_32SNF_20180124_0_L2A,0.05,28.8,30.1,,
2018-02-08,sidi-salem,Sidi Salem,15.665,4.2,S2A_MSIL2A_20180208T101151_R022_T32SNF_20201013T201415,0.05,28.8,54.4,,
2018-03-30,sidi-salem,Sidi Salem,8.407,16.5,S2A_32SNF_20180330_0_L2A,0.05,28.8,29.2,,
2018-04-24,sidi-salem,Sidi Salem,16.843,0.1,S2B_32SNF_20180424_0_L2A,0.05,28.8,58.5,,
2018-05-24,sidi-salem,Sidi Salem,17.041,0.2,S2B_32SNF_20180524_0_L2A,0.05,28.8,59.2,,
2018-06-28,sidi-salem,Sidi Salem,15.658,0.3,S2A_32SNF_20180628_1_L2A,0.05,28.8,54.4,,
2018-07-18,sidi-salem,Sidi Salem,15.265,0.1,S2A_32SNF_20180718_1_L2A,0.05,28.8,53.0,,
2018-08-02,sidi-salem,Sidi Salem,15.451,0.0,S2B_32SNF_20180802_1_L2A,0.05,28.8,53.6,,
2018-09-01,sidi-salem,Sidi Salem,14.897,0.0,S2B_32SNF_20180901_1_L2A,0.05,28.8,51.7,,
2018-10-26,sidi-salem,Sidi Salem,16.677,0.0,S2A_32SNF_20181026_1_L2A,0.05,28.8,57.9,,
2018-11-05,sidi-salem,Sidi Salem,17.133,0.1,S2A_32SNF_20181105_0_L2A,0.05,28.8,59.5,,
2018-12-30,sidi-salem,Sidi Salem,2.456,11.5,S2B_32SNF_20181230_0_L2A,0.05,28.8,8.5,,
2019-01-19,sidi-salem,Sidi Salem,18.421,10.2,S2B_32SNF_20190119_0_L2A,0.05,28.8,64.0,,
2019-02-08,sidi-salem,Sidi Salem,16.357,11.0,S2B_32SNF_20190208_0_L2A,0.05,28.8,56.8,,
2019-03-25,sidi-salem,Sidi Salem,24.024,0.0,S2A_32SNF_20190325_1_L2A,0.05,28.8,83.4,,
2019-04-29,sidi-salem,Sidi Salem,21.473,0.7,S2B_32SNF_20190429_0_L2A,0.05,28.8,74.6,,
2019-05-09,sidi-salem,Sidi Salem,8.469,38.6,S2B_32SNF_20190509_0_L2A,0.05,28.8,29.4,,
2019-06-03,sidi-salem,Sidi Salem,23.168,0.0,S2A_32SNF_20190603_1_L2A,0.05,28.8,80.4,,
2019-07-23,sidi-salem,Sidi Salem,22.587,0.0,S2A_32SNF_20190723_1_L2A,0.05,28.8,78.4,,
2019-08-17,sidi-salem,Sidi Salem,22.399,0.0,S2B_32SNF_20190817_1_L2A,0.05,28.8,77.8,,
2019-09-16,sidi-salem,Sidi Salem,22.206,0.1,S2B_32SNF_20190916_0_L2A,0.05,28.8,77.1,,
2019-10-01,sidi-salem,Sidi Salem,22.212,0.0,S2A_32SNF_20191001_1_L2A,0.05,28.8,77.1,,
2019-11-20,sidi-salem,Sidi Salem,21.839,0.0,S2A_32SNF_20191120_1_L2A,0.05,28.8,75.8,,
2019-12-25,sidi-salem,Sidi Salem,22.131,0.0,S2B_32SNF_20191225_1_L2A,0.05,28.8,76.8,,
2020-01-19,sidi-salem,Sidi Salem,19.971,0.0,S2A_32SNF_20200119_1_L2A,0.05,28.8,69.3,,
2020-02-28,sidi-salem,Sidi Salem,22.009,0.0,S2A_32SNF_20200228_1_L2A,0.05,28.8,76.4,,
2020-03-14,sidi-salem,Sidi Salem,22.150,0.1,S2B_32SNF_20200314_0_L2A,0.05,28.8,76.9,,
2020-04-08,sidi-salem,Sidi Salem,22.268,0.9,S2A_32SNF_20200408_0_L2A,0.05,28.8,77.3,,
2020-05-23,sidi-salem,Sidi Salem,21.951,0.0,S2B_32SNF_20200523_1_L2A,0.05,28.8,76.2,,
2020-06-02,sidi-salem,Sidi Salem,21.357,0.3,S2B_32SNF_20200602_0_L2A,0.05,28.8,74.2,,
2020-07-27,sidi-salem,Sidi Salem,20.337,0.0,S2A_32SNF_20200727_1_L2A,0.05,28.8,70.6,,
2020-08-01,sidi-salem,Sidi Salem,20.090,0.0,S2B_32SNF_20200801_1_L2A,0.05,28.8,69.8,,
2020-09-30,sidi-salem,Sidi Salem,18.808,0.0,S2B_32SNF_20200930_1_L2A,0.05,28.8,65.3,,
2020-10-10,sidi-salem,Sidi Salem,18.811,0.0,S2B_32SNF_20201010_1_L2A,0.05,28.8,65.3,,
2020-11-09,sidi-salem,Sidi Salem,15.027,7.9,S2B_32SNF_20201109_0_L2A,0.05,28.8,52.2,,
2020-12-24,sidi-salem,Sidi Salem,18.540,0.0,S2A_32SNF_20201224_3_L2A,0.05,28.8,64.4,,
2021-01-03,sidi-salem,Sidi Salem,18.669,0.4,S2A_32SNF_20210103_0_L2A,0.05,28.8,64.8,,
2021-02-17,sidi-salem,Sidi Salem,12.057,3.2,S2B_32SNF_20210217_0_L2A,0.05,28.8,41.9,,
2021-03-14,sidi-salem,Sidi Salem,11.978,13.9,S2A_32SNF_20210314_0_L2A,0.05,28.8,41.6,,
2021-04-03,sidi-salem,Sidi Salem,19.487,0.0,S2A_32SNF_20210403_1_L2A,0.05,28.8,67.7,,
2021-05-08,sidi-salem,Sidi Salem,19.512,0.0,S2B_32SNF_20210508_1_L2A,0.05,28.8,67.7,,
2021-06-22,sidi-salem,Sidi Salem,13.783,1.6,S2A_32SNF_20210622_0_L2A,0.05,28.8,47.9,,
2021-07-22,sidi-salem,Sidi Salem,16.546,0.0,S2A_32SNF_20210722_1_L2A,0.05,28.8,57.4,,
2021-08-06,sidi-salem,Sidi Salem,16.023,0.0,S2B_32SNF_20210806_1_L2A,0.05,28.8,55.6,,
2021-09-25,sidi-salem,Sidi Salem,0.347,2.8,S2B_32SNF_20210925_1_L2A,0.05,28.8,1.2,,
2021-10-20,sidi-salem,Sidi Salem,12.587,0.5,S2A_32SNF_20211020_0_L2A,0.05,28.8,43.7,,
2021-11-24,sidi-salem,Sidi Salem,12.903,0.4,S2B_32SNF_20211124_0_L2A,0.05,28.8,44.8,,
2021-12-14,sidi-salem,Sidi Salem,14.147,0.0,S2B_32SNF_20211214_1_L2A,0.05,28.8,49.1,,
2017-03-15,sidi-el-barrak,Sidi El Barrak,10.186,47.5,S2A_32SMG_20170315_0_L2A,0.05,15.5,65.7,,
2017-04-14,sidi-el-barrak,Sidi El Barrak,21.868,0.0,S2A_32SNG_20170414_0_L2A,0.05,15.5,141.1,,
2017-05-04,sidi-el-barrak,Sidi El Barrak,20.422,0.1,S2A_32SNF_20170504_0_L2A,0.05,15.5,131.8,,
2017-06-23,sidi-el-barrak,Sidi El Barrak,16.519,4.2,S2A_MSIL2A_20170623T101021_R022_T32SMG_20210210T010829,0.05,15.5,106.6,,
2017-07-18,sidi-el-barrak,Sidi El Barrak,16.206,0.3,S2B_32SMG_20170718_0_L2A,0.05,15.5,104.6,,
2017-08-27,sidi-el-barrak,Sidi El Barrak,15.047,0.2,S2B_32SMG_20170827_0_L2A,0.05,15.5,97.1,,
2017-09-06,sidi-el-barrak,Sidi El Barrak,14.858,1.9,S2B_32SMG_20170906_0_L2A,0.05,15.5,95.9,,
2017-10-16,sidi-el-barrak,Sidi El Barrak,13.557,0.2,S2B_32SMG_20171016_1_L2A,0.05,15.5,87.5,,
2017-11-05,sidi-el-barrak,Sidi El Barrak,11.871,1.0,S2B_32SMF_20171105_0_L2A,0.05,15.5,76.6,,
2017-12-15,sidi-el-barrak,Sidi El Barrak,12.088,0.3,S2B_32SNF_20171215_0_L2A,0.05,15.5,78.0,,
2018-01-24,sidi-el-barrak,Sidi El Barrak,,62.5,S2B_32SMG_20180124_0_L2A,0.05,15.5,,,
2018-02-08,sidi-el-barrak,Sidi El Barrak,12.377,38.6,S2A_MSIL2A_20180208T101151_R022_T32SMF_20201013T201441,0.05,15.5,79.8,,
2018-03-30,sidi-el-barrak,Sidi El Barrak,22.127,0.1,S2A_32SNG_20180330_0_L2A,0.05,15.5,142.8,,
2018-04-09,sidi-el-barrak,Sidi El Barrak,21.998,0.1,S2A_32SMG_20180409_0_L2A,0.05,15.5,141.9,,
2018-05-24,sidi-el-barrak,Sidi El Barrak,21.807,0.1,S2B_32SMG_20180524_0_L2A,0.05,15.5,140.7,,
2018-06-28,sidi-el-barrak,Sidi El Barrak,19.748,0.8,S2A_32SMF_20180628_1_L2A,0.05,15.5,127.4,,
2018-07-18,sidi-el-barrak,Sidi El Barrak,19.099,0.0,S2A_32SMG_20180718_1_L2A,0.05,15.5,123.2,,
2018-08-02,sidi-el-barrak,Sidi El Barrak,18.850,0.1,S2B_32SMG_20180802_0_L2A,0.05,15.5,121.6,,
2018-09-01,sidi-el-barrak,Sidi El Barrak,17.487,0.1,S2B_32SMG_20180901_0_L2A,0.05,15.5,112.8,,
2018-10-26,sidi-el-barrak,Sidi El Barrak,19.868,0.0,S2A_32SNF_20181026_1_L2A,0.05,15.5,128.2,,
2018-11-05,sidi-el-barrak,Sidi El Barrak,20.213,0.1,S2A_32SNF_20181105_0_L2A,0.05,15.5,130.4,,
2018-12-30,sidi-el-barrak,Sidi El Barrak,22.231,3.2,S2B_32SMF_20181230_0_L2A,0.05,15.5,143.4,,
2019-01-19,sidi-el-barrak,Sidi El Barrak,15.716,22.5,S2B_32SMF_20190119_0_L2A,0.05,15.5,101.4,,
2019-02-13,sidi-el-barrak,Sidi El Barrak,,55.9,S2A_32SNG_20190213_0_L2A,0.05,15.5,,,
2019-03-30,sidi-el-barrak,Sidi El Barrak,22.162,0.0,S2B_32SMG_20190330_1_L2A,0.05,15.5,143.0,,
2019-04-29,sidi-el-barrak,Sidi El Barrak,18.526,16.6,S2B_32SNF_20190429_0_L2A,0.05,15.5,119.5,,
2019-05-24,sidi-el-barrak,Sidi El Barrak,7.657,28.8,S2A_32SNG_20190524_0_L2A,0.05,15.5,49.4,,
2019-06-28,sidi-el-barrak,Sidi El Barrak,19.765,1.4,S2B_32SMG_20190628_1_L2A,0.05,15.5,127.5,,
2019-07-23,sidi-el-barrak,Sidi El Barrak,21.381,0.0,S2A_32SMG_20190723_1_L2A,0.05,15.5,137.9,,
2019-08-17,sidi-el-barrak,Sidi El Barrak,21.086,0.0,S2B_32SNF_20190817_1_L2A,0.05,15.5,136.0,,
2019-09-16,sidi-el-barrak,Sidi El Barrak,20.277,0.4,S2B_32SNG_20190916_1_L2A,0.05,15.5,130.8,,
2019-10-01,sidi-el-barrak,Sidi El Barrak,20.305,0.0,S2A_32SMF_20191001_1_L2A,0.05,15.5,131.0,,
2019-11-20,sidi-el-barrak,Sidi El Barrak,20.795,0.0,S2A_32SMF_20191120_1_L2A,0.05,15.5,134.2,,
2019-12-25,sidi-el-barrak,Sidi El Barrak,22.106,0.0,S2B_32SNF_20191225_1_L2A,0.05,15.5,142.6,,
2020-01-24,sidi-el-barrak,Sidi El Barrak,21.985,0.0,S2B_32SMF_20200124_1_L2A,0.05,15.5,141.8,,
2020-02-23,sidi-el-barrak,Sidi El Barrak,22.027,0.4,S2B_32SMF_20200223_0_L2A,0.05,15.5,142.1,,
2020-03-19,sidi-el-barrak,Sidi El Barrak,,64.8,S2A_32SMG_20200319_1_L2A,0.05,15.5,,,
2020-04-08,sidi-el-barrak,Sidi El Barrak,21.369,8.3,S2A_32SMG_20200408_0_L2A,0.05,15.5,137.9,,
2020-05-23,sidi-el-barrak,Sidi El Barrak,21.360,0.0,S2B_32SMF_20200523_1_L2A,0.05,15.5,137.8,,
2020-06-02,sidi-el-barrak,Sidi El Barrak,20.907,0.0,S2B_32SMG_20200602_1_L2A,0.05,15.5,134.9,,
2020-07-22,sidi-el-barrak,Sidi El Barrak,18.468,0.0,S2B_32SMF_20200722_1_L2A,0.05,15.5,119.2,,
2020-08-01,sidi-el-barrak,Sidi El Barrak,17.673,0.0,S2B_32SNF_20200801_1_L2A,0.05,15.5,114.0,,
2020-09-30,sidi-el-barrak,Sidi El Barrak,16.186,0.0,S2B_32SMF_20200930_1_L2A,0.05,15.5,104.4,,
2020-10-10,sidi-el-barrak,Sidi El Barrak,15.416,3.1,S2B_32SNF_20201010_1_L2A,0.05,15.5,99.5,,
2020-11-14,sidi-el-barrak,Sidi El Barrak,15.316,0.0,S2A_32SMF_20201114_1_L2A,0.05,15.5,98.8,,
2020-12-24,sidi-el-barrak,Sidi El Barrak,17.540,0.0,S2A_32SMF_20201224_1_L2A,0.05,15.5,113.2,,
2021-01-03,sidi-el-barrak,Sidi El Barrak,20.019,0.0,S2A_32SMF_20210103_1_L2A,0.05,15.5,129.2,,
2021-02-17,sidi-el-barrak,Sidi El Barrak,21.946,0.0,S2B_32SMG_20210217_1_L2A,0.05,15.5,141.6,,
2021-03-29,sidi-el-barrak,Sidi El Barrak,1.777,21.0,S2B_32SNG_20210329_0_L2A,0.05,15.5,11.5,,
2021-04-03,sidi-el-barrak,Sidi El Barrak,21.725,0.0,S2A_32SMG_20210403_2_L2A,0.05,15.5,140.2,,
2021-05-08,sidi-el-barrak,Sidi El Barrak,21.434,0.0,S2B_32SMG_20210508_1_L2A,0.05,15.5,138.3,,
2021-06-12,sidi-el-barrak,Sidi El Barrak,20.239,0.1,S2A_32SMG_20210612_0_L2A,0.05,15.5,130.6,,
2021-07-22,sidi-el-barrak,Sidi El Barrak,18.254,0.0,S2A_32SMF_20210722_1_L2A,0.05,15.5,117.8,,
2021-08-06,sidi-el-barrak,Sidi El Barrak,17.384,0.0,S2B_32SNF_20210806_1_L2A,0.05,15.5,112.2,,
2021-09-25,sidi-el-barrak,Sidi El Barrak,9.659,2.3,S2B_32SNF_20210925_1_L2A,0.05,15.5,62.3,,
2021-10-20,sidi-el-barrak,Sidi El Barrak,15.095,0.0,S2A_32SMF_20211020_1_L2A,0.05,15.5,97.4,,
2021-11-24,sidi-el-barrak,Sidi El Barrak,15.635,0.0,S2B_32SMF_20211124_1_L2A,0.05,15.5,100.9,,
2021-12-14,sidi-el-barrak,Sidi El Barrak,22.085,0.0,S2B_32SMF_20211214_1_L2A,0.05,15.5,142.5,,
2017-03-15,sejnane,Sejnane,3.158,42.2,S2A_32SMG_20170315_0_L2A,0.05,3.668,86.1,,
2017-04-14,sejnane,Sejnane,4.825,0.0,S2A_32SNG_20170414_0_L2A,0.05,3.668,131.6,,
2017-05-04,sejnane,Sejnane,0.142,0.0,S2A_32SNF_20170504_0_L2A,0.05,3.668,3.9,,
2017-06-23,sejnane,Sejnane,0.653,1.1,S2A_MSIL2A_20170623T101021_R022_T32SMG_20210210T010829,0.05,3.668,17.8,,
2017-07-18,sejnane,Sejnane,1.484,0.0,S2B_32SMG_20170718_0_L2A,0.05,3.668,40.5,,
2017-08-27,sejnane,Sejnane,3.699,0.0,S2B_32SMG_20170827_0_L2A,0.05,3.668,100.8,,
2017-09-06,sejnane,Sejnane,3.196,2.6,S2B_32SMG_20170906_0_L2A,0.05,3.668,87.1,,
2017-10-16,sejnane,Sejnane,3.717,0.0,S2B_32SMG_20171016_1_L2A,0.05,3.668,101.3,,
2017-11-05,sejnane,Sejnane,0.015,0.0,S2B_32SMF_20171105_0_L2A,0.05,3.668,0.4,,
2017-12-15,sejnane,Sejnane,0.147,0.0,S2B_32SNF_20171215_0_L2A,0.05,3.668,4.0,,
2018-01-24,sejnane,Sejnane,,66.0,S2B_32SMG_20180124_0_L2A,0.05,3.668,,,
2018-02-08,sejnane,Sejnane,0.166,0.1,S2A_MSIL2A_20180208T101151_R022_T32SMF_20201013T201441,0.05,3.668,4.5,,
2018-03-30,sejnane,Sejnane,4.861,0.0,S2A_32SNG_20180330_0_L2A,0.05,3.668,132.5,,
2018-04-09,sejnane,Sejnane,3.885,0.0,S2A_32SMG_20180409_0_L2A,0.05,3.668,105.9,,
2018-05-24,sejnane,Sejnane,1.060,0.0,S2B_32SMG_20180524_0_L2A,0.05,3.668,28.9,,
2018-06-28,sejnane,Sejnane,0.066,0.0,S2A_32SMF_20180628_1_L2A,0.05,3.668,1.8,,
2018-07-18,sejnane,Sejnane,0.165,0.0,S2A_32SMG_20180718_1_L2A,0.05,3.668,4.5,,
2018-08-02,sejnane,Sejnane,3.514,0.0,S2B_32SMG_20180802_0_L2A,0.05,3.668,95.8,,
2018-09-01,sejnane,Sejnane,3.063,0.0,S2B_32SMG_20180901_0_L2A,0.05,3.668,83.5,,
2018-10-26,sejnane,Sejnane,0.042,0.0,S2A_32SNF_20181026_1_L2A,0.05,3.668,1.1,,
2018-11-05,sejnane,Sejnane,0.203,0.0,S2A_32SNF_20181105_0_L2A,0.05,3.668,5.5,,
2018-12-30,sejnane,Sejnane,0.275,1.8,S2B_32SMF_20181230_0_L2A,0.05,3.668,7.5,,
2019-01-19,sejnane,Sejnane,0.231,3.1,S2B_32SMF_20190119_0_L2A,0.05,3.668,6.3,,
2019-02-13,sejnane,Sejnane,,57.4,S2A_32SNG_20190213_0_L2A,0.05,3.668,,,
2019-03-30,sejnane,Sejnane,3.932,0.0,S2B_32SMG_20190330_1_L2A,0.05,3.668,107.2,,
2019-04-29,sejnane,Sejnane,0.237,4.2,S2B_32SNF_20190429_0_L2A,0.05,3.668,6.5,,
2019-05-24,sejnane,Sejnane,2.861,22.0,S2A_32SNG_20190524_0_L2A,0.05,3.668,78.0,,
2019-06-28,sejnane,Sejnane,0.723,0.0,S2B_32SMG_20190628_1_L2A,0.05,3.668,19.7,,
2019-07-23,sejnane,Sejnane,3.278,0.0,S2A_32SMG_20190723_1_L2A,0.05,3.668,89.4,,
2019-08-17,sejnane,Sejnane,0.181,0.0,S2B_32SNF_20190817_1_L2A,0.05,3.668,4.9,,
2019-09-16,sejnane,Sejnane,1.628,0.0,S2B_32SNG_20190916_1_L2A,0.05,3.668,44.4,,
2019-10-01,sejnane,Sejnane,0.120,0.0,S2A_32SMF_20191001_1_L2A,0.05,3.668,3.3,,
2019-11-20,sejnane,Sejnane,0.098,0.0,S2A_32SMF_20191120_1_L2A,0.05,3.668,2.7,,
2019-12-25,sejnane,Sejnane,0.248,0.0,S2B_32SNF_20191225_1_L2A,0.05,3.668,6.8,,
2020-01-24,sejnane,Sejnane,0.261,0.0,S2B_32SMF_20200124_1_L2A,0.05,3.668,7.1,,
2020-02-23,sejnane,Sejnane,0.265,0.0,S2B_32SMF_20200223_0_L2A,0.05,3.668,7.2,,
2020-03-19,sejnane,Sejnane,,82.4,S2A_32SMG_20200319_1_L2A,0.05,3.668,,,
2020-04-08,sejnane,Sejnane,3.810,6.9,S2A_32SMG_20200408_0_L2A,0.05,3.668,103.9,,
2020-05-23,sejnane,Sejnane,0.210,0.0,S2B_32SMF_20200523_1_L2A,0.05,3.668,5.7,,
2020-06-02,sejnane,Sejnane,2.718,0.0,S2B_32SMG_20200602_1_L2A,0.05,3.668,74.1,,
2020-07-22,sejnane,Sejnane,0.036,0.0,S2B_32SMF_20200722_1_L2A,0.05,3.668,1.0,,
2020-08-01,sejnane,Sejnane,0.024,0.0,S2B_32SNF_20200801_1_L2A,0.05,3.668,0.6,,
2020-09-30,sejnane,Sejnane,0.055,0.0,S2B_32SMF_20200930_1_L2A,0.05,3.668,1.5,,
2020-10-10,sejnane,Sejnane,0.076,1.2,S2B_32SNF_20201010_1_L2A,0.05,3.668,2.1,,
2020-11-14,sejnane,Sejnane,0.070,0.0,S2A_32SMF_20201114_1_L2A,0.05,3.668,1.9,,
2020-12-24,sejnane,Sejnane,0.154,0.0,S2A_32SMF_20201224_1_L2A,0.05,3.668,4.2,,
2021-01-03,sejnane,Sejnane,0.165,0.0,S2A_32SMF_20210103_1_L2A,0.05,3.668,4.5,,
2021-02-17,sejnane,Sejnane,3.974,0.0,S2B_32SMG_20210217_1_L2A,0.05,3.668,108.4,,
2021-03-29,sejnane,Sejnane,4.839,5.3,S2B_32SNG_20210329_0_L2A,0.05,3.668,131.9,,
2021-04-03,sejnane,Sejnane,1.064,0.0,S2A_32SMG_20210403_2_L2A,0.05,3.668,29.0,,
2021-05-08,sejnane,Sejnane,1.903,0.0,S2B_32SMG_20210508_1_L2A,0.05,3.668,51.9,,
2021-06-12,sejnane,Sejnane,0.957,0.0,S2A_32SMG_20210612_0_L2A,0.05,3.668,26.1,,
2021-07-22,sejnane,Sejnane,0.002,0.0,S2A_32SMF_20210722_1_L2A,0.05,3.668,0.1,,
2021-08-06,sejnane,Sejnane,0.000,0.0,S2B_32SNF_20210806_1_L2A,0.05,3.668,0.0,,
2021-09-25,sejnane,Sejnane,0.000,0.0,S2B_32SNF_20210925_1_L2A,0.05,3.668,0.0,,
2021-10-20,sejnane,Sejnane,0.051,0.0,S2A_32SMF_20211020_1_L2A,0.05,3.668,1.4,,
2021-11-24,sejnane,Sejnane,0.078,0.0,S2B_32SMF_20211124_1_L2A,0.05,3.668,2.1,,
2021-12-14,sejnane,Sejnane,0.270,0.0,S2B_32SMF_20211214_1_L2A,0.05,3.668,7.4,,
2017-03-15,joumine,Joumine,,62.3,S2A_32SNG_20170315_0_L2A,0.05,8.0,,,
2017-04-14,joumine,Joumine,1.831,0.1,S2A_32SNG_20170414_0_L2A,0.05,8.0,22.9,,
2017-05-04,joumine,Joumine,0.001,0.1,S2A_32SNF_20170504_0_L2A,0.05,8.0,0.0,,
2017-06-13,joumine,Joumine,0.001,0.0,S2A_MSIL2A_20170613T101031_R022_T32SNF_20210209T223826,0.05,8.0,0.0,,
2017-07-28,joumine,Joumine,1.770,0.0,S2B_32SNG_20170728_0_L2A,0.05,8.0,22.1,,
2017-08-27,joumine,Joumine,1.713,0.0,S2B_32SNG_20170827_0_L2A,0.05,8.0,21.4,,
2017-09-06,joumine,Joumine,1.713,5.4,S2B_32SNG_20170906_0_L2A,0.05,8.0,21.4,,
2017-10-16,joumine,Joumine,0.002,0.0,S2B_32SNF_20171016_0_L2A,0.05,8.0,0.0,,
2017-11-05,joumine,Joumine,0.000,0.1,S2B_32SNF_20171105_0_L2A,0.05,8.0,0.0,,
2017-12-15,joumine,Joumine,0.002,0.0,S2B_32SNF_20171215_0_L2A,0.05,8.0,0.0,,
2018-01-24,joumine,Joumine,,68.1,S2B_32SNG_20180124_0_L2A,0.05,8.0,,,
2018-02-08,joumine,Joumine,,62.4,S2A_MSIL2A_20180208T101151_R022_T32SNF_20201013T201415,0.05,8.0,,,
2018-03-30,joumine,Joumine,2.478,0.0,S2A_32SNG_20180330_0_L2A,0.05,8.0,31.0,,
2018-04-24,joumine,Joumine,2.484,0.0,S2B_32SNG_20180424_0_L2A,0.05,8.0,31.0,,
2018-05-24,joumine,Joumine,2.592,0.0,S2B_32SNG_20180524_0_L2A,0.05,8.0,32.4,,
2018-06-28,joumine,Joumine,0.002,0.0,S2A_32SNF_20180628_1_L2A,0.05,8.0,0.0,,
2018-07-18,joumine,Joumine,0.001,0.0,S2A_32SNF_20180718_1_L2A,0.05,8.0,0.0,,
2018-08-12,joumine,Joumine,2.433,0.0,S2B_32SNG_20180812_0_L2A,0.05,8.0,30.4,,
2018-09-01,joumine,Joumine,0.003,0.2,S2B_32SNF_20180901_1_L2A,0.05,8.0,0.0,,
2018-10-26,joumine,Joumine,0.005,0.0,S2A_32SNF_20181026_1_L2A,0.05,8.0,0.1,,
2018-11-05,joumine,Joumine,0.009,0.0,S2A_32SNF_20181105_0_L2A,0.05,8.0,0.1,,
2018-12-30,joumine,Joumine,0.001,14.3,S2B_32SNF_20181230_0_L2A,0.05,8.0,0.0,,
2019-01-19,joumine,Joumine,,50.4,S2B_32SNF_20190119_0_L2A,0.05,8.0,,,
2019-02-13,joumine,Joumine,2.313,32.6,S2A_32SNG_20190213_0_L2A,0.05,8.0,28.9,,
2019-03-30,joumine,Joumine,2.883,0.0,S2B_32SNG_20190330_1_L2A,0.05,8.0,36.0,,
2019-04-29,joumine,Joumine,0.000,21.3,S2B_32SNF_20190429_0_L2A,0.05,8.0,0.0,,
2019-05-24,joumine,Joumine,2.755,0.0,S2A_32SNG_20190524_0_L2A,0.05,8.0,34.4,,
2019-06-03,joumine,Joumine,0.003,0.0,S2A_32SNF_20190603_1_L2A,0.05,8.0,0.0,,
2019-07-23,joumine,Joumine,0.002,0.0,S2A_32SNF_20190723_1_L2A,0.05,8.0,0.0,,
2019-08-17,joumine,Joumine,0.003,0.0,S2B_32SNF_20190817_1_L2A,0.05,8.0,0.0,,
2019-09-16,joumine,Joumine,2.325,1.2,S2B_32SNG_20190916_1_L2A,0.05,8.0,29.1,,
2019-10-01,joumine,Joumine,0.001,0.0,S2A_32SNF_20191001_1_L2A,0.05,8.0,0.0,,
2019-11-20,joumine,Joumine,0.007,0.0,S2A_32SNF_20191120_1_L2A,0.05,8.0,0.1,,
2019-12-25,joumine,Joumine,0.005,0.0,S2B_32SNF_20191225_1_L2A,0.05,8.0,0.1,,
2020-01-19,joumine,Joumine,0.004,0.0,S2A_32SNF_20200119_1_L2A,0.05,8.0,0.0,,
2020-02-28,joumine,Joumine,0.001,0.1,S2A_32SNF_20200228_1_L2A,0.05,8.0,0.0,,
2020-03-14,joumine,Joumine,0.001,26.9,S2B_32SNF_20200314_0_L2A,0.05,8.0,0.0,,
2020-04-08,joumine,Joumine,2.413,0.8,S2A_32SNG_20200408_0_L2A,0.05,8.0,30.2,,
2020-05-23,joumine,Joumine,0.001,0.0,S2B_32SNF_20200523_1_L2A,0.05,8.0,0.0,,
2020-06-02,joumine,Joumine,0.001,0.0,S2B_32SNF_20200602_0_L2A,0.05,8.0,0.0,,
2020-07-27,joumine,Joumine,0.002,0.0,S2A_32SNF_20200727_1_L2A,0.05,8.0,0.0,,
2020-08-01,joumine,Joumine,0.000,0.0,S2B_32SNF_20200801_1_L2A,0.05,8.0,0.0,,
2020-09-30,joumine,Joumine,0.001,0.0,S2B_32SNF_20200930_1_L2A,0.05,8.0,0.0,,
2020-10-10,joumine,Joumine,0.002,0.0,S2B_32SNF_20201010_1_L2A,0.05,8.0,0.0,,
2020-11-14,joumine,Joumine,1.246,0.0,S2A_32SNG_20201114_0_L2A,0.05,8.0,15.6,,
2020-12-24,joumine,Joumine,1.406,0.0,S2A_32SNG_20201224_3_L2A,0.05,8.0,17.6,,
2021-01-03,joumine,Joumine,1.497,0.0,S2A_32SNG_20210103_3_L2A,0.05,8.0,18.7,,
2021-02-17,joumine,Joumine,0.004,0.0,S2B_32SNF_20210217_0_L2A,0.05,8.0,0.1,,
2021-03-29,joumine,Joumine,1.445,0.0,S2B_32SNG_20210329_0_L2A,0.05,8.0,18.1,,
2021-04-03,joumine,Joumine,1.405,0.0,S2A_32SNG_20210403_2_L2A,0.05,8.0,17.6,,
2021-05-08,joumine,Joumine,1.306,0.0,S2B_32SNG_20210508_1_L2A,0.05,8.0,16.3,,
2021-06-12,joumine,Joumine,1.101,0.0,S2A_32SNG_20210612_1_L2A,0.05,8.0,13.8,,
2021-07-22,joumine,Joumine,0.001,0.0,S2A_32SNF_20210722_1_L2A,0.05,8.0,0.0,,
2021-08-06,joumine,Joumine,0.001,0.0,S2B_32SNF_20210806_1_L2A,0.05,8.0,0.0,,
2021-09-25,joumine,Joumine,0.000,0.0,S2B_32SNF_20210925_1_L2A,0.05,8.0,0.0,,
2021-10-20,joumine,Joumine,0.572,0.3,S2A_32SNG_20211020_0_L2A,0.05,8.0,7.1,,
2021-11-24,joumine,Joumine,0.003,0.0,S2B_32SNF_20211124_0_L2A,0.05,8.0,0.0,,
2021-12-14,joumine,Joumine,0.010,0.0,S2B_32SNF_20211214_1_L2A,0.05,8.0,0.1,,
2017-03-15,ghezala,Ghezala,0.234,23.7,S2A_32SNG_20170315_0_L2A,0.05,0.271,86.5,,
2017-04-14,ghezala,Ghezala,0.278,0.0,S2A_32SNG_20170414_0_L2A,0.05,0.271,102.7,,
2017-05-04,ghezala,Ghezala,0.273,0.1,S2A_MSIL2A_20170504T101031_R022_T32SNG_20210209T125756,0.05,0.271,100.8,,
2017-06-13,ghezala,Ghezala,0.214,0.1,S2A_MSIL2A_20170613T101031_R022_T32SNG_20210209T223817,0.05,0.271,79.0,,
2017-07-28,ghezala,Ghezala,0.219,0.1,S2B_32SNG_20170728_0_L2A,0.05,0.271,80.9,,
2017-08-27,ghezala,Ghezala,0.150,0.1,S2B_32SNG_20170827_0_L2A,0.05,0.271,55.2,,
2017-09-06,ghezala,Ghezala,0.183,4.6,S2B_32SNG_20170906_0_L2A,0.05,0.271,67.4,,
2017-10-16,ghezala,Ghezala,0.179,0.1,S2B_32SNG_20171016_0_L2A,0.05,0.271,65.9,,
2017-11-05,ghezala,Ghezala,0.107,1.1,S2B_32SNG_20171105_0_L2A,0.05,0.271,39.6,,
2017-12-15,ghezala,Ghezala,0.171,0.1,S2B_32SNG_20171215_0_L2A,0.05,0.271,63.0,,
2018-01-24,ghezala,Ghezala,0.002,46.4,S2B_32SNG_20180124_0_L2A,0.05,0.271,0.7,,
2018-02-28,ghezala,Ghezala,0.258,0.1,S2A_MSIL2A_20180228T101021_R022_T32SNG_20201014T015122,0.05,0.271,95.2,,
2018-03-30,ghezala,Ghezala,0.266,0.1,S2A_32SNG_20180330_0_L2A,0.05,0.271,98.0,,
2018-04-24,ghezala,Ghezala,0.255,0.0,S2B_32SNG_20180424_0_L2A,0.05,0.271,94.2,,
2018-05-24,ghezala,Ghezala,0.269,0.0,S2B_32SNG_20180524_0_L2A,0.05,0.271,99.2,,
2018-06-28,ghezala,Ghezala,0.259,0.0,S2A_32SNG_20180628_1_L2A,0.05,0.271,95.4,,
2018-07-18,ghezala,Ghezala,0.190,0.0,S2A_32SNG_20180718_1_L2A,0.05,0.271,69.9,,
2018-08-12,ghezala,Ghezala,0.230,0.6,S2B_32SNG_20180812_0_L2A,0.05,0.271,84.7,,
2018-09-01,ghezala,Ghezala,0.220,0.7,S2B_32SNG_20180901_0_L2A,0.05,0.271,81.0,,
2018-10-26,ghezala,Ghezala,0.248,0.0,S2A_32SNG_20181026_1_L2A,0.05,0.271,91.7,,
2018-11-05,ghezala,Ghezala,0.292,0.1,S2A_32SNG_20181105_0_L2A,0.05,0.271,107.7,,
2018-12-05,ghezala,Ghezala,0.399,43.9,S2A_32SNG_20181205_0_L2A,0.05,0.271,147.1,,
2019-01-29,ghezala,Ghezala,0.009,46.3,S2B_32SNG_20190129_0_L2A,0.05,0.271,3.2,,
2019-02-13,ghezala,Ghezala,0.288,14.5,S2A_32SNG_20190213_0_L2A,0.05,0.271,106.4,,
2019-03-30,ghezala,Ghezala,0.330,0.0,S2B_32SNG_20190330_1_L2A,0.05,0.271,121.7,,
2019-04-14,ghezala,Ghezala,0.319,1.4,S2A_32SNG_20190414_0_L2A,0.05,0.271,117.6,,
2019-05-24,ghezala,Ghezala,0.314,0.0,S2A_32SNG_20190524_0_L2A,0.05,0.271,116.0,,
2019-06-28,ghezala,Ghezala,0.306,0.0,S2B_32SNG_20190628_1_L2A,0.05,0.271,112.8,,
2019-07-23,ghezala,Ghezala,0.303,0.0,S2A_32SNG_20190723_1_L2A,0.05,0.271,112.0,,
2019-08-17,ghezala,Ghezala,0.289,0.0,S2B_32SNG_20190817_1_L2A,0.05,0.271,106.8,,
2019-09-16,ghezala,Ghezala,0.244,0.0,S2B_32SNG_20190916_1_L2A,0.05,0.271,90.2,,
2019-10-01,ghezala,Ghezala,0.272,0.0,S2A_32SNG_20191001_1_L2A,0.05,0.271,100.5,,
2019-11-20,ghezala,Ghezala,0.276,0.1,S2A_32SNG_20191120_0_L2A,0.05,0.271,101.9,,
2019-12-25,ghezala,Ghezala,0.298,0.0,S2B_32SNG_20191225_1_L2A,0.05,0.271,109.9,,
2020-01-24,ghezala,Ghezala,0.286,0.0,S2B_32SNG_20200124_1_L2A,0.05,0.271,105.7,,
2020-02-28,ghezala,Ghezala,0.288,1.5,S2A_32SNG_20200228_0_L2A,0.05,0.271,106.4,,
2020-04-08,ghezala,Ghezala,0.306,0.3,S2A_32SNG_20200408_0_L2A,0.05,0.271,112.8,,
2020-05-23,ghezala,Ghezala,0.292,0.0,S2B_32SNG_20200523_3_L2A,0.05,0.271,107.9,,
2020-06-17,ghezala,Ghezala,0.264,0.0,S2A_32SNG_20200617_0_L2A,0.05,0.271,97.2,,
2020-07-27,ghezala,Ghezala,0.260,0.0,S2A_32SNG_20200727_1_L2A,0.05,0.271,95.9,,
2020-08-01,ghezala,Ghezala,0.238,0.0,S2B_32SNG_20200801_1_L2A,0.05,0.271,87.7,,
2020-09-15,ghezala,Ghezala,0.224,6.8,S2A_32SNG_20200915_0_L2A,0.05,0.271,82.7,,
2020-10-10,ghezala,Ghezala,0.231,1.1,S2B_32SNG_20201010_0_L2A,0.05,0.271,85.1,,
2020-11-14,ghezala,Ghezala,0.039,8.8,S2A_32SNG_20201114_0_L2A,0.05,0.271,14.2,,
2020-12-24,ghezala,Ghezala,0.250,0.0,S2A_32SNG_20201224_3_L2A,0.05,0.271,92.1,,
2021-01-03,ghezala,Ghezala,0.262,0.0,S2A_32SNG_20210103_3_L2A,0.05,0.271,96.7,,
2021-02-17,ghezala,Ghezala,0.275,0.0,S2B_32SNG_20210217_1_L2A,0.05,0.271,101.6,,
2021-03-29,ghezala,Ghezala,0.274,0.0,S2B_32SNG_20210329_0_L2A,0.05,0.271,101.0,,
2021-04-03,ghezala,Ghezala,0.276,0.0,S2A_32SNG_20210403_2_L2A,0.05,0.271,101.9,,
2021-05-08,ghezala,Ghezala,0.291,0.0,S2B_32SNG_20210508_1_L2A,0.05,0.271,107.5,,
2021-06-12,ghezala,Ghezala,0.264,0.0,S2A_32SNG_20210612_1_L2A,0.05,0.271,97.2,,
2021-07-22,ghezala,Ghezala,0.245,0.0,S2A_32SNG_20210722_3_L2A,0.05,0.271,90.5,,
2021-08-06,ghezala,Ghezala,0.223,0.0,S2B_32SNG_20210806_1_L2A,0.05,0.271,82.3,,
2021-09-05,ghezala,Ghezala,0.198,5.4,S2B_32SNG_20210905_0_L2A,0.05,0.271,73.1,,
2021-10-20,ghezala,Ghezala,0.221,0.1,S2A_32SNG_20211020_0_L2A,0.05,0.271,81.5,,
2021-11-24,ghezala,Ghezala,0.224,0.1,S2B_32SNG_20211124_0_L2A,0.05,0.271,82.7,,
2021-12-24,ghezala,Ghezala,0.298,0.0,S2B_32SNG_20211224_1_L2A,0.05,0.271,110.1,,
2017-03-02,zerga,Zerga,0.000,0.0,S2A_32SNF_20170302_0_L2A,0.05,1.5,0.0,,
2017-04-14,zerga,Zerga,0.328,0.0,S2A_32SNF_20170414_0_L2A,0.05,1.5,21.9,,
2017-05-04,zerga,Zerga,0.323,0.0,S2A_32SNF_20170504_0_L2A,0.05,1.5,21.5,,
2017-06-20,zerga,Zerga,0.000,0.0,S2A_MSIL2A_20170620T100031_R122_T32SNF_20210210T002333,0.05,1.5,0.0,,
2017-07-18,zerga,Zerga,0.186,0.0,S2B_32SNF_20170718_0_L2A,0.05,1.5,12.4,,
2017-08-27,zerga,Zerga,0.160,0.0,S2B_32SNF_20170827_0_L2A,0.05,1.5,10.7,,
2017-09-06,zerga,Zerga,0.149,2.7,S2B_32SNF_20170906_0_L2A,0.05,1.5,10.0,,
2017-10-16,zerga,Zerga,0.168,0.0,S2B_32SNF_20171016_0_L2A,0.05,1.5,11.2,,
2017-11-22,zerga,Zerga,0.000,0.0,S2B_32SNF_20171122_0_L2A,0.05,1.5,0.0,,
2017-12-15,zerga,Zerga,0.174,0.0,S2B_32SNF_20171215_0_L2A,0.05,1.5,11.6,,
2018-01-24,zerga,Zerga,,73.8,S2B_32SNF_20180124_0_L2A,0.05,1.5,,,
2018-02-05,zerga,Zerga,0.000,4.6,S2A_MSIL2A_20180205T100211_R122_T32SNF_20201013T190308,0.05,1.5,0.0,,
2018-03-12,zerga,Zerga,0.000,1.9,S2B_32SNF_20180312_0_L2A,0.05,1.5,0.0,,
2018-04-24,zerga,Zerga,0.236,0.0,S2B_32SNF_20180424_0_L2A,0.05,1.5,15.7,,
2018-05-24,zerga,Zerga,0.309,0.0,S2B_32SNF_20180524_0_L2A,0.05,1.5,20.6,,
2018-06-05,zerga,Zerga,0.000,0.0,S2A_32SNF_20180605_1_L2A,0.05,1.5,0.0,,
2018-07-18,zerga,Zerga,0.145,0.0,S2A_32SNF_20180718_1_L2A,0.05,1.5,9.7,,
2018-08-02,zerga,Zerga,0.206,0.0,S2B_32SNF_20180802_1_L2A,0.05,1.5,13.8,,
2018-09-01,zerga,Zerga,0.176,3.0,S2B_32SNF_20180901_1_L2A,0.05,1.5,11.7,,
2018-10-26,zerga,Zerga,0.241,0.0,S2A_32SNF_20181026_1_L2A,0.05,1.5,16.1,,
2018-11-05,zerga,Zerga,0.260,0.0,S2A_32SNF_20181105_0_L2A,0.05,1.5,17.3,,
2018-12-27,zerga,Zerga,0.000,0.0,S2B_32SNF_20181227_0_L2A,0.05,1.5,0.0,,
2019-01-16,zerga,Zerga,0.000,0.0,S2B_32SNF_20190116_0_L2A,0.05,1.5,0.0,,
2019-02-10,zerga,Zerga,0.000,0.0,S2A_32SNF_20190210_0_L2A,0.05,1.5,0.0,,
2019-03-25,zerga,Zerga,0.624,0.0,S2A_32SNF_20190325_1_L2A,0.05,1.5,41.6,,
2019-04-16,zerga,Zerga,0.000,0.0,S2B_32SNF_20190416_1_L2A,0.05,1.5,0.0,,
2019-06-05,zerga,Zerga,0.001,0.0,S2B_32SNF_20190605_1_L2A,0.05,1.5,0.0,,
2019-07-25,zerga,Zerga,0.008,0.0,S2B_32SNF_20190725_1_L2A,0.05,1.5,0.5,,
2019-08-17,zerga,Zerga,0.517,0.0,S2B_32SNF_20190817_1_L2A,0.05,1.5,34.5,,
2019-09-28,zerga,Zerga,0.000,0.0,S2A_32SNF_20190928_1_L2A,0.05,1.5,0.0,,
2019-10-01,zerga,Zerga,0.523,0.0,S2A_32SNF_20191001_1_L2A,0.05,1.5,34.9,,
2019-11-02,zerga,Zerga,0.000,0.0,S2B_32SNF_20191102_1_L2A,0.05,1.5,0.0,,
2019-12-25,zerga,Zerga,0.574,0.0,S2B_32SNF_20191225_1_L2A,0.05,1.5,38.2,,
2020-01-19,zerga,Zerga,0.549,0.0,S2A_32SNF_20200119_1_L2A,0.05,1.5,36.6,,
2020-02-25,zerga,Zerga,0.000,0.0,S2A_32SNF_20200225_1_L2A,0.05,1.5,0.0,,
2020-03-01,zerga,Zerga,0.000,6.2,S2B_32SNF_20200301_0_L2A,0.05,1.5,0.0,,
2020-04-08,zerga,Zerga,0.408,8.6,S2A_32SNF_20200408_0_L2A,0.05,1.5,27.2,,
2020-05-23,zerga,Zerga,0.377,0.0,S2B_32SNF_20200523_1_L2A,0.05,1.5,25.1,,
2020-06-29,zerga,Zerga,0.000,0.0,S2B_32SNF_20200629_1_L2A,0.05,1.5,0.0,,
2020-07-29,zerga,Zerga,0.000,0.0,S2B_32SNF_20200729_1_L2A,0.05,1.5,0.0,,
2020-08-28,zerga,Zerga,0.000,0.0,S2B_32SNF_20200828_1_L2A,0.05,1.5,0.0,,
2020-09-17,zerga,Zerga,0.001,0.0,S2B_32SNF_20200917_1_L2A,0.05,1.5,0.1,,
2020-10-02,zerga,Zerga,0.012,0.0,S2A_32SNF_20201002_1_L2A,0.05,1.5,0.8,,
2020-11-26,zerga,Zerga,0.001,0.0,S2B_32SNF_20201126_1_L2A,0.05,1.5,0.1,,
2020-12-24,zerga,Zerga,0.215,0.0,S2A_32SNF_20201224_3_L2A,0.05,1.5,14.3,,
2021-01-20,zerga,Zerga,0.084,0.0,S2A_32SNF_20210120_1_L2A,0.05,1.5,5.6,,
2019-05-09,zerga,Zerga,0.549,27.1,S2B_32SNF_20190509_0_L2A,0.05,1.5,36.6,,
2021-02-17,zerga,Zerga,0.289,0.0,S2B_32SNF_20210217_0_L2A,0.05,1.5,19.3,,
2021-03-26,zerga,Zerga,0.000,0.0,S2B_32SNF_20210326_1_L2A,0.05,1.5,0.0,,
2021-04-03,zerga,Zerga,0.239,0.0,S2A_32SNF_20210403_1_L2A,0.05,1.5,15.9,,
2021-05-08,zerga,Zerga,0.334,0.0,S2B_32SNF_20210508_1_L2A,0.05,1.5,22.3,,
2021-06-14,zerga,Zerga,0.000,0.0,S2B_32SNF_20210614_1_L2A,0.05,1.5,0.0,,
2021-07-24,zerga,Zerga,0.000,0.0,S2B_32SNF_20210724_1_L2A,0.05,1.5,0.0,,
2021-08-06,zerga,Zerga,0.144,0.0,S2B_32SNF_20210806_1_L2A,0.05,1.5,9.6,,
2021-09-25,zerga,Zerga,0.000,0.0,S2B_32SNF_20210925_1_L2A,0.05,1.5,0.0,,
2021-10-17,zerga,Zerga,0.032,0.0,S2A_32SNF_20211017_0_L2A,0.05,1.5,2.1,,
2021-11-24,zerga,Zerga,0.151,0.0,S2B_32SNF_20211124_0_L2A,0.05,1.5,10.1,,
2021-12-14,zerga,Zerga,0.294,0.0,S2B_32SNF_20211214_1_L2A,0.05,1.5,19.6,,
2017-03-15,kasseb,Kasseb,0.110,32.8,S2A_32SMF_20170315_0_L2A,0.05,3.0,3.7,,
2017-04-14,kasseb,Kasseb,0.007,0.1,S2A_32SNF_20170414_0_L2A,0.05,3.0,0.2,,
2017-05-04,kasseb,Kasseb,0.003,0.1,S2A_32SNF_20170504_0_L2A,0.05,3.0,0.1,,
2017-06-13,kasseb,Kasseb,0.001,0.0,S2A_MSIL2A_20170613T101031_R022_T32SNF_20210209T223826,0.05,3.0,0.0,,
2017-07-18,kasseb,Kasseb,0.085,0.0,S2B_32SMF_20170718_0_L2A,0.05,3.0,2.8,,
2017-08-27,kasseb,Kasseb,0.060,0.1,S2B_32SMF_20170827_0_L2A,0.05,3.0,2.0,,
2017-09-06,kasseb,Kasseb,0.089,0.1,S2B_32SMF_20170906_0_L2A,0.05,3.0,3.0,,
2017-10-16,kasseb,Kasseb,0.091,0.1,S2B_32SMF_20171016_0_L2A,0.05,3.0,3.0,,
2017-11-05,kasseb,Kasseb,0.065,19.5,S2B_32SMF_20171105_0_L2A,0.05,3.0,2.2,,
2017-12-15,kasseb,Kasseb,0.024,0.1,S2B_32SNF_20171215_0_L2A,0.05,3.0,0.8,,
2018-01-24,kasseb,Kasseb,0.057,4.8,S2B_32SMF_20180124_0_L2A,0.05,3.0,1.9,,
2018-02-08,kasseb,Kasseb,0.177,0.1,S2A_MSIL2A_20180208T101151_R022_T32SMF_20201013T201441,0.05,3.0,5.9,,
2018-03-30,kasseb,Kasseb,0.001,19.2,S2A_32SNF_20180330_0_L2A,0.05,3.0,0.0,,
2018-04-09,kasseb,Kasseb,0.168,0.3,S2A_32SMF_20180409_0_L2A,0.05,3.0,5.6,,
2018-05-24,kasseb,Kasseb,0.075,0.3,S2B_32SMF_20180524_0_L2A,0.05,3.0,2.5,,
2018-06-28,kasseb,Kasseb,0.086,0.0,S2A_32SMF_20180628_1_L2A,0.05,3.0,2.9,,
2018-07-13,kasseb,Kasseb,0.080,0.1,S2B_32SMF_20180713_0_L2A,0.05,3.0,2.7,,
2018-08-02,kasseb,Kasseb,0.110,0.1,S2B_32SMF_20180802_0_L2A,0.05,3.0,3.7,,
2018-09-01,kasseb,Kasseb,0.014,0.0,S2B_32SNF_20180901_1_L2A,0.05,3.0,0.5,,
2018-10-26,kasseb,Kasseb,0.021,0.0,S2A_32SNF_20181026_1_L2A,0.05,3.0,0.7,,
2018-11-05,kasseb,Kasseb,0.015,0.1,S2A_32SNF_20181105_0_L2A,0.05,3.0,0.5,,
2018-12-30,kasseb,Kasseb,,82.4,S2B_32SMF_20181230_0_L2A,0.05,3.0,,,
2019-01-19,kasseb,Kasseb,0.119,0.1,S2B_32SMF_20190119_0_L2A,0.05,3.0,4.0,,
2019-02-28,kasseb,Kasseb,0.067,3.4,S2B_32SMF_20190228_0_L2A,0.05,3.0,2.2,,
2019-03-25,kasseb,Kasseb,0.289,0.0,S2A_32SNF_20190325_1_L2A,0.05,3.0,9.6,,
2019-04-29,kasseb,Kasseb,0.061,6.7,S2B_32SNF_20190429_0_L2A,0.05,3.0,2.0,,
2019-05-09,kasseb,Kasseb,0.041,4.2,S2B_32SNF_20190509_0_L2A,0.05,3.0,1.3,,
2019-06-03,kasseb,Kasseb,0.496,0.0,S2A_32SMF_20190603_1_L2A,0.05,3.0,16.5,,
2019-07-23,kasseb,Kasseb,0.130,0.0,S2A_32SMF_20190723_1_L2A,0.05,3.0,4.3,,
2019-08-17,kasseb,Kasseb,0.014,0.0,S2B_32SNF_20190817_1_L2A,0.05,3.0,0.5,,
2019-09-16,kasseb,Kasseb,0.007,0.0,S2B_32SNF_20190916_0_L2A,0.05,3.0,0.2,,
2019-10-01,kasseb,Kasseb,0.127,0.0,S2A_32SMF_20191001_1_L2A,0.05,3.0,4.2,,
2019-11-20,kasseb,Kasseb,0.112,0.0,S2A_32SMF_20191120_1_L2A,0.05,3.0,3.7,,
2019-12-25,kasseb,Kasseb,0.014,0.0,S2B_32SNF_20191225_1_L2A,0.05,3.0,0.5,,
2020-01-24,kasseb,Kasseb,0.166,0.0,S2B_32SMF_20200124_1_L2A,0.05,3.0,5.5,,
2020-02-23,kasseb,Kasseb,0.137,0.1,S2B_32SMF_20200223_0_L2A,0.05,3.0,4.6,,
2020-03-14,kasseb,Kasseb,0.006,1.1,S2B_32SNF_20200314_0_L2A,0.05,3.0,0.2,,
2020-04-08,kasseb,Kasseb,0.001,0.3,S2A_32SNF_20200408_0_L2A,0.05,3.0,0.0,,
2020-05-23,kasseb,Kasseb,0.082,0.0,S2B_32SMF_20200523_1_L2A,0.05,3.0,2.7,,
2020-06-02,kasseb,Kasseb,0.088,0.1,S2B_32SMF_20200602_0_L2A,0.05,3.0,2.9,,
2020-07-22,kasseb,Kasseb,0.099,0.0,S2B_32SMF_20200722_1_L2A,0.05,3.0,3.3,,
2020-08-01,kasseb,Kasseb,0.004,0.0,S2B_32SNF_20200801_1_L2A,0.05,3.0,0.1,,
2020-09-30,kasseb,Kasseb,0.087,0.0,S2B_32SMF_20200930_1_L2A,0.05,3.0,2.9,,
2020-10-10,kasseb,Kasseb,0.009,0.0,S2B_32SNF_20201010_1_L2A,0.05,3.0,0.3,,
2020-11-14,kasseb,Kasseb,0.112,0.0,S2A_32SMF_20201114_1_L2A,0.05,3.0,3.7,,
2020-12-24,kasseb,Kasseb,0.108,0.0,S2A_32SMF_20201224_1_L2A,0.05,3.0,3.6,,
2021-01-03,kasseb,Kasseb,0.131,0.0,S2A_32SMF_20210103_1_L2A,0.05,3.0,4.4,,
2021-02-17,kasseb,Kasseb,0.099,0.2,S2B_32SMF_20210217_0_L2A,0.05,3.0,3.3,,
2021-03-14,kasseb,Kasseb,0.001,1.0,S2A_32SNF_20210314_0_L2A,0.05,3.0,0.0,,
2021-04-03,kasseb,Kasseb,0.007,0.0,S2A_32SNF_20210403_1_L2A,0.05,3.0,0.2,,
2021-05-13,kasseb,Kasseb,0.093,0.0,S2A_32SMF_20210513_1_L2A,0.05,3.0,3.1,,
2021-06-12,kasseb,Kasseb,0.079,0.5,S2A_32SMF_20210612_0_L2A,0.05,3.0,2.6,,
2021-07-22,kasseb,Kasseb,0.085,0.0,S2A_32SMF_20210722_1_L2A,0.05,3.0,2.8,,
2021-08-06,kasseb,Kasseb,0.008,0.0,S2B_32SNF_20210806_1_L2A,0.05,3.0,0.3,,
2021-09-25,kasseb,Kasseb,0.000,0.0,S2B_32SNF_20210925_1_L2A,0.05,3.0,0.0,,
2021-10-20,kasseb,Kasseb,0.098,0.0,S2A_32SMF_20211020_1_L2A,0.05,3.0,3.3,,
2021-11-24,kasseb,Kasseb,0.102,0.0,S2B_32SMF_20211124_1_L2A,0.05,3.0,3.4,,
2021-12-14,kasseb,Kasseb,0.111,0.0,S2B_32SMF_20211214_1_L2A,0.05,3.0,3.7,,
2017-03-15,beni-mtir,Beni Mtir,,75.8,S2A_32SMF_20170315_0_L2A,0.05,3.5,,,
2017-04-14,beni-mtir,Beni Mtir,2.263,0.2,S2A_32SMF_20170414_0_L2A,0.05,3.5,64.7,,
2017-05-04,beni-mtir,Beni Mtir,2.265,0.2,S2A_MSIL2A_20170504T101031_R022_T32SMF_20210209T125753,0.05,3.5,64.7,,
2017-06-13,beni-mtir,Beni Mtir,2.135,0.3,S2A_MSIL2A_20170613T101031_R022_T32SMF_20210209T223824,0.05,3.5,61.0,,
2017-07-18,beni-mtir,Beni Mtir,2.100,0.2,S2B_32SMF_20170718_0_L2A,0.05,3.5,60.0,,
2017-08-27,beni-mtir,Beni Mtir,2.011,0.1,S2B_32SMF_20170827_0_L2A,0.05,3.5,57.5,,
2017-09-06,beni-mtir,Beni Mtir,1.922,1.5,S2B_32SMF_20170906_0_L2A,0.05,3.5,54.9,,
2017-10-16,beni-mtir,Beni Mtir,1.853,0.1,S2B_32SMF_20171016_0_L2A,0.05,3.5,52.9,,
2017-11-05,beni-mtir,Beni Mtir,1.395,0.9,S2B_32SMF_20171105_0_L2A,0.05,3.5,39.9,,
2017-12-15,beni-mtir,Beni Mtir,1.884,0.1,S2B_32SMF_20171215_0_L2A,0.05,3.5,53.8,,
2018-01-24,beni-mtir,Beni Mtir,1.619,24.2,S2B_32SMF_20180124_0_L2A,0.05,3.5,46.3,,
2018-02-08,beni-mtir,Beni Mtir,2.062,38.3,S2A_MSIL2A_20180208T101151_R022_T32SMF_20201013T201441,0.05,3.5,58.9,,
2018-03-05,beni-mtir,Beni Mtir,2.516,2.4,S2B_MSIL2A_20180305T101019_R022_T32SMF_20201013T070136,0.05,3.5,71.9,,
2018-04-09,beni-mtir,Beni Mtir,2.683,0.1,S2A_32SMF_20180409_0_L2A,0.05,3.5,76.7,,
2018-05-24,beni-mtir,Beni Mtir,2.665,0.2,S2B_32SMF_20180524_0_L2A,0.05,3.5,76.1,,
2018-06-28,beni-mtir,Beni Mtir,2.762,0.0,S2A_32SMF_20180628_1_L2A,0.05,3.5,78.9,,
2018-07-13,beni-mtir,Beni Mtir,2.669,0.1,S2B_32SMF_20180713_0_L2A,0.05,3.5,76.3,,
2018-08-02,beni-mtir,Beni Mtir,2.672,0.7,S2B_32SMF_20180802_0_L2A,0.05,3.5,76.3,,
2018-09-01,beni-mtir,Beni Mtir,2.583,0.0,S2B_32SMF_20180901_0_L2A,0.05,3.5,73.8,,
2018-10-26,beni-mtir,Beni Mtir,2.487,0.0,S2A_32SMF_20181026_1_L2A,0.05,3.5,71.1,,
2018-11-05,beni-mtir,Beni Mtir,2.480,0.0,S2A_32SMF_20181105_0_L2A,0.05,3.5,70.9,,
2018-12-30,beni-mtir,Beni Mtir,2.576,2.6,S2B_32SMF_20181230_0_L2A,0.05,3.5,73.6,,
2019-01-19,beni-mtir,Beni Mtir,0.556,32.4,S2B_32SMF_20190119_0_L2A,0.05,3.5,15.9,,
2019-02-28,beni-mtir,Beni Mtir,1.098,18.3,S2B_32SMF_20190228_0_L2A,0.05,3.5,31.4,,
2019-03-05,beni-mtir,Beni Mtir,2.890,0.0,S2A_32SMF_20190305_0_L2A,0.05,3.5,82.6,,
2019-04-24,beni-mtir,Beni Mtir,1.997,1.2,S2A_32SMF_20190424_0_L2A,0.05,3.5,57.1,,
2019-06-03,beni-mtir,Beni Mtir,2.925,0.0,S2A_32SMF_20190603_1_L2A,0.05,3.5,83.6,,
2019-07-23,beni-mtir,Beni Mtir,2.758,0.1,S2A_32SMF_20190723_1_L2A,0.05,3.5,78.8,,
2019-08-12,beni-mtir,Beni Mtir,2.798,0.0,S2A_32SMF_20190812_1_L2A,0.05,3.5,80.0,,
2019-09-16,beni-mtir,Beni Mtir,,57.1,S2B_32SMF_20190916_0_L2A,0.05,3.5,,,
2019-10-01,beni-mtir,Beni Mtir,2.685,0.0,S2A_32SMF_20191001_1_L2A,0.05,3.5,76.7,,
2019-11-20,beni-mtir,Beni Mtir,2.572,0.3,S2A_32SMF_20191120_1_L2A,0.05,3.5,73.5,,
2019-12-25,beni-mtir,Beni Mtir,2.559,0.0,S2B_32SMF_20191225_1_L2A,0.05,3.5,73.1,,
2020-01-24,beni-mtir,Beni Mtir,2.496,0.0,S2B_32SMF_20200124_1_L2A,0.05,3.5,71.3,,
2020-02-23,beni-mtir,Beni Mtir,2.386,0.1,S2B_32SMF_20200223_0_L2A,0.05,3.5,68.2,,
2020-04-08,beni-mtir,Beni Mtir,2.410,2.6,S2A_32SMF_20200408_0_L2A,0.05,3.5,68.9,,
2020-05-23,beni-mtir,Beni Mtir,2.325,0.1,S2B_32SMF_20200523_1_L2A,0.05,3.5,66.4,,
2020-06-02,beni-mtir,Beni Mtir,2.217,0.2,S2B_32SMF_20200602_0_L2A,0.05,3.5,63.3,,
2020-07-22,beni-mtir,Beni Mtir,2.111,0.0,S2B_32SMF_20200722_1_L2A,0.05,3.5,60.3,,
2020-08-01,beni-mtir,Beni Mtir,2.061,0.0,S2B_32SMF_20200801_0_L2A,0.05,3.5,58.9,,
2020-09-30,beni-mtir,Beni Mtir,1.730,0.0,S2B_32SMF_20200930_1_L2A,0.05,3.5,49.4,,
2020-10-20,beni-mtir,Beni Mtir,1.646,0.0,S2B_32SMF_20201020_1_L2A,0.05,3.5,47.0,,
2020-11-14,beni-mtir,Beni Mtir,1.522,0.0,S2A_32SMF_20201114_1_L2A,0.05,3.5,43.5,,
2020-12-24,beni-mtir,Beni Mtir,1.571,0.0,S2A_32SMF_20201224_1_L2A,0.05,3.5,44.9,,
2021-01-03,beni-mtir,Beni Mtir,1.737,1.1,S2A_32SMF_20210103_1_L2A,0.05,3.5,49.6,,
2021-02-17,beni-mtir,Beni Mtir,1.604,0.3,S2B_32SMF_20210217_0_L2A,0.05,3.5,45.8,,
2021-03-14,beni-mtir,Beni Mtir,1.633,2.7,S2A_32SMF_20210314_0_L2A,0.05,3.5,46.7,,
2021-04-03,beni-mtir,Beni Mtir,1.685,0.1,S2A_32SMF_20210403_0_L2A,0.05,3.5,48.1,,
2021-05-13,beni-mtir,Beni Mtir,1.658,0.0,S2A_32SMF_20210513_1_L2A,0.05,3.5,47.4,,
2021-06-12,beni-mtir,Beni Mtir,0.941,1.4,S2A_32SMF_20210612_0_L2A,0.05,3.5,26.9,,
2021-07-22,beni-mtir,Beni Mtir,1.216,0.0,S2A_32SMF_20210722_1_L2A,0.05,3.5,34.7,,
2021-08-06,beni-mtir,Beni Mtir,1.145,0.0,S2B_32SMF_20210806_1_L2A,0.05,3.5,32.7,,
2021-09-25,beni-mtir,Beni Mtir,0.000,0.0,S2B_32SMF_20210925_0_L2A,0.05,3.5,0.0,,
2021-10-20,beni-mtir,Beni Mtir,0.855,0.0,S2A_32SMF_20211020_1_L2A,0.05,3.5,24.4,,
2021-11-24,beni-mtir,Beni Mtir,0.870,0.0,S2B_32SMF_20211124_1_L2A,0.05,3.5,24.9,,
2021-12-14,beni-mtir,Beni Mtir,1.211,0.0,S2B_32SMF_20211214_1_L2A,0.05,3.5,34.6,,
2017-03-15,bou-heurtma,Bou Heurtma,1.406,35.4,S2A_32SMF_20170315_0_L2A,0.05,5.0,28.1,,
2017-04-14,bou-heurtma,Bou Heurtma,3.387,3.5,S2A_32SMF_20170414_0_L2A,0.05,5.0,67.7,,
2017-05-04,bou-heurtma,Bou Heurtma,3.241,0.0,S2A_MSIL2A_20170504T101031_R022_T32SMF_20210209T125753,0.05,5.0,64.8,,
2017-06-13,bou-heurtma,Bou Heurtma,2.742,0.0,S2A_MSIL2A_20170613T101031_R022_T32SMF_20210209T223824,0.05,5.0,54.8,,
2017-07-18,bou-heurtma,Bou Heurtma,2.180,0.0,S2B_32SMF_20170718_0_L2A,0.05,5.0,43.6,,
2017-08-27,bou-heurtma,Bou Heurtma,1.685,0.0,S2B_32SMF_20170827_0_L2A,0.05,5.0,33.7,,
2017-09-06,bou-heurtma,Bou Heurtma,1.551,0.0,S2B_32SMF_20170906_0_L2A,0.05,5.0,31.0,,
2017-10-16,bou-heurtma,Bou Heurtma,1.374,0.0,S2B_32SMF_20171016_0_L2A,0.05,5.0,27.5,,
2017-11-05,bou-heurtma,Bou Heurtma,1.230,0.4,S2B_32SMF_20171105_0_L2A,0.05,5.0,24.6,,
2017-12-15,bou-heurtma,Bou Heurtma,1.974,0.2,S2B_32SMF_20171215_0_L2A,0.05,5.0,39.5,,
2018-01-24,bou-heurtma,Bou Heurtma,2.659,3.2,S2B_32SMF_20180124_0_L2A,0.05,5.0,53.2,,
2018-02-08,bou-heurtma,Bou Heurtma,2.683,4.5,S2A_MSIL2A_20180208T101151_R022_T32SMF_20201013T201441,0.05,5.0,53.7,,
2018-03-05,bou-heurtma,Bou Heurtma,3.216,0.2,S2B_MSIL2A_20180305T101019_R022_T32SMF_20201013T070136,0.05,5.0,64.3,,
2018-04-09,bou-heurtma,Bou Heurtma,3.572,0.8,S2A_32SMF_20180409_0_L2A,0.05,5.0,71.4,,
2018-05-24,bou-heurtma,Bou Heurtma,3.522,0.0,S2B_32SMF_20180524_0_L2A,0.05,5.0,70.4,,
2018-06-28,bou-heurtma,Bou Heurtma,2.975,0.0,S2A_32SMF_20180628_1_L2A,0.05,5.0,59.5,,
2018-07-13,bou-heurtma,Bou Heurtma,2.745,0.0,S2B_32SMF_20180713_0_L2A,0.05,5.0,54.9,,
2018-08-02,bou-heurtma,Bou Heurtma,2.628,0.0,S2B_32SMF_20180802_0_L2A,0.05,5.0,52.6,,
2018-09-01,bou-heurtma,Bou Heurtma,2.397,0.0,S2B_32SMF_20180901_0_L2A,0.05,5.0,47.9,,
2018-10-26,bou-heurtma,Bou Heurtma,2.207,0.0,S2A_32SMF_20181026_1_L2A,0.05,5.0,44.1,,
2018-11-05,bou-heurtma,Bou Heurtma,2.202,0.1,S2A_32SMF_20181105_0_L2A,0.05,5.0,44.0,,
2018-12-30,bou-heurtma,Bou Heurtma,2.523,0.3,S2B_32SMF_20181230_0_L2A,0.05,5.0,50.5,,
2019-01-19,bou-heurtma,Bou Heurtma,2.740,2.7,S2B_32SMF_20190119_0_L2A,0.05,5.0,54.8,,
2019-02-28,bou-heurtma,Bou Heurtma,4.343,3.8,S2B_32SMF_20190228_0_L2A,0.05,5.0,86.9,,
2019-03-05,bou-heurtma,Bou Heurtma,4.343,0.0,S2A_32SMF_20190305_0_L2A,0.05,5.0,86.9,,
2019-04-24,bou-heurtma,Bou Heurtma,4.521,0.0,S2A_32SMF_20190424_0_L2A,0.05,5.0,90.4,,
2019-06-03,bou-heurtma,Bou Heurtma,4.497,0.0,S2A_32SMF_20190603_1_L2A,0.05,5.0,89.9,,
2019-07-23,bou-heurtma,Bou Heurtma,3.525,0.0,S2A_32SMF_20190723_1_L2A,0.05,5.0,70.5,,
2019-08-12,bou-heurtma,Bou Heurtma,2.923,0.0,S2A_32SMF_20190812_1_L2A,0.05,5.0,58.5,,
2019-09-16,bou-heurtma,Bou Heurtma,2.589,0.1,S2B_32SMF_20190916_0_L2A,0.05,5.0,51.8,,
2019-10-01,bou-heurtma,Bou Heurtma,2.635,0.0,S2A_32SMF_20191001_1_L2A,0.05,5.0,52.7,,
2019-11-20,bou-heurtma,Bou Heurtma,2.517,0.0,S2A_32SMF_20191120_1_L2A,0.05,5.0,50.3,,
2019-12-25,bou-heurtma,Bou Heurtma,2.811,0.0,S2B_32SMF_20191225_1_L2A,0.05,5.0,56.2,,
2020-01-24,bou-heurtma,Bou Heurtma,2.848,0.0,S2B_32SMF_20200124_1_L2A,0.05,5.0,57.0,,
2020-02-23,bou-heurtma,Bou Heurtma,2.715,0.0,S2B_32SMF_20200223_0_L2A,0.05,5.0,54.3,,
2020-04-08,bou-heurtma,Bou Heurtma,2.833,5.8,S2A_32SMF_20200408_0_L2A,0.05,5.0,56.7,,
2020-05-23,bou-heurtma,Bou Heurtma,2.558,0.0,S2B_32SMF_20200523_1_L2A,0.05,5.0,51.2,,
2020-06-02,bou-heurtma,Bou Heurtma,2.402,0.0,S2B_32SMF_20200602_0_L2A,0.05,5.0,48.0,,
2020-07-22,bou-heurtma,Bou Heurtma,2.091,0.0,S2B_32SMF_20200722_1_L2A,0.05,5.0,41.8,,
2020-08-01,bou-heurtma,Bou Heurtma,2.037,0.0,S2B_32SMF_20200801_0_L2A,0.05,5.0,40.7,,
2020-09-30,bou-heurtma,Bou Heurtma,1.470,0.0,S2B_32SMF_20200930_1_L2A,0.05,5.0,29.4,,
2020-10-20,bou-heurtma,Bou Heurtma,1.332,0.0,S2B_32SMF_20201020_1_L2A,0.05,5.0,26.6,,
2020-11-14,bou-heurtma,Bou Heurtma,1.244,0.0,S2A_32SMF_20201114_1_L2A,0.05,5.0,24.9,,
2020-12-24,bou-heurtma,Bou Heurtma,1.496,0.0,S2A_32SMF_20201224_1_L2A,0.05,5.0,29.9,,
2021-01-03,bou-heurtma,Bou Heurtma,1.896,0.0,S2A_32SMF_20210103_1_L2A,0.05,5.0,37.9,,
2021-02-17,bou-heurtma,Bou Heurtma,2.009,0.1,S2B_32SMF_20210217_0_L2A,0.05,5.0,40.2,,
2021-03-14,bou-heurtma,Bou Heurtma,1.942,1.5,S2A_32SMF_20210314_0_L2A,0.05,5.0,38.8,,
2021-04-03,bou-heurtma,Bou Heurtma,2.022,0.0,S2A_32SMF_20210403_0_L2A,0.05,5.0,40.4,,
2021-05-13,bou-heurtma,Bou Heurtma,2.062,0.0,S2A_32SMF_20210513_1_L2A,0.05,5.0,41.2,,
2021-06-12,bou-heurtma,Bou Heurtma,1.690,0.2,S2A_32SMF_20210612_0_L2A,0.05,5.0,33.8,,
2021-07-22,bou-heurtma,Bou Heurtma,1.461,0.0,S2A_32SMF_20210722_1_L2A,0.05,5.0,29.2,,
2021-08-06,bou-heurtma,Bou Heurtma,1.377,0.0,S2B_32SMF_20210806_1_L2A,0.05,5.0,27.5,,
2021-09-25,bou-heurtma,Bou Heurtma,0.758,0.3,S2B_32SMF_20210925_0_L2A,0.05,5.0,15.2,,
2021-10-20,bou-heurtma,Bou Heurtma,1.159,0.0,S2A_32SMF_20211020_1_L2A,0.05,5.0,23.2,,
2021-11-24,bou-heurtma,Bou Heurtma,1.013,0.0,S2B_32SMF_20211124_1_L2A,0.05,5.0,20.3,,
2021-12-14,bou-heurtma,Bou Heurtma,1.481,0.0,S2B_32SMF_20211214_1_L2A,0.05,5.0,29.6,,
2017-03-15,barbara,Barbara,,82.4,S2A_32SMF_20170315_0_L2A,0.05,4.0,,,
2017-04-14,barbara,Barbara,0.121,0.0,S2A_32SMF_20170414_0_L2A,0.05,4.0,3.0,,
2017-05-04,barbara,Barbara,0.118,0.0,S2A_MSIL2A_20170504T101031_R022_T32SMF_20210209T125753,0.05,4.0,3.0,,
2017-06-13,barbara,Barbara,0.109,0.0,S2A_MSIL2A_20170613T101031_R022_T32SMF_20210209T223824,0.05,4.0,2.7,,
2017-07-18,barbara,Barbara,0.096,0.0,S2B_32SMF_20170718_0_L2A,0.05,4.0,2.4,,
2017-08-27,barbara,Barbara,0.081,0.0,S2B_32SMF_20170827_0_L2A,0.05,4.0,2.0,,
2017-09-06,barbara,Barbara,0.079,4.5,S2B_32SMF_20170906_0_L2A,0.05,4.0,2.0,,
2017-10-16,barbara,Barbara,0.066,0.0,S2B_32SMF_20171016_0_L2A,0.05,4.0,1.6,,
2017-11-05,barbara,Barbara,0.055,1.1,S2B_32SMF_20171105_0_L2A,0.05,4.0,1.4,,
2017-12-15,barbara,Barbara,0.060,0.2,S2B_32SMF_20171215_0_L2A,0.05,4.0,1.5,,
2018-01-24,barbara,Barbara,0.000,46.2,S2B_32SMF_20180124_0_L2A,0.05,4.0,0.0,,
2018-02-08,barbara,Barbara,0.109,4.1,S2A_MSIL2A_20180208T101151_R022_T32SMF_20201013T201441,0.05,4.0,2.7,,
2018-03-05,barbara,Barbara,0.113,0.3,S2B_MSIL2A_20180305T101019_R022_T32SMF_20201013T070136,0.05,4.0,2.8,,
2018-04-09,barbara,Barbara,0.121,1.3,S2A_32SMF_20180409_0_L2A,0.05,4.0,3.0,,
2018-05-24,barbara,Barbara,0.122,0.0,S2B_32SMF_20180524_0_L2A,0.05,4.0,3.1,,
2018-06-28,barbara,Barbara,0.119,0.0,S2A_32SMF_20180628_1_L2A,0.05,4.0,3.0,,
2018-07-13,barbara,Barbara,0.115,0.0,S2B_32SMF_20180713_0_L2A,0.05,4.0,2.9,,
2018-08-02,barbara,Barbara,0.112,0.0,S2B_32SMF_20180802_0_L2A,0.05,4.0,2.8,,
2018-09-01,barbara,Barbara,0.105,0.0,S2B_32SMF_20180901_0_L2A,0.05,4.0,2.6,,
2018-10-26,barbara,Barbara,0.095,0.0,S2A_32SMF_20181026_1_L2A,0.05,4.0,2.4,,
2018-11-05,barbara,Barbara,0.092,0.0,S2A_32SMF_20181105_0_L2A,0.05,4.0,2.3,,
2018-12-30,barbara,Barbara,,60.9,S2B_32SMF_20181230_0_L2A,0.05,4.0,,,
2019-01-19,barbara,Barbara,0.342,25.4,S2B_32SMF_20190119_0_L2A,0.05,4.0,8.6,,
2019-02-28,barbara,Barbara,0.118,1.0,S2B_32SMF_20190228_0_L2A,0.05,4.0,3.0,,
2019-03-05,barbara,Barbara,0.118,0.0,S2A_32SMF_20190305_0_L2A,0.05,4.0,2.9,,
2019-04-24,barbara,Barbara,0.119,0.0,S2A_32SMF_20190424_0_L2A,0.05,4.0,3.0,,
2019-06-03,barbara,Barbara,0.126,0.0,S2A_32SMF_20190603_1_L2A,0.05,4.0,3.1,,
2019-07-23,barbara,Barbara,0.116,0.0,S2A_32SMF_20190723_1_L2A,0.05,4.0,2.9,,
2019-08-12,barbara,Barbara,0.108,0.0,S2A_32SMF_20190812_1_L2A,0.05,4.0,2.7,,
2019-09-16,barbara,Barbara,0.095,0.0,S2B_32SMF_20190916_0_L2A,0.05,4.0,2.4,,
2019-10-01,barbara,Barbara,0.092,0.0,S2A_32SMF_20191001_1_L2A,0.05,4.0,2.3,,
2019-11-20,barbara,Barbara,0.086,0.0,S2A_32SMF_20191120_1_L2A,0.05,4.0,2.2,,
2019-12-25,barbara,Barbara,0.101,0.0,S2B_32SMF_20191225_1_L2A,0.05,4.0,2.5,,
2020-01-24,barbara,Barbara,0.097,0.0,S2B_32SMF_20200124_1_L2A,0.05,4.0,2.4,,
2020-02-23,barbara,Barbara,0.093,0.3,S2B_32SMF_20200223_0_L2A,0.05,4.0,2.3,,
2020-04-08,barbara,Barbara,0.108,0.4,S2A_32SMF_20200408_0_L2A,0.05,4.0,2.7,,
2020-05-23,barbara,Barbara,0.107,0.0,S2B_32SMF_20200523_1_L2A,0.05,4.0,2.7,,
2020-06-02,barbara,Barbara,0.102,0.0,S2B_32SMF_20200602_0_L2A,0.05,4.0,2.6,,
2020-07-22,barbara,Barbara,0.084,0.0,S2B_32SMF_20200722_1_L2A,0.05,4.0,2.1,,
2020-08-01,barbara,Barbara,0.079,0.0,S2B_32SMF_20200801_0_L2A,0.05,4.0,2.0,,
2020-09-30,barbara,Barbara,0.052,0.0,S2B_32SMF_20200930_1_L2A,0.05,4.0,1.3,,
2020-10-20,barbara,Barbara,0.042,0.0,S2B_32SMF_20201020_1_L2A,0.05,4.0,1.0,,
2020-11-14,barbara,Barbara,0.000,0.0,S2A_32SMF_20201114_1_L2A,0.05,4.0,0.0,,
2020-12-24,barbara,Barbara,0.065,0.0,S2A_32SMF_20201224_1_L2A,0.05,4.0,1.6,,
2021-01-03,barbara,Barbara,0.092,0.0,S2A_32SMF_20210103_1_L2A,0.05,4.0,2.3,,
2021-02-17,barbara,Barbara,0.018,0.2,S2B_32SMF_20210217_0_L2A,0.05,4.0,0.4,,
2021-03-14,barbara,Barbara,0.099,8.5,S2A_32SMF_20210314_0_L2A,0.05,4.0,2.5,,
2021-04-03,barbara,Barbara,0.069,3.4,S2A_32SMF_20210403_0_L2A,0.05,4.0,1.7,,
2021-05-13,barbara,Barbara,0.115,0.0,S2A_32SMF_20210513_1_L2A,0.05,4.0,2.9,,
2021-06-12,barbara,Barbara,0.114,0.0,S2A_32SMF_20210612_0_L2A,0.05,4.0,2.8,,
2021-07-22,barbara,Barbara,0.108,0.0,S2A_32SMF_20210722_1_L2A,0.05,4.0,2.7,,
2021-08-06,barbara,Barbara,0.106,0.0,S2B_32SMF_20210806_1_L2A,0.05,4.0,2.6,,
2021-09-25,barbara,Barbara,0.000,0.0,S2B_32SMF_20210925_0_L2A,0.05,4.0,0.0,,
2021-10-20,barbara,Barbara,0.088,0.0,S2A_32SMF_20211020_1_L2A,0.05,4.0,2.2,,
2021-11-24,barbara,Barbara,0.083,0.0,S2B_32SMF_20211124_1_L2A,0.05,4.0,2.1,,
2021-12-14,barbara,Barbara,0.113,0.0,S2B_32SMF_20211214_1_L2A,0.05,4.0,2.8,,
2017-03-15,mellegue,Mellegue (Nebeur),0.020,32.5,S2A_32SMF_20170315_0_L2A,0.05,8.0,0.2,,
2017-04-14,mellegue,Mellegue (Nebeur),0.290,0.0,S2A_32SMF_20170414_0_L2A,0.05,8.0,3.6,,
2017-05-04,mellegue,Mellegue (Nebeur),0.220,0.3,S2A_MSIL2A_20170504T101031_R022_T32SMF_20210209T125753,0.05,8.0,2.7,,
2017-06-13,mellegue,Mellegue (Nebeur),0.154,0.3,S2A_MSIL2A_20170613T101031_R022_T32SMF_20210209T223824,0.05,8.0,1.9,,
2017-07-18,mellegue,Mellegue (Nebeur),0.167,0.2,S2B_32SMF_20170718_0_L2A,0.05,8.0,2.1,,
2017-08-27,mellegue,Mellegue (Nebeur),0.178,0.2,S2B_32SMF_20170827_0_L2A,0.05,8.0,2.2,,
2017-09-06,mellegue,Mellegue (Nebeur),0.195,0.1,S2B_32SMF_20170906_0_L2A,0.05,8.0,2.4,,
2017-10-16,mellegue,Mellegue (Nebeur),0.203,0.3,S2B_32SMF_20171016_0_L2A,0.05,8.0,2.5,,
2017-11-05,mellegue,Mellegue (Nebeur),0.085,6.5,S2B_32SMF_20171105_0_L2A,0.05,8.0,1.1,,
2017-12-15,mellegue,Mellegue (Nebeur),0.242,0.0,S2B_32SMF_20171215_0_L2A,0.05,8.0,3.0,,
2018-01-24,mellegue,Mellegue (Nebeur),0.233,0.6,S2B_32SMF_20180124_0_L2A,0.05,8.0,2.9,,
2018-02-08,mellegue,Mellegue (Nebeur),0.239,0.2,S2A_MSIL2A_20180208T101151_R022_T32SMF_20201013T201441,0.05,8.0,3.0,,
2018-03-05,mellegue,Mellegue (Nebeur),0.247,0.1,S2B_MSIL2A_20180305T101019_R022_T32SMF_20201013T070136,0.05,8.0,3.1,,
2018-04-09,mellegue,Mellegue (Nebeur),0.214,2.2,S2A_32SMF_20180409_0_L2A,0.05,8.0,2.7,,
2018-05-24,mellegue,Mellegue (Nebeur),0.146,0.3,S2B_32SMF_20180524_0_L2A,0.05,8.0,1.8,,
2018-06-28,mellegue,Mellegue (Nebeur),0.141,0.0,S2A_32SMF_20180628_1_L2A,0.05,8.0,1.8,,
2018-07-13,mellegue,Mellegue (Nebeur),0.068,0.2,S2B_32SMF_20180713_0_L2A,0.05,8.0,0.8,,
2018-08-02,mellegue,Mellegue (Nebeur),0.119,0.2,S2B_32SMF_20180802_0_L2A,0.05,8.0,1.5,,
2018-09-01,mellegue,Mellegue (Nebeur),0.136,0.2,S2B_32SMF_20180901_0_L2A,0.05,8.0,1.7,,
2018-10-26,mellegue,Mellegue (Nebeur),0.239,0.0,S2A_32SMF_20181026_1_L2A,0.05,8.0,3.0,,
2018-11-05,mellegue,Mellegue (Nebeur),0.249,0.0,S2A_32SMF_20181105_0_L2A,0.05,8.0,3.1,,
2018-12-30,mellegue,Mellegue (Nebeur),0.219,0.1,S2B_32SMF_20181230_0_L2A,0.05,8.0,2.7,,
2019-01-19,mellegue,Mellegue (Nebeur),0.236,0.0,S2B_32SMF_20190119_0_L2A,0.05,8.0,3.0,,
2019-02-28,mellegue,Mellegue (Nebeur),0.472,0.1,S2B_32SMF_20190228_0_L2A,0.05,8.0,5.9,,
2019-03-05,mellegue,Mellegue (Nebeur),0.485,0.3,S2A_32SMF_20190305_0_L2A,0.05,8.0,6.1,,
2019-04-24,mellegue,Mellegue (Nebeur),0.162,0.2,S2A_32SMF_20190424_0_L2A,0.05,8.0,2.0,,
2019-06-03,mellegue,Mellegue (Nebeur),0.268,0.0,S2A_32SMF_20190603_1_L2A,0.05,8.0,3.3,,
2019-07-23,mellegue,Mellegue (Nebeur),0.218,0.0,S2A_32SMF_20190723_1_L2A,0.05,8.0,2.7,,
2019-08-12,mellegue,Mellegue (Nebeur),0.167,0.0,S2A_32SMF_20190812_1_L2A,0.05,8.0,2.1,,
2019-09-16,mellegue,Mellegue (Nebeur),0.194,0.0,S2B_32SMF_20190916_0_L2A,0.05,8.0,2.4,,
2019-10-01,mellegue,Mellegue (Nebeur),0.236,0.0,S2A_32SMF_20191001_1_L2A,0.05,8.0,3.0,,
2019-11-20,mellegue,Mellegue (Nebeur),0.219,0.0,S2A_32SMF_20191120_1_L2A,0.05,8.0,2.7,,
2019-12-25,mellegue,Mellegue (Nebeur),0.257,0.0,S2B_32SMF_20191225_1_L2A,0.05,8.0,3.2,,
2020-01-24,mellegue,Mellegue (Nebeur),0.223,0.0,S2B_32SMF_20200124_1_L2A,0.05,8.0,2.8,,
2020-02-23,mellegue,Mellegue (Nebeur),0.248,0.2,S2B_32SMF_20200223_0_L2A,0.05,8.0,3.1,,
2020-04-08,mellegue,Mellegue (Nebeur),0.229,0.2,S2A_32SMF_20200408_0_L2A,0.05,8.0,2.9,,
2020-05-23,mellegue,Mellegue (Nebeur),0.168,0.0,S2B_32SMF_20200523_1_L2A,0.05,8.0,2.1,,
2020-06-02,mellegue,Mellegue (Nebeur),0.176,0.2,S2B_32SMF_20200602_0_L2A,0.05,8.0,2.2,,
2020-07-22,mellegue,Mellegue (Nebeur),0.181,0.0,S2B_32SMF_20200722_1_L2A,0.05,8.0,2.3,,
2020-08-01,mellegue,Mellegue (Nebeur),0.191,0.1,S2B_32SMF_20200801_0_L2A,0.05,8.0,2.4,,
2020-09-30,mellegue,Mellegue (Nebeur),0.177,0.0,S2B_32SMF_20200930_1_L2A,0.05,8.0,2.2,,
2020-10-20,mellegue,Mellegue (Nebeur),0.209,0.0,S2B_32SMF_20201020_1_L2A,0.05,8.0,2.6,,
2020-11-14,mellegue,Mellegue (Nebeur),0.205,0.0,S2A_32SMF_20201114_1_L2A,0.05,8.0,2.6,,
2020-12-24,mellegue,Mellegue (Nebeur),0.229,0.0,S2A_32SMF_20201224_1_L2A,0.05,8.0,2.9,,
2021-01-03,mellegue,Mellegue (Nebeur),0.228,0.0,S2A_32SMF_20210103_1_L2A,0.05,8.0,2.9,,
2021-02-17,mellegue,Mellegue (Nebeur),0.229,0.0,S2B_32SMF_20210217_0_L2A,0.05,8.0,2.9,,
2021-03-14,mellegue,Mellegue (Nebeur),0.225,33.1,S2A_32SMF_20210314_0_L2A,0.05,8.0,2.8,,
2021-04-03,mellegue,Mellegue (Nebeur),0.195,0.2,S2A_32SMF_20210403_0_L2A,0.05,8.0,2.4,,
2021-05-13,mellegue,Mellegue (Nebeur),0.198,0.0,S2A_32SMF_20210513_1_L2A,0.05,8.0,2.5,,
2021-06-12,mellegue,Mellegue (Nebeur),0.187,0.0,S2A_32SMF_20210612_0_L2A,0.05,8.0,2.3,,
2021-07-22,mellegue,Mellegue (Nebeur),0.184,0.0,S2A_32SMF_20210722_1_L2A,0.05,8.0,2.3,,
2021-08-06,mellegue,Mellegue (Nebeur),0.185,0.0,S2B_32SMF_20210806_1_L2A,0.05,8.0,2.3,,
2021-09-25,mellegue,Mellegue (Nebeur),0.000,0.0,S2B_32SMF_20210925_0_L2A,0.05,8.0,0.0,,
2021-10-20,mellegue,Mellegue (Nebeur),0.186,0.0,S2A_32SMF_20211020_1_L2A,0.05,8.0,2.3,,
2021-11-24,mellegue,Mellegue (Nebeur),0.174,0.0,S2B_32SMF_20211124_1_L2A,0.05,8.0,2.2,,
2021-12-14,mellegue,Mellegue (Nebeur),0.198,0.0,S2B_32SMF_20211214_1_L2A,0.05,8.0,2.5,,
2017-03-15,sarrat,Sarrat,0.018,6.9,S2A_32SMF_20170315_0_L2A,0.05,2.0,0.9,,
2017-04-14,sarrat,Sarrat,0.060,0.0,S2A_32SMF_20170414_0_L2A,0.05,2.0,3.0,,
2017-05-04,sarrat,Sarrat,0.000,0.7,S2A_MSIL2A_20170504T101031_R022_T32SMF_20210209T125753,0.05,2.0,0.0,,
2017-06-13,sarrat,Sarrat,0.032,0.1,S2A_MSIL2A_20170613T101031_R022_T32SMF_20210209T223824,0.05,2.0,1.6,,
2017-07-18,sarrat,Sarrat,0.021,0.1,S2B_32SMF_20170718_0_L2A,0.05,2.0,1.1,,
2017-08-27,sarrat,Sarrat,0.029,0.1,S2B_32SMF_20170827_0_L2A,0.05,2.0,1.4,,
2017-09-06,sarrat,Sarrat,0.040,0.1,S2B_32SMF_20170906_0_L2A,0.05,2.0,2.0,,
2017-10-16,sarrat,Sarrat,0.036,0.1,S2B_32SMF_20171016_0_L2A,0.05,2.0,1.8,,
2017-11-05,sarrat,Sarrat,0.015,1.2,S2B_32SMF_20171105_0_L2A,0.05,2.0,0.7,,
2017-12-15,sarrat,Sarrat,0.025,0.1,S2B_32SMF_20171215_0_L2A,0.05,2.0,1.2,,
2018-01-24,sarrat,Sarrat,0.035,0.1,S2B_32SMF_20180124_0_L2A,0.05,2.0,1.7,,
2018-02-08,sarrat,Sarrat,0.029,0.1,S2A_MSIL2A_20180208T101151_R022_T32SMF_20201013T201441,0.05,2.0,1.4,,
2018-03-05,sarrat,Sarrat,0.027,0.3,S2B_MSIL2A_20180305T101019_R022_T32SMF_20201013T070136,0.05,2.0,1.4,,
2018-04-09,sarrat,Sarrat,0.029,0.1,S2A_32SMF_20180409_0_L2A,0.05,2.0,1.5,,
2018-05-24,sarrat,Sarrat,0.000,0.4,S2B_32SMF_20180524_0_L2A,0.05,2.0,0.0,,
2018-06-28,sarrat,Sarrat,0.033,0.0,S2A_32SMF_20180628_1_L2A,0.05,2.0,1.7,,
2018-07-13,sarrat,Sarrat,0.024,0.0,S2B_32SMF_20180713_0_L2A,0.05,2.0,1.2,,
2018-08-02,sarrat,Sarrat,0.038,0.1,S2B_32SMF_20180802_0_L2A,0.05,2.0,1.9,,
2018-09-01,sarrat,Sarrat,0.023,0.5,S2B_32SMF_20180901_0_L2A,0.05,2.0,1.2,,
2018-10-26,sarrat,Sarrat,0.163,0.0,S2A_32SMF_20181026_1_L2A,0.05,2.0,8.2,,
2018-11-05,sarrat,Sarrat,0.001,0.0,S2A_32SMF_20181105_0_L2A,0.05,2.0,0.0,,
2018-12-30,sarrat,Sarrat,0.035,0.1,S2B_32SMF_20181230_0_L2A,0.05,2.0,1.8,,
2019-01-19,sarrat,Sarrat,0.023,6.2,S2B_32SMF_20190119_0_L2A,0.05,2.0,1.2,,
2019-02-28,sarrat,Sarrat,0.161,0.2,S2B_32SMF_20190228_0_L2A,0.05,2.0,8.1,,
2019-03-05,sarrat,Sarrat,0.053,0.1,S2A_32SMF_20190305_0_L2A,0.05,2.0,2.7,,
2019-04-24,sarrat,Sarrat,0.025,0.1,S2A_32SMF_20190424_0_L2A,0.05,2.0,1.3,,
2019-06-03,sarrat,Sarrat,0.036,0.0,S2A_32SMF_20190603_1_L2A,0.05,2.0,1.8,,
2019-07-23,sarrat,Sarrat,0.025,0.0,S2A_32SMF_20190723_1_L2A,0.05,2.0,1.3,,
2019-08-12,sarrat,Sarrat,0.012,0.0,S2A_32SMF_20190812_1_L2A,0.05,2.0,0.6,,
2019-09-16,sarrat,Sarrat,0.053,0.2,S2B_32SMF_20190916_0_L2A,0.05,2.0,2.7,,
2019-10-01,sarrat,Sarrat,0.060,0.0,S2A_32SMF_20191001_1_L2A,0.05,2.0,3.0,,
2019-11-20,sarrat,Sarrat,0.059,0.0,S2A_32SMF_20191120_1_L2A,0.05,2.0,3.0,,
2019-12-25,sarrat,Sarrat,0.055,0.0,S2B_32SMF_20191225_1_L2A,0.05,2.0,2.8,,
2020-01-24,sarrat,Sarrat,0.028,0.0,S2B_32SMF_20200124_1_L2A,0.05,2.0,1.4,,
2020-02-23,sarrat,Sarrat,0.031,0.1,S2B_32SMF_20200223_0_L2A,0.05,2.0,1.5,,
2020-04-08,sarrat,Sarrat,0.014,7.5,S2A_32SMF_20200408_0_L2A,0.05,2.0,0.7,,
2020-05-23,sarrat,Sarrat,0.037,0.0,S2B_32SMF_20200523_1_L2A,0.05,2.0,1.8,,
2020-06-02,sarrat,Sarrat,0.000,0.4,S2B_32SMF_20200602_0_L2A,0.05,2.0,0.0,,
2020-07-22,sarrat,Sarrat,0.034,0.0,S2B_32SMF_20200722_1_L2A,0.05,2.0,1.7,,
2020-08-01,sarrat,Sarrat,0.047,0.1,S2B_32SMF_20200801_0_L2A,0.05,2.0,2.3,,
2020-09-30,sarrat,Sarrat,0.027,0.0,S2B_32SMF_20200930_1_L2A,0.05,2.0,1.3,,
2020-10-20,sarrat,Sarrat,0.034,0.0,S2B_32SMF_20201020_1_L2A,0.05,2.0,1.7,,
2020-11-14,sarrat,Sarrat,0.033,0.0,S2A_32SMF_20201114_1_L2A,0.05,2.0,1.6,,
2020-12-24,sarrat,Sarrat,0.096,0.0,S2A_32SMF_20201224_1_L2A,0.05,2.0,4.8,,
2021-01-03,sarrat,Sarrat,0.044,0.0,S2A_32SMF_20210103_1_L2A,0.05,2.0,2.2,,
2021-02-17,sarrat,Sarrat,0.034,0.0,S2B_32SMF_20210217_0_L2A,0.05,2.0,1.7,,
2021-03-14,sarrat,Sarrat,,68.4,S2A_32SMF_20210314_0_L2A,0.05,2.0,,,
2021-04-03,sarrat,Sarrat,0.021,0.5,S2A_32SMF_20210403_0_L2A,0.05,2.0,1.1,,
2021-05-13,sarrat,Sarrat,0.046,0.0,S2A_32SMF_20210513_1_L2A,0.05,2.0,2.3,,
2021-06-12,sarrat,Sarrat,0.018,0.1,S2A_32SMF_20210612_0_L2A,0.05,2.0,0.9,,
2021-07-22,sarrat,Sarrat,0.028,0.0,S2A_32SMF_20210722_1_L2A,0.05,2.0,1.4,,
2021-08-06,sarrat,Sarrat,0.028,0.0,S2B_32SMF_20210806_1_L2A,0.05,2.0,1.4,,
2021-09-25,sarrat,Sarrat,0.000,0.0,S2B_32SMF_20210925_0_L2A,0.05,2.0,0.0,,
2021-10-20,sarrat,Sarrat,0.025,0.0,S2A_32SMF_20211020_1_L2A,0.05,2.0,1.3,,
2021-11-24,sarrat,Sarrat,0.028,0.0,S2B_32SMF_20211124_1_L2A,0.05,2.0,1.4,,
2021-12-14,sarrat,Sarrat,0.056,0.0,S2B_32SMF_20211214_1_L2A,0.05,2.0,2.8,,
2017-03-12,siliana,Siliana,0.002,0.0,S2A_32SNE_20170312_0_L2A,0.05,3.0,0.1,,
2017-04-14,siliana,Siliana,1.684,0.5,S2A_32SNF_20170414_0_L2A,0.05,3.0,56.1,,
2017-05-04,siliana,Siliana,1.569,0.7,S2A_32SNF_20170504_0_L2A,0.05,3.0,52.3,,
2017-06-30,siliana,Siliana,0.000,0.0,S2A_MSIL2A_20170630T100031_R122_T32SNE_20210210T025547,0.05,3.0,0.0,,
2017-07-10,siliana,Siliana,0.000,0.0,S2A_32SNE_20170710_0_L2A,0.05,3.0,0.0,,
2017-08-04,siliana,Siliana,0.000,0.0,S2B_32SNE_20170804_1_L2A,0.05,3.0,0.0,,
2017-09-13,siliana,Siliana,0.001,0.0,S2B_32SNE_20170913_0_L2A,0.05,3.0,0.0,,
2017-10-26,siliana,Siliana,0.116,0.5,S2B_32SNE_20171026_0_L2A,0.05,3.0,3.9,,
2017-11-22,siliana,Siliana,0.000,0.0,S2B_32SNF_20171122_0_L2A,0.05,3.0,0.0,,
2017-12-15,siliana,Siliana,0.731,0.6,S2B_32SNF_20171215_0_L2A,0.05,3.0,24.4,,
2018-01-24,siliana,Siliana,0.089,38.1,S2B_32SNE_20180124_0_L2A,0.05,3.0,3.0,,
2018-02-05,siliana,Siliana,0.000,2.3,S2A_MSIL2A_20180205T100211_R122_T32SNE_20201013T190311,0.05,3.0,0.0,,
2018-03-12,siliana,Siliana,0.000,0.4,S2B_32SNE_20180312_0_L2A,0.05,3.0,0.0,,
2018-04-11,siliana,Siliana,0.000,0.0,S2B_32SNE_20180411_0_L2A,0.05,3.0,0.0,,
2018-05-31,siliana,Siliana,0.000,2.9,S2B_32SNE_20180531_1_L2A,0.05,3.0,0.0,,
2018-06-10,siliana,Siliana,0.000,0.0,S2B_32SNE_20180610_1_L2A,0.05,3.0,0.0,,
2018-07-18,siliana,Siliana,0.882,0.2,S2A_32SNF_20180718_1_L2A,0.05,3.0,29.4,,
2018-08-29,siliana,Siliana,0.000,0.0,S2B_32SNE_20180829_1_L2A,0.05,3.0,0.0,,
2018-09-01,siliana,Siliana,0.810,0.0,S2B_32SNE_20180901_1_L2A,0.05,3.0,27.0,,
2018-10-26,siliana,Siliana,2.718,0.0,S2A_32SNF_20181026_1_L2A,0.05,3.0,90.6,,
2018-11-05,siliana,Siliana,2.687,0.4,S2A_32SNF_20181105_0_L2A,0.05,3.0,89.6,,
2018-12-30,siliana,Siliana,2.059,0.2,S2B_32SNE_20181230_0_L2A,0.05,3.0,68.6,,
2019-01-16,siliana,Siliana,0.008,0.0,S2B_32SNF_20190116_0_L2A,0.05,3.0,0.3,,
2019-02-08,siliana,Siliana,2.394,0.3,S2B_32SNE_20190208_0_L2A,0.05,3.0,79.8,,
2019-03-25,siliana,Siliana,2.360,0.0,S2A_32SNE_20190325_1_L2A,0.05,3.0,78.7,,
2019-04-29,siliana,Siliana,2.300,0.0,S2B_32SNE_20190429_1_L2A,0.05,3.0,76.7,,
2019-05-01,siliana,Siliana,0.014,0.0,S2A_32SNE_20190501_1_L2A,0.05,3.0,0.5,,
2019-06-25,siliana,Siliana,0.004,0.0,S2B_32SNE_20190625_2_L2A,0.05,3.0,0.1,,
2019-07-05,siliana,Siliana,0.003,0.0,S2B_32SNE_20190705_1_L2A,0.05,3.0,0.1,,
2019-08-17,siliana,Siliana,1.903,0.0,S2B_32SNE_20190817_1_L2A,0.05,3.0,63.4,,
2019-09-28,siliana,Siliana,0.011,0.0,S2A_32SNE_20190928_1_L2A,0.05,3.0,0.4,,
2019-10-11,siliana,Siliana,2.021,0.0,S2A_32SNE_20191011_1_L2A,0.05,3.0,67.4,,
2019-11-02,siliana,Siliana,0.012,0.0,S2B_32SNF_20191102_1_L2A,0.05,3.0,0.4,,
2019-12-25,siliana,Siliana,1.978,0.0,S2B_32SNE_20191225_1_L2A,0.05,3.0,65.9,,
2020-01-19,siliana,Siliana,1.929,0.0,S2A_32SNE_20200119_1_L2A,0.05,3.0,64.3,,
2020-02-25,siliana,Siliana,0.004,0.0,S2A_32SNE_20200225_1_L2A,0.05,3.0,0.1,,
2020-03-01,siliana,Siliana,0.004,0.0,S2B_32SNE_20200301_1_L2A,0.05,3.0,0.1,,
2020-04-05,siliana,Siliana,0.003,0.2,S2A_32SNE_20200405_2_L2A,0.05,3.0,0.1,,
2020-05-10,siliana,Siliana,0.006,0.0,S2B_32SNE_20200510_1_L2A,0.05,3.0,0.2,,
2020-06-14,siliana,Siliana,0.000,0.0,S2A_32SNE_20200614_1_L2A,0.05,3.0,0.0,,
2020-07-29,siliana,Siliana,0.003,0.0,S2B_32SNE_20200729_1_L2A,0.05,3.0,0.1,,
2020-08-23,siliana,Siliana,0.003,0.0,S2A_32SNE_20200823_1_L2A,0.05,3.0,0.1,,
2020-09-30,siliana,Siliana,0.887,0.0,S2B_32SNE_20200930_1_L2A,0.05,3.0,29.6,,
2020-10-02,siliana,Siliana,0.003,0.0,S2A_32SNE_20201002_1_L2A,0.05,3.0,0.1,,
2020-11-01,siliana,Siliana,0.003,0.0,S2A_32SNE_20201101_1_L2A,0.05,3.0,0.1,,
2020-12-29,siliana,Siliana,1.201,0.0,S2B_32SNE_20201229_1_L2A,0.05,3.0,40.0,,
2021-01-20,siliana,Siliana,0.011,0.0,S2A_32SNF_20210120_1_L2A,0.05,3.0,0.4,,
2021-02-12,siliana,Siliana,1.305,0.0,S2A_32SNE_20210212_1_L2A,0.05,3.0,43.5,,
2021-03-31,siliana,Siliana,0.004,0.0,S2A_32SNE_20210331_1_L2A,0.05,3.0,0.1,,
2021-04-28,siliana,Siliana,0.824,0.0,S2B_32SNE_20210428_2_L2A,0.05,3.0,27.5,,
2021-05-13,siliana,Siliana,0.785,0.0,S2A_32SNE_20210513_1_L2A,0.05,3.0,26.2,,
2021-06-14,siliana,Siliana,0.001,0.0,S2B_32SNE_20210614_1_L2A,0.05,3.0,0.0,,
2021-07-22,siliana,Siliana,0.100,0.0,S2A_32SNE_20210722_1_L2A,0.05,3.0,3.3,,
2021-08-06,siliana,Siliana,0.559,0.0,S2B_32SNF_20210806_1_L2A,0.05,3.0,18.6,,
2021-09-25,siliana,Siliana,0.000,0.0,S2B_32SNE_20210925_2_L2A,0.05,3.0,0.0,,
2021-10-17,siliana,Siliana,0.000,0.0,S2A_32SNE_20211017_1_L2A,0.05,3.0,0.0,,
2021-11-14,siliana,Siliana,0.155,0.0,S2B_32SNE_20211114_1_L2A,0.05,3.0,5.2,,
2021-12-14,siliana,Siliana,0.175,0.0,S2B_32SNE_20211214_1_L2A,0.05,3.0,5.8,,
2017-03-05,lakhmess,Lakhmess,0.025,16.4,S2A_32SNE_20170305_0_L2A,0.05,0.01,245.0,,
2017-04-14,lakhmess,Lakhmess,0.000,0.1,S2A_32SNF_20170414_0_L2A,0.05,0.01,1.0,,
2017-05-04,lakhmess,Lakhmess,0.000,0.1,S2A_32SNF_20170504_0_L2A,0.05,0.01,1.0,,
2017-06-13,lakhmess,Lakhmess,0.000,0.1,S2A_MSIL2A_20170613T101031_R022_T32SNF_20210209T223826,0.05,0.01,1.0,,
2017-07-18,lakhmess,Lakhmess,0.009,0.1,S2B_32SNE_20170718_0_L2A,0.05,0.01,90.0,,
2017-08-27,lakhmess,Lakhmess,0.000,0.0,S2B_32SNF_20170827_0_L2A,0.05,0.01,1.0,,
2017-09-06,lakhmess,Lakhmess,0.007,10.9,S2B_32SNE_20170906_0_L2A,0.05,0.01,70.0,,
2017-10-26,lakhmess,Lakhmess,0.010,0.1,S2B_32SNE_20171026_0_L2A,0.05,0.01,103.0,,
2017-11-05,lakhmess,Lakhmess,0.005,8.7,S2B_32SNE_20171105_0_L2A,0.05,0.01,50.0,,
2017-12-15,lakhmess,Lakhmess,0.000,0.1,S2B_32SNF_20171215_0_L2A,0.05,0.01,0.0,,
2018-01-24,lakhmess,Lakhmess,0.012,0.1,S2B_32SNE_20180124_0_L2A,0.05,0.01,119.0,,
2018-02-08,lakhmess,Lakhmess,0.000,45.9,S2A_MSIL2A_20180208T101151_R022_T32SNF_20201013T201415,0.05,0.01,0.0,,
2018-03-30,lakhmess,Lakhmess,,100.0,S2A_32SNF_20180330_0_L2A,0.05,0.01,,,
2018-04-24,lakhmess,Lakhmess,0.001,0.0,S2B_32SNE_20180424_0_L2A,0.05,0.01,13.0,,
2018-05-24,lakhmess,Lakhmess,0.000,1.6,S2B_32SNF_20180524_0_L2A,0.05,0.01,2.0,,
2018-06-28,lakhmess,Lakhmess,0.000,0.0,S2A_32SNE_20180628_1_L2A,0.05,0.01,0.0,,
2018-07-18,lakhmess,Lakhmess,0.000,0.0,S2A_32SNF_20180718_1_L2A,0.05,0.01,0.0,,
2018-08-02,lakhmess,Lakhmess,0.002,16.8,S2B_32SNF_20180802_1_L2A,0.05,0.01,16.0,,
2018-09-01,lakhmess,Lakhmess,0.008,0.0,S2B_32SNE_20180901_1_L2A,0.05,0.01,77.0,,
2018-10-26,lakhmess,Lakhmess,0.000,0.0,S2A_32SNF_20181026_1_L2A,0.05,0.01,4.0,,
2018-11-05,lakhmess,Lakhmess,0.000,0.1,S2A_32SNF_20181105_0_L2A,0.05,0.01,3.0,,
2018-12-30,lakhmess,Lakhmess,0.076,0.9,S2B_32SNE_20181230_0_L2A,0.05,0.01,763.0,,
2019-01-19,lakhmess,Lakhmess,0.080,1.3,S2B_32SNE_20190119_0_L2A,0.05,0.01,798.0,,
2019-02-08,lakhmess,Lakhmess,0.088,0.0,S2B_32SNE_20190208_0_L2A,0.05,0.01,881.0,,
2019-03-25,lakhmess,Lakhmess,0.088,0.0,S2A_32SNE_20190325_1_L2A,0.05,0.01,878.0,,
2019-04-29,lakhmess,Lakhmess,0.079,0.0,S2B_32SNE_20190429_1_L2A,0.05,0.01,794.0,,
2019-05-09,lakhmess,Lakhmess,0.086,0.0,S2B_32SNE_20190509_0_L2A,0.05,0.01,858.0,,
2019-06-03,lakhmess,Lakhmess,0.078,0.0,S2A_32SNE_20190603_1_L2A,0.05,0.01,783.0,,
2019-07-23,lakhmess,Lakhmess,0.000,0.0,S2A_32SNF_20190723_1_L2A,0.05,0.01,3.0,,
2019-08-17,lakhmess,Lakhmess,0.030,0.0,S2B_32SNE_20190817_1_L2A,0.05,0.01,300.0,,
2019-09-16,lakhmess,Lakhmess,0.003,0.0,S2B_32SNE_20190916_1_L2A,0.05,0.01,25.0,,
2019-10-11,lakhmess,Lakhmess,0.075,0.0,S2A_32SNE_20191011_1_L2A,0.05,0.01,749.0,,
2019-11-20,lakhmess,Lakhmess,0.006,16.8,S2A_32SNF_20191120_1_L2A,0.05,0.01,61.0,,
2019-12-25,lakhmess,Lakhmess,0.077,0.0,S2B_32SNE_20191225_1_L2A,0.05,0.01,769.0,,
2020-01-19,lakhmess,Lakhmess,0.075,0.0,S2A_32SNE_20200119_1_L2A,0.05,0.01,754.0,,
2020-02-28,lakhmess,Lakhmess,0.066,0.0,S2A_32SNE_20200228_1_L2A,0.05,0.01,658.0,,
2020-03-04,lakhmess,Lakhmess,,78.2,S2B_32SNE_20200304_0_L2A,0.05,0.01,,,
2020-04-08,lakhmess,Lakhmess,0.000,6.9,S2A_32SNF_20200408_0_L2A,0.05,0.01,2.0,,
2020-05-23,lakhmess,Lakhmess,0.011,0.0,S2B_32SNE_20200523_1_L2A,0.05,0.01,106.0,,
2020-06-02,lakhmess,Lakhmess,0.006,0.0,S2B_32SNE_20200602_1_L2A,0.05,0.01,56.0,,
2020-07-27,lakhmess,Lakhmess,0.000,0.0,S2A_32SNE_20200727_1_L2A,0.05,0.01,1.0,,
2020-08-01,lakhmess,Lakhmess,0.000,0.0,S2B_32SNE_20200801_1_L2A,0.05,0.01,1.0,,
2020-09-30,lakhmess,Lakhmess,0.053,0.0,S2B_32SNE_20200930_1_L2A,0.05,0.01,535.0,,
2020-10-10,lakhmess,Lakhmess,0.050,0.0,S2B_32SNE_20201010_1_L2A,0.05,0.01,504.0,,
2020-11-09,lakhmess,Lakhmess,0.038,5.1,S2B_32SNE_20201109_1_L2A,0.05,0.01,378.0,,
2020-12-29,lakhmess,Lakhmess,0.035,0.0,S2B_32SNE_20201229_1_L2A,0.05,0.01,355.0,,
2021-01-08,lakhmess,Lakhmess,0.032,0.0,S2B_32SNE_20210108_0_L2A,0.05,0.01,323.0,,
2021-02-12,lakhmess,Lakhmess,0.034,0.0,S2A_32SNE_20210212_1_L2A,0.05,0.01,341.0,,
2021-03-29,lakhmess,Lakhmess,0.031,0.0,S2B_32SNE_20210329_0_L2A,0.05,0.01,314.0,,
2021-04-28,lakhmess,Lakhmess,0.027,0.0,S2B_32SNE_20210428_2_L2A,0.05,0.01,274.0,,
2021-05-13,lakhmess,Lakhmess,0.022,0.0,S2A_32SNE_20210513_1_L2A,0.05,0.01,221.0,,
2021-06-22,lakhmess,Lakhmess,0.000,0.0,S2A_32SNE_20210622_1_L2A,0.05,0.01,0.0,,
2021-07-22,lakhmess,Lakhmess,0.000,0.0,S2A_32SNE_20210722_1_L2A,0.05,0.01,1.0,,
2021-08-06,lakhmess,Lakhmess,0.000,0.0,S2B_32SNF_20210806_1_L2A,0.05,0.01,1.0,,
2021-09-25,lakhmess,Lakhmess,0.000,0.0,S2B_32SNE_20210925_2_L2A,0.05,0.01,0.0,,
2021-10-20,lakhmess,Lakhmess,0.012,0.1,S2A_32SNF_20211020_0_L2A,0.05,0.01,123.0,,
2021-11-14,lakhmess,Lakhmess,0.024,0.0,S2B_32SNE_20211114_1_L2A,0.05,0.01,239.0,,
2021-12-14,lakhmess,Lakhmess,0.024,0.0,S2B_32SNE_20211214_1_L2A,0.05,0.01,244.0,,
2017-03-02,rmil,Rmil,3.862,0.5,S2A_32SNF_20170302_0_L2A,0.05,1.5,257.4,,
2017-04-14,rmil,Rmil,3.823,0.3,S2A_32SNF_20170414_0_L2A,0.05,1.5,254.9,,
2017-05-04,rmil,Rmil,3.750,0.5,S2A_32SNF_20170504_0_L2A,0.05,1.5,250.0,,
2017-06-20,rmil,Rmil,3.576,0.3,S2A_MSIL2A_20170620T100031_R122_T32SNF_20210210T002333,0.05,1.5,238.4,,
2017-07-18,rmil,Rmil,3.298,0.3,S2B_32SNF_20170718_0_L2A,0.05,1.5,219.8,,
2017-08-27,rmil,Rmil,2.903,0.3,S2B_32SNF_20170827_0_L2A,0.05,1.5,193.5,,
2017-09-06,rmil,Rmil,2.719,14.1,S2B_32SNF_20170906_0_L2A,0.05,1.5,181.3,,
2017-10-16,rmil,Rmil,2.798,0.3,S2B_32SNF_20171016_0_L2A,0.05,1.5,186.5,,
2017-11-22,rmil,Rmil,2.670,0.7,S2B_32SNF_20171122_0_L2A,0.05,1.5,178.0,,
2017-12-15,rmil,Rmil,2.687,1.0,S2B_32SNF_20171215_0_L2A,0.05,1.5,179.1,,
2018-01-24,rmil,Rmil,2.602,7.6,S2B_32SNF_20180124_0_L2A,0.05,1.5,173.4,,
2018-02-05,rmil,Rmil,2.817,1.6,S2A_MSIL2A_20180205T100211_R122_T32SNF_20201013T190308,0.05,1.5,187.8,,
2018-03-12,rmil,Rmil,2.682,4.0,S2B_32SNF_20180312_0_L2A,0.05,1.5,178.8,,
2018-04-24,rmil,Rmil,2.561,0.6,S2B_32SNF_20180424_0_L2A,0.05,1.5,170.7,,
2018-05-24,rmil,Rmil,2.397,0.7,S2B_32SNF_20180524_0_L2A,0.05,1.5,159.8,,
2018-06-05,rmil,Rmil,2.537,0.0,S2A_32SNF_20180605_1_L2A,0.05,1.5,169.1,,
2018-07-18,rmil,Rmil,2.029,0.0,S2A_32SNF_20180718_1_L2A,0.05,1.5,135.3,,
2018-08-02,rmil,Rmil,2.436,0.0,S2B_32SNF_20180802_1_L2A,0.05,1.5,162.4,,
2018-09-01,rmil,Rmil,2.772,0.0,S2B_32SNF_20180901_1_L2A,0.05,1.5,184.8,,
2018-10-26,rmil,Rmil,4.284,0.0,S2A_32SNF_20181026_1_L2A,0.05,1.5,285.6,,
2018-11-05,rmil,Rmil,4.327,0.3,S2A_32SNF_20181105_0_L2A,0.05,1.5,288.5,,
2018-12-27,rmil,Rmil,4.137,0.5,S2B_32SNF_20181227_0_L2A,0.05,1.5,275.8,,
2019-01-16,rmil,Rmil,4.132,0.5,S2B_32SNF_20190116_0_L2A,0.05,1.5,275.4,,
2019-02-10,rmil,Rmil,4.340,0.4,S2A_32SNF_20190210_0_L2A,0.05,1.5,289.3,,
2019-03-25,rmil,Rmil,4.854,0.0,S2A_32SNF_20190325_1_L2A,0.05,1.5,323.6,,
2019-04-16,rmil,Rmil,4.479,0.0,S2B_32SNF_20190416_1_L2A,0.05,1.5,298.6,,
2019-05-09,rmil,Rmil,4.550,5.7,S2B_32SNF_20190509_0_L2A,0.05,1.5,303.3,,
2019-06-05,rmil,Rmil,4.422,0.0,S2B_32SNF_20190605_1_L2A,0.05,1.5,294.8,,
2019-07-25,rmil,Rmil,4.258,0.0,S2B_32SNF_20190725_1_L2A,0.05,1.5,283.9,,
2019-08-17,rmil,Rmil,4.250,0.0,S2B_32SNF_20190817_1_L2A,0.05,1.5,283.3,,
2019-09-28,rmil,Rmil,4.324,0.0,S2A_32SNF_20190928_1_L2A,0.05,1.5,288.2,,
2019-10-01,rmil,Rmil,4.295,0.0,S2A_32SNF_20191001_1_L2A,0.05,1.5,286.3,,
2019-11-02,rmil,Rmil,4.328,0.0,S2B_32SNF_20191102_1_L2A,0.05,1.5,288.5,,
2019-12-25,rmil,Rmil,4.380,0.0,S2B_32SNF_20191225_1_L2A,0.05,1.5,292.0,,
2020-01-19,rmil,Rmil,4.324,0.0,S2A_32SNF_20200119_1_L2A,0.05,1.5,288.3,,
2020-02-25,rmil,Rmil,4.328,0.0,S2A_32SNF_20200225_1_L2A,0.05,1.5,288.5,,
2020-03-01,rmil,Rmil,4.299,0.2,S2B_32SNF_20200301_0_L2A,0.05,1.5,286.6,,
2020-04-08,rmil,Rmil,4.245,0.5,S2A_32SNF_20200408_0_L2A,0.05,1.5,283.0,,
2020-05-23,rmil,Rmil,3.534,0.1,S2B_32SNF_20200523_1_L2A,0.05,1.5,235.6,,
2020-06-29,rmil,Rmil,4.090,0.0,S2B_32SNF_20200629_1_L2A,0.05,1.5,272.6,,
2020-07-29,rmil,Rmil,4.078,0.0,S2B_32SNF_20200729_1_L2A,0.05,1.5,271.9,,
2020-08-28,rmil,Rmil,4.128,0.0,S2B_32SNF_20200828_1_L2A,0.05,1.5,275.2,,
2020-09-17,rmil,Rmil,4.167,0.0,S2B_32SNF_20200917_1_L2A,0.05,1.5,277.8,,
2020-10-02,rmil,Rmil,4.112,0.0,S2A_32SNF_20201002_1_L2A,0.05,1.5,274.2,,
2020-11-26,rmil,Rmil,4.359,0.0,S2B_32SNF_20201126_1_L2A,0.05,1.5,290.6,,
2020-12-24,rmil,Rmil,4.388,0.0,S2A_32SNF_20201224_3_L2A,0.05,1.5,292.5,,
2021-01-20,rmil,Rmil,4.412,0.0,S2A_32SNF_20210120_1_L2A,0.05,1.5,294.1,,
2021-02-17,rmil,Rmil,4.451,0.1,S2B_32SNF_20210217_0_L2A,0.05,1.5,296.8,,
2021-03-26,rmil,Rmil,4.452,0.0,S2B_32SNF_20210326_1_L2A,0.05,1.5,296.8,,
2021-04-03,rmil,Rmil,4.137,0.0,S2A_32SNF_20210403_1_L2A,0.05,1.5,275.8,,
2021-05-08,rmil,Rmil,4.178,0.0,S2B_32SNF_20210508_1_L2A,0.05,1.5,278.5,,
2021-06-14,rmil,Rmil,4.026,0.0,S2B_32SNF_20210614_1_L2A,0.05,1.5,268.4,,
2021-07-24,rmil,Rmil,3.886,0.0,S2B_32SNF_20210724_1_L2A,0.05,1.5,259.1,,
2021-08-06,rmil,Rmil,3.902,0.0,S2B_32SNF_20210806_1_L2A,0.05,1.5,260.1,,
2021-09-25,rmil,Rmil,0.281,1.4,S2B_32SNF_20210925_1_L2A,0.05,1.5,18.7,,
2021-10-17,rmil,Rmil,3.725,0.1,S2A_32SNF_20211017_0_L2A,0.05,1.5,248.3,,
2021-11-24,rmil,Rmil,3.774,0.5,S2B_32SNF_20211124_0_L2A,0.05,1.5,251.6,,
2021-12-14,rmil,Rmil,3.880,0.0,S2B_32SNF_20211214_1_L2A,0.05,1.5,258.7,,
2017-03-02,bir-mcherga,Bir Mcherga,0.896,0.6,S2A_32SNF_20170302_0_L2A,0.05,4.5,19.9,,
2017-04-14,bir-mcherga,Bir Mcherga,0.881,0.4,S2A_32SNF_20170414_0_L2A,0.05,4.5,19.6,,
2017-05-04,bir-mcherga,Bir Mcherga,0.869,0.6,S2A_32SNF_20170504_0_L2A,0.05,4.5,19.3,,
2017-06-20,bir-mcherga,Bir Mcherga,0.842,0.4,S2A_MSIL2A_20170620T100031_R122_T32SNF_20210210T002333,0.05,4.5,18.7,,
2017-07-18,bir-mcherga,Bir Mcherga,0.766,0.2,S2B_32SNF_20170718_0_L2A,0.05,4.5,17.0,,
2017-08-27,bir-mcherga,Bir Mcherga,0.732,0.4,S2B_32SNF_20170827_0_L2A,0.05,4.5,16.3,,
2017-09-06,bir-mcherga,Bir Mcherga,0.760,15.7,S2B_32SNF_20170906_0_L2A,0.05,4.5,16.9,,
2017-10-16,bir-mcherga,Bir Mcherga,0.759,0.5,S2B_32SNF_20171016_0_L2A,0.05,4.5,16.9,,
2017-11-22,bir-mcherga,Bir Mcherga,0.726,0.9,S2B_32SNF_20171122_0_L2A,0.05,4.5,16.1,,
2017-12-15,bir-mcherga,Bir Mcherga,0.722,0.9,S2B_32SNF_20171215_0_L2A,0.05,4.5,16.0,,
2018-01-24,bir-mcherga,Bir Mcherga,0.673,19.0,S2B_32SNF_20180124_0_L2A,0.05,4.5,14.9,,
2018-02-05,bir-mcherga,Bir Mcherga,0.735,1.4,S2A_MSIL2A_20180205T100211_R122_T32SNF_20201013T190308,0.05,4.5,16.3,,
2018-03-12,bir-mcherga,Bir Mcherga,0.708,13.3,S2B_32SNF_20180312_0_L2A,0.05,4.5,15.7,,
2018-04-24,bir-mcherga,Bir Mcherga,0.701,0.4,S2B_32SNF_20180424_0_L2A,0.05,4.5,15.6,,
2018-05-24,bir-mcherga,Bir Mcherga,0.610,0.6,S2B_32SNF_20180524_0_L2A,0.05,4.5,13.5,,
2018-06-05,bir-mcherga,Bir Mcherga,0.706,0.0,S2A_32SNF_20180605_1_L2A,0.05,4.5,15.7,,
2018-07-18,bir-mcherga,Bir Mcherga,0.408,0.0,S2A_32SNF_20180718_1_L2A,0.05,4.5,9.1,,
2018-08-02,bir-mcherga,Bir Mcherga,0.678,0.0,S2B_32SNF_20180802_1_L2A,0.05,4.5,15.1,,
2018-09-01,bir-mcherga,Bir Mcherga,0.771,0.0,S2B_32SNF_20180901_1_L2A,0.05,4.5,17.1,,
2018-10-26,bir-mcherga,Bir Mcherga,1.049,0.0,S2A_32SNF_20181026_1_L2A,0.05,4.5,23.3,,
2018-11-05,bir-mcherga,Bir Mcherga,1.025,0.4,S2A_32SNF_20181105_0_L2A,0.05,4.5,22.8,,
2018-12-27,bir-mcherga,Bir Mcherga,0.963,0.6,S2B_32SNF_20181227_0_L2A,0.05,4.5,21.4,,
2019-01-16,bir-mcherga,Bir Mcherga,0.948,0.7,S2B_32SNF_20190116_0_L2A,0.05,4.5,21.1,,
2019-02-10,bir-mcherga,Bir Mcherga,1.006,0.5,S2A_32SNF_20190210_0_L2A,0.05,4.5,22.3,,
2019-03-25,bir-mcherga,Bir Mcherga,1.264,0.0,S2A_32SNF_20190325_1_L2A,0.05,4.5,28.1,,
2019-04-16,bir-mcherga,Bir Mcherga,1.084,0.0,S2B_32SNF_20190416_1_L2A,0.05,4.5,24.1,,
2019-05-09,bir-mcherga,Bir Mcherga,1.084,0.0,S2B_32SNF_20190509_0_L2A,0.05,4.5,24.1,,
2019-06-05,bir-mcherga,Bir Mcherga,1.015,0.0,S2B_32SNF_20190605_1_L2A,0.05,4.5,22.5,,
2019-07-25,bir-mcherga,Bir Mcherga,0.963,0.0,S2B_32SNF_20190725_1_L2A,0.05,4.5,21.4,,
2019-08-17,bir-mcherga,Bir Mcherga,0.973,0.0,S2B_32SNF_20190817_1_L2A,0.05,4.5,21.6,,
2019-09-28,bir-mcherga,Bir Mcherga,1.061,0.0,S2A_32SNF_20190928_1_L2A,0.05,4.5,23.6,,
2019-10-01,bir-mcherga,Bir Mcherga,1.022,0.0,S2A_32SNF_20191001_1_L2A,0.05,4.5,22.7,,
2019-11-02,bir-mcherga,Bir Mcherga,1.082,0.0,S2B_32SNF_20191102_1_L2A,0.05,4.5,24.0,,
2019-12-25,bir-mcherga,Bir Mcherga,1.047,0.0,S2B_32SNF_20191225_1_L2A,0.05,4.5,23.3,,
2020-01-19,bir-mcherga,Bir Mcherga,1.013,0.0,S2A_32SNF_20200119_1_L2A,0.05,4.5,22.5,,
2020-02-25,bir-mcherga,Bir Mcherga,1.003,0.0,S2A_32SNF_20200225_1_L2A,0.05,4.5,22.3,,
2020-03-01,bir-mcherga,Bir Mcherga,0.966,0.2,S2B_32SNF_20200301_0_L2A,0.05,4.5,21.5,,
2020-04-08,bir-mcherga,Bir Mcherga,0.987,0.4,S2A_32SNF_20200408_0_L2A,0.05,4.5,21.9,,
2020-05-23,bir-mcherga,Bir Mcherga,0.873,0.1,S2B_32SNF_20200523_1_L2A,0.05,4.5,19.4,,
2020-06-29,bir-mcherga,Bir Mcherga,0.945,0.0,S2B_32SNF_20200629_1_L2A,0.05,4.5,21.0,,
2020-07-29,bir-mcherga,Bir Mcherga,0.919,0.0,S2B_32SNF_20200729_1_L2A,0.05,4.5,20.4,,
2020-08-28,bir-mcherga,Bir Mcherga,0.944,0.0,S2B_32SNF_20200828_1_L2A,0.05,4.5,21.0,,
2020-09-17,bir-mcherga,Bir Mcherga,0.972,0.0,S2B_32SNF_20200917_1_L2A,0.05,4.5,21.6,,
2020-10-02,bir-mcherga,Bir Mcherga,0.960,0.0,S2A_32SNF_20201002_1_L2A,0.05,4.5,21.3,,
2020-11-26,bir-mcherga,Bir Mcherga,1.056,0.0,S2B_32SNF_20201126_1_L2A,0.05,4.5,23.5,,
2020-12-24,bir-mcherga,Bir Mcherga,1.050,0.0,S2A_32SNF_20201224_3_L2A,0.05,4.5,23.3,,
2021-01-20,bir-mcherga,Bir Mcherga,1.042,0.0,S2A_32SNF_20210120_1_L2A,0.05,4.5,23.2,,
2021-02-17,bir-mcherga,Bir Mcherga,1.033,0.1,S2B_32SNF_20210217_0_L2A,0.05,4.5,23.0,,
2021-03-26,bir-mcherga,Bir Mcherga,1.062,0.0,S2B_32SNF_20210326_1_L2A,0.05,4.5,23.6,,
2021-04-03,bir-mcherga,Bir Mcherga,0.952,0.0,S2A_32SNF_20210403_1_L2A,0.05,4.5,21.2,,
2021-05-08,bir-mcherga,Bir Mcherga,1.004,0.0,S2B_32SNF_20210508_1_L2A,0.05,4.5,22.3,,
2021-06-14,bir-mcherga,Bir Mcherga,0.933,0.0,S2B_32SNF_20210614_1_L2A,0.05,4.5,20.7,,
2021-07-24,bir-mcherga,Bir Mcherga,0.886,0.0,S2B_32SNF_20210724_1_L2A,0.05,4.5,19.7,,
2021-08-06,bir-mcherga,Bir Mcherga,0.915,0.0,S2B_32SNF_20210806_1_L2A,0.05,4.5,20.3,,
2021-09-25,bir-mcherga,Bir Mcherga,0.000,0.0,S2B_32SNF_20210925_1_L2A,0.05,4.5,0.0,,
2021-10-17,bir-mcherga,Bir Mcherga,0.911,0.1,S2A_32SNF_20211017_0_L2A,0.05,4.5,20.2,,
2021-11-24,bir-mcherga,Bir Mcherga,0.883,0.5,S2B_32SNF_20211124_0_L2A,0.05,4.5,19.6,,
2021-12-14,bir-mcherga,Bir Mcherga,0.963,0.0,S2B_32SNF_20211214_1_L2A,0.05,4.5,21.4,,
2017-03-02,el-aroussia,El Aroussia,0.029,0.1,S2A_32SNF_20170302_0_L2A,0.05,0.8,3.6,,
2017-04-14,el-aroussia,El Aroussia,0.010,0.1,S2A_32SNF_20170414_0_L2A,0.05,0.8,1.2,,
2017-05-04,el-aroussia,El Aroussia,0.014,0.1,S2A_32SNF_20170504_0_L2A,0.05,0.8,1.8,,
2017-06-20,el-aroussia,El Aroussia,0.012,0.1,S2A_MSIL2A_20170620T100031_R122_T32SNF_20210210T002333,0.05,0.8,1.5,,
2017-07-18,el-aroussia,El Aroussia,0.018,0.0,S2B_32SNF_20170718_0_L2A,0.05,0.8,2.2,,
2017-08-27,el-aroussia,El Aroussia,0.004,0.1,S2B_32SNF_20170827_0_L2A,0.05,0.8,0.5,,
2017-09-06,el-aroussia,El Aroussia,0.011,3.0,S2B_32SNF_20170906_0_L2A,0.05,0.8,1.4,,
2017-10-16,el-aroussia,El Aroussia,0.013,0.1,S2B_32SNF_20171016_0_L2A,0.05,0.8,1.6,,
2017-11-22,el-aroussia,El Aroussia,0.007,0.1,S2B_32SNF_20171122_0_L2A,0.05,0.8,0.9,,
2017-12-15,el-aroussia,El Aroussia,0.006,0.2,S2B_32SNF_20171215_0_L2A,0.05,0.8,0.7,,
2018-01-24,el-aroussia,El Aroussia,0.001,20.0,S2B_32SNF_20180124_0_L2A,0.05,0.8,0.1,,
2018-02-05,el-aroussia,El Aroussia,0.004,5.1,S2A_MSIL2A_20180205T100211_R122_T32SNF_20201013T190308,0.05,0.8,0.5,,
2018-03-12,el-aroussia,El Aroussia,0.005,9.5,S2B_32SNF_20180312_0_L2A,0.05,0.8,0.7,,
2018-04-24,el-aroussia,El Aroussia,0.005,0.1,S2B_32SNF_20180424_0_L2A,0.05,0.8,0.6,,
2018-05-24,el-aroussia,El Aroussia,0.015,0.1,S2B_32SNF_20180524_0_L2A,0.05,0.8,1.9,,
2018-06-05,el-aroussia,El Aroussia,0.029,0.0,S2A_32SNF_20180605_1_L2A,0.05,0.8,3.6,,
2018-07-18,el-aroussia,El Aroussia,0.004,0.0,S2A_32SNF_20180718_1_L2A,0.05,0.8,0.5,,
2018-08-02,el-aroussia,El Aroussia,0.012,0.0,S2B_32SNF_20180802_1_L2A,0.05,0.8,1.5,,
2018-09-01,el-aroussia,El Aroussia,0.035,0.0,S2B_32SNF_20180901_1_L2A,0.05,0.8,4.4,,
2018-10-26,el-aroussia,El Aroussia,0.038,0.0,S2A_32SNF_20181026_1_L2A,0.05,0.8,4.7,,
2018-11-05,el-aroussia,El Aroussia,0.028,0.1,S2A_32SNF_20181105_0_L2A,0.05,0.8,3.4,,
2018-12-27,el-aroussia,El Aroussia,0.016,0.2,S2B_32SNF_20181227_0_L2A,0.05,0.8,2.0,,
2019-01-16,el-aroussia,El Aroussia,0.003,0.1,S2B_32SNF_20190116_0_L2A,0.05,0.8,0.4,,
2019-02-10,el-aroussia,El Aroussia,0.032,0.1,S2A_32SNF_20190210_0_L2A,0.05,0.8,4.0,,
2019-03-25,el-aroussia,El Aroussia,0.173,0.0,S2A_32SNF_20190325_1_L2A,0.05,0.8,21.6,,
2019-04-16,el-aroussia,El Aroussia,0.049,0.0,S2B_32SNF_20190416_1_L2A,0.05,0.8,6.1,,
2019-05-09,el-aroussia,El Aroussia,,64.1,S2B_32SNF_20190509_0_L2A,0.05,0.8,,,
2019-06-05,el-aroussia,El Aroussia,0.018,0.0,S2B_32SNF_20190605_1_L2A,0.05,0.8,2.3,,
2019-07-25,el-aroussia,El Aroussia,0.014,0.0,S2B_32SNF_20190725_1_L2A,0.05,0.8,1.7,,
2019-08-17,el-aroussia,El Aroussia,0.032,0.0,S2B_32SNF_20190817_1_L2A,0.05,0.8,4.0,,
2019-09-28,el-aroussia,El Aroussia,0.044,0.0,S2A_32SNF_20190928_1_L2A,0.05,0.8,5.5,,
2019-10-01,el-aroussia,El Aroussia,0.040,0.0,S2A_32SNF_20191001_1_L2A,0.05,0.8,5.0,,
2019-11-02,el-aroussia,El Aroussia,0.034,0.0,S2B_32SNF_20191102_1_L2A,0.05,0.8,4.2,,
2019-12-25,el-aroussia,El Aroussia,0.036,0.0,S2B_32SNF_20191225_1_L2A,0.05,0.8,4.5,,
2020-01-19,el-aroussia,El Aroussia,0.016,0.0,S2A_32SNF_20200119_1_L2A,0.05,0.8,2.0,,
2020-02-25,el-aroussia,El Aroussia,0.027,0.0,S2A_32SNF_20200225_1_L2A,0.05,0.8,3.3,,
2020-03-01,el-aroussia,El Aroussia,0.011,0.0,S2B_32SNF_20200301_0_L2A,0.05,0.8,1.4,,
2020-04-08,el-aroussia,El Aroussia,0.015,1.7,S2A_32SNF_20200408_0_L2A,0.05,0.8,1.9,,
2020-05-23,el-aroussia,El Aroussia,0.013,0.0,S2B_32SNF_20200523_1_L2A,0.05,0.8,1.6,,
2020-06-29,el-aroussia,El Aroussia,0.025,0.0,S2B_32SNF_20200629_1_L2A,0.05,0.8,3.1,,
2020-07-29,el-aroussia,El Aroussia,0.010,0.0,S2B_32SNF_20200729_1_L2A,0.05,0.8,1.3,,
2020-08-28,el-aroussia,El Aroussia,0.010,0.0,S2B_32SNF_20200828_1_L2A,0.05,0.8,1.3,,
2020-09-17,el-aroussia,El Aroussia,0.017,0.0,S2B_32SNF_20200917_1_L2A,0.05,0.8,2.1,,
2020-10-02,el-aroussia,El Aroussia,0.016,0.0,S2A_32SNF_20201002_1_L2A,0.05,0.8,2.0,,
2020-11-26,el-aroussia,El Aroussia,0.033,0.0,S2B_32SNF_20201126_1_L2A,0.05,0.8,4.1,,
2020-12-24,el-aroussia,El Aroussia,0.025,0.0,S2A_32SNF_20201224_3_L2A,0.05,0.8,3.2,,
2021-01-20,el-aroussia,El Aroussia,0.016,0.0,S2A_32SNF_20210120_1_L2A,0.05,0.8,2.0,,
2021-02-17,el-aroussia,El Aroussia,0.008,0.1,S2B_32SNF_20210217_0_L2A,0.05,0.8,1.0,,
2021-03-26,el-aroussia,El Aroussia,0.030,0.0,S2B_32SNF_20210326_1_L2A,0.05,0.8,3.8,,
2021-04-03,el-aroussia,El Aroussia,0.012,0.0,S2A_32SNF_20210403_1_L2A,0.05,0.8,1.5,,
2021-05-08,el-aroussia,El Aroussia,0.029,0.0,S2B_32SNF_20210508_1_L2A,0.05,0.8,3.6,,
2021-06-14,el-aroussia,El Aroussia,0.011,0.0,S2B_32SNF_20210614_1_L2A,0.05,0.8,1.3,,
2021-07-24,el-aroussia,El Aroussia,0.001,0.0,S2B_32SNF_20210724_1_L2A,0.05,0.8,0.1,,
2021-08-06,el-aroussia,El Aroussia,0.021,0.0,S2B_32SNF_20210806_1_L2A,0.05,0.8,2.6,,
2021-09-25,el-aroussia,El Aroussia,0.000,0.0,S2B_32SNF_20210925_1_L2A,0.05,0.8,0.0,,
2021-10-17,el-aroussia,El Aroussia,0.019,0.0,S2A_32SNF_20211017_0_L2A,0.05,0.8,2.4,,
2021-11-24,el-aroussia,El Aroussia,0.018,0.1,S2B_32SNF_20211124_0_L2A,0.05,0.8,2.3,,
2021-12-14,el-aroussia,El Aroussia,0.032,0.0,S2B_32SNF_20211214_1_L2A,0.05,0.8,4.0,,
2017-03-12,el-houareb,El Houareb,2.800,0.0,S2A_32SNE_20170312_0_L2A,0.05,6.0,46.7,,
2017-04-01,el-houareb,El Houareb,2.581,0.0,S2A_32SNE_20170401_0_L2A,0.05,6.0,43.0,,
2017-05-24,el-houareb,El Houareb,0.587,0.1,S2A_MSIL2A_20170524T101031_R022_T32SNE_20210209T174750,0.05,6.0,9.8,,
2017-06-30,el-houareb,El Houareb,0.010,0.0,S2A_MSIL2A_20170630T100031_R122_T32SNE_20210210T025551,0.05,6.0,0.2,,
2017-07-10,el-houareb,El Houareb,0.003,0.1,S2A_32SNE_20170710_0_L2A,0.05,6.0,0.0,,
2017-08-04,el-houareb,El Houareb,0.005,0.1,S2B_32SNE_20170804_1_L2A,0.05,6.0,0.1,,
2017-09-13,el-houareb,El Houareb,0.019,0.1,S2B_32SNE_20170913_0_L2A,0.05,6.0,0.3,,
2017-10-26,el-houareb,El Houareb,0.006,0.1,S2B_32SNE_20171026_0_L2A,0.05,6.0,0.1,,
2017-11-07,el-houareb,El Houareb,0.004,0.1,S2A_32SNE_20171107_1_L2A,0.05,6.0,0.1,,
2017-12-15,el-houareb,El Houareb,0.015,0.2,S2B_32SNE_20171215_0_L2A,0.05,6.0,0.2,,
2018-01-24,el-houareb,El Houareb,0.003,0.2,S2B_32SNE_20180124_0_L2A,0.05,6.0,0.1,,
2018-02-05,el-houareb,El Houareb,0.011,0.0,S2A_MSIL2A_20180205T100211_R122_T32SNE_20201013T190311,0.05,6.0,0.2,,
2018-03-12,el-houareb,El Houareb,,55.5,S2B_32SNE_20180312_0_L2A,0.05,6.0,,,
2018-04-11,el-houareb,El Houareb,0.000,0.0,S2B_32SNE_20180411_0_L2A,0.05,6.0,0.0,,
2018-05-31,el-houareb,El Houareb,0.014,0.0,S2B_32SNE_20180531_1_L2A,0.05,6.0,0.2,,
2018-06-10,el-houareb,El Houareb,0.013,0.0,S2B_32SNE_20180610_1_L2A,0.05,6.0,0.2,,
2018-07-20,el-houareb,El Houareb,0.000,0.0,S2B_32SNE_20180720_0_L2A,0.05,6.0,0.0,,
2018-08-29,el-houareb,El Houareb,2.030,0.0,S2B_32SNE_20180829_1_L2A,0.05,6.0,33.8,,
2018-09-01,el-houareb,El Houareb,1.935,0.0,S2B_32SNE_20180901_1_L2A,0.05,6.0,32.2,,
2018-10-26,el-houareb,El Houareb,2.569,0.0,S2A_32SNE_20181026_1_L2A,0.05,6.0,42.8,,
2018-11-05,el-houareb,El Houareb,2.503,0.0,S2A_32SNE_20181105_0_L2A,0.05,6.0,41.7,,
2018-12-30,el-houareb,El Houareb,1.997,0.0,S2B_32SNE_20181230_0_L2A,0.05,6.0,33.3,,
2019-01-19,el-houareb,El Houareb,2.335,0.5,S2B_32SNE_20190119_0_L2A,0.05,6.0,38.9,,
2019-02-08,el-houareb,El Houareb,2.590,0.0,S2B_32SNE_20190208_0_L2A,0.05,6.0,43.2,,
2019-03-25,el-houareb,El Houareb,3.059,0.0,S2A_32SNE_20190325_1_L2A,0.05,6.0,51.0,,
2019-04-29,el-houareb,El Houareb,2.907,0.0,S2B_32SNE_20190429_1_L2A,0.05,6.0,48.5,,
2019-05-01,el-houareb,El Houareb,2.897,0.0,S2A_32SNE_20190501_1_L2A,0.05,6.0,48.3,,
2019-06-25,el-houareb,El Houareb,1.160,0.0,S2B_32SNE_20190625_2_L2A,0.05,6.0,19.3,,
2019-07-05,el-houareb,El Houareb,1.230,0.0,S2B_32SNE_20190705_1_L2A,0.05,6.0,20.5,,
2019-08-17,el-houareb,El Houareb,1.407,0.0,S2B_32SNE_20190817_1_L2A,0.05,6.0,23.4,,
2019-09-28,el-houareb,El Houareb,2.514,0.0,S2A_32SNE_20190928_1_L2A,0.05,6.0,41.9,,
2019-10-11,el-houareb,El Houareb,2.457,0.0,S2A_32SNE_20191011_1_L2A,0.05,6.0,40.9,,
2019-11-07,el-houareb,El Houareb,2.064,0.0,S2A_32SNE_20191107_0_L2A,0.05,6.0,34.4,,
2019-12-25,el-houareb,El Houareb,1.046,0.0,S2B_32SNE_20191225_1_L2A,0.05,6.0,17.4,,
2020-01-19,el-houareb,El Houareb,0.386,0.0,S2A_32SNE_20200119_1_L2A,0.05,6.0,6.4,,
2020-02-25,el-houareb,El Houareb,0.036,0.0,S2A_32SNE_20200225_1_L2A,0.05,6.0,0.6,,
2020-03-01,el-houareb,El Houareb,0.022,0.0,S2B_32SNE_20200301_1_L2A,0.05,6.0,0.4,,
2020-04-05,el-houareb,El Houareb,1.022,0.0,S2A_32SNE_20200405_2_L2A,0.05,6.0,17.0,,
2020-05-10,el-houareb,El Houareb,1.879,0.0,S2B_32SNE_20200510_1_L2A,0.05,6.0,31.3,,
2020-06-14,el-houareb,El Houareb,1.574,0.0,S2A_32SNE_20200614_1_L2A,0.05,6.0,26.2,,
2020-07-29,el-houareb,El Houareb,0.054,0.0,S2B_32SNE_20200729_1_L2A,0.05,6.0,0.9,,
2020-08-23,el-houareb,El Houareb,0.020,0.0,S2A_32SNE_20200823_1_L2A,0.05,6.0,0.3,,
2020-09-30,el-houareb,El Houareb,2.020,0.0,S2B_32SNE_20200930_1_L2A,0.05,6.0,33.7,,
2020-10-02,el-houareb,El Houareb,2.020,0.0,S2A_32SNE_20201002_1_L2A,0.05,6.0,33.7,,
2020-11-01,el-houareb,El Houareb,2.023,0.0,S2A_32SNE_20201101_1_L2A,0.05,6.0,33.7,,
2020-12-29,el-houareb,El Houareb,1.969,0.0,S2B_32SNE_20201229_1_L2A,0.05,6.0,32.8,,
2021-01-08,el-houareb,El Houareb,1.681,0.2,S2B_32SNE_20210108_0_L2A,0.05,6.0,28.0,,
2021-02-12,el-houareb,El Houareb,0.315,0.0,S2A_32SNE_20210212_1_L2A,0.05,6.0,5.2,,
2021-03-31,el-houareb,El Houareb,0.023,0.0,S2A_32SNE_20210331_1_L2A,0.05,6.0,0.4,,
2021-04-28,el-houareb,El Houareb,0.020,0.0,S2B_32SNE_20210428_2_L2A,0.05,6.0,0.3,,
2021-05-13,el-houareb,El Houareb,0.021,0.0,S2A_32SNE_20210513_1_L2A,0.05,6.0,0.4,,
2021-06-14,el-houareb,El Houareb,0.021,0.0,S2B_32SNE_20210614_1_L2A,0.05,6.0,0.4,,
2021-07-22,el-houareb,El Houareb,0.021,0.0,S2A_32SNE_20210722_1_L2A,0.05,6.0,0.4,,
2021-08-23,el-houareb,El Houareb,0.022,0.0,S2B_32SNE_20210823_1_L2A,0.05,6.0,0.4,,
2021-09-25,el-houareb,El Houareb,0.000,0.0,S2B_32SNE_20210925_2_L2A,0.05,6.0,0.0,,
2021-10-17,el-houareb,El Houareb,0.023,0.0,S2A_32SNE_20211017_1_L2A,0.05,6.0,0.4,,
2021-11-14,el-houareb,El Houareb,0.019,0.0,S2B_32SNE_20211114_1_L2A,0.05,6.0,0.3,,
2021-12-14,el-houareb,El Houareb,0.023,0.0,S2B_32SNE_20211214_1_L2A,0.05,6.0,0.4,,
2017-03-12,nebhana,Nebhana,0.000,0.0,S2A_32SNE_20170312_0_L2A,0.05,3.5,0.0,,
2017-04-14,nebhana,Nebhana,0.014,0.0,S2A_32SPE_20170414_0_L2A,0.05,3.5,0.4,,
2017-05-21,nebhana,Nebhana,0.000,13.1,S2A_32SNE_20170521_1_L2A,0.05,3.5,0.0,,
2017-06-30,nebhana,Nebhana,0.000,0.0,S2A_MSIL2A_20170630T100031_R122_T32SPE_20210210T025551,0.05,3.5,0.0,,
2017-07-10,nebhana,Nebhana,0.000,0.0,S2A_32SNE_20170710_0_L2A,0.05,3.5,0.0,,
2017-08-04,nebhana,Nebhana,0.000,0.0,S2B_32SNE_20170804_1_L2A,0.05,3.5,0.0,,
2017-09-13,nebhana,Nebhana,0.000,0.0,S2B_32SNE_20170913_0_L2A,0.05,3.5,0.0,,
2017-10-26,nebhana,Nebhana,0.011,0.7,S2B_32SNE_20171026_0_L2A,0.05,3.5,0.3,,
2017-11-05,nebhana,Nebhana,0.004,1.5,S2B_32SPE_20171105_0_L2A,0.05,3.5,0.1,,
2017-12-15,nebhana,Nebhana,0.010,0.0,S2B_32SPE_20171215_0_L2A,0.05,3.5,0.3,,
2018-01-24,nebhana,Nebhana,0.012,3.3,S2B_32SNE_20180124_0_L2A,0.05,3.5,0.3,,
2018-02-08,nebhana,Nebhana,0.020,0.0,S2A_MSIL2A_20180208T101151_R022_T32SPE_20201013T201230,0.05,3.5,0.6,,
2018-03-12,nebhana,Nebhana,0.000,37.2,S2B_32SPE_20180312_0_L2A,0.05,3.5,0.0,,
2018-04-11,nebhana,Nebhana,0.000,0.0,S2B_32SNE_20180411_0_L2A,0.05,3.5,0.0,,
2018-05-31,nebhana,Nebhana,0.000,0.0,S2B_32SNE_20180531_1_L2A,0.05,3.5,0.0,,
2018-06-23,nebhana,Nebhana,0.000,0.0,S2B_32SPE_20180623_1_L2A,0.05,3.5,0.0,,
2018-07-18,nebhana,Nebhana,0.007,0.0,S2A_32SPE_20180718_1_L2A,0.05,3.5,0.2,,
2018-08-27,nebhana,Nebhana,0.041,0.0,S2A_32SPE_20180827_1_L2A,0.05,3.5,1.2,,
2018-09-01,nebhana,Nebhana,0.001,0.0,S2B_32SPE_20180901_1_L2A,0.05,3.5,0.0,,
2018-10-26,nebhana,Nebhana,0.027,0.0,S2A_32SNE_20181026_1_L2A,0.05,3.5,0.8,,
2018-11-05,nebhana,Nebhana,0.008,0.0,S2A_32SPE_20181105_0_L2A,0.05,3.5,0.2,,
2018-12-30,nebhana,Nebhana,0.001,0.0,S2B_32SPE_20181230_1_L2A,0.05,3.5,0.0,,
2019-01-19,nebhana,Nebhana,0.000,0.0,S2B_32SPE_20190119_0_L2A,0.05,3.5,0.0,,
2019-02-28,nebhana,Nebhana,0.000,0.0,S2B_32SPE_20190228_0_L2A,0.05,3.5,0.0,,
2019-03-25,nebhana,Nebhana,0.103,0.1,S2A_32SNE_20190325_1_L2A,0.05,3.5,2.9,,
2019-04-29,nebhana,Nebhana,0.002,0.0,S2B_32SPE_20190429_1_L2A,0.05,3.5,0.1,,
2019-05-01,nebhana,Nebhana,0.002,0.0,S2A_32SNE_20190501_1_L2A,0.05,3.5,0.0,,
2019-06-18,nebhana,Nebhana,0.000,0.0,S2B_32SPE_20190618_1_L2A,0.05,3.5,0.0,,
2019-07-03,nebhana,Nebhana,0.002,0.0,S2A_32SPE_20190703_1_L2A,0.05,3.5,0.1,,
2019-08-27,nebhana,Nebhana,0.000,0.0,S2B_32SPE_20190827_1_L2A,0.05,3.5,0.0,,
2019-09-16,nebhana,Nebhana,0.004,0.0,S2B_32SPE_20190916_1_L2A,0.05,3.5,0.1,,
2019-10-06,nebhana,Nebhana,0.001,0.0,S2B_32SPE_20191006_1_L2A,0.05,3.5,0.0,,
2019-11-05,nebhana,Nebhana,0.000,0.0,S2B_32SPE_20191105_1_L2A,0.05,3.5,0.0,,
2019-12-25,nebhana,Nebhana,0.000,0.0,S2B_32SNE_20191225_1_L2A,0.05,3.5,0.0,,
2020-01-19,nebhana,Nebhana,0.026,0.0,S2A_32SNE_20200119_1_L2A,0.05,3.5,0.7,,
2020-02-25,nebhana,Nebhana,0.000,0.0,S2A_32SNE_20200225_1_L2A,0.05,3.5,0.0,,
2020-03-01,nebhana,Nebhana,0.000,0.0,S2B_32SNE_20200301_1_L2A,0.05,3.5,0.0,,
2020-04-05,nebhana,Nebhana,0.000,0.2,S2A_32SPE_20200405_0_L2A,0.05,3.5,0.0,,
2020-05-23,nebhana,Nebhana,0.000,0.0,S2B_32SPE_20200523_1_L2A,0.05,3.5,0.0,,
2020-06-17,nebhana,Nebhana,0.003,0.0,S2A_32SPE_20200617_1_L2A,0.05,3.5,0.1,,
2020-07-22,nebhana,Nebhana,0.000,0.0,S2B_32SPE_20200722_1_L2A,0.05,3.5,0.0,,
2020-08-21,nebhana,Nebhana,0.000,0.0,S2B_32SPE_20200821_1_L2A,0.05,3.5,0.0,,
2020-09-30,nebhana,Nebhana,0.000,0.0,S2B_32SPE_20200930_1_L2A,0.05,3.5,0.0,,
2020-10-10,nebhana,Nebhana,0.000,0.0,S2B_32SPE_20201010_1_L2A,0.05,3.5,0.0,,
2020-11-01,nebhana,Nebhana,0.001,0.0,S2A_32SNE_20201101_1_L2A,0.05,3.5,0.0,,
2020-12-29,nebhana,Nebhana,0.001,0.0,S2B_32SNE_20201229_1_L2A,0.05,3.5,0.0,,
2021-01-08,nebhana,Nebhana,0.000,0.0,S2B_32SPE_20210108_1_L2A,0.05,3.5,0.0,,
2021-02-27,nebhana,Nebhana,0.000,0.0,S2B_32SPE_20210227_1_L2A,0.05,3.5,0.0,,
2021-03-31,nebhana,Nebhana,0.000,0.0,S2A_32SNE_20210331_1_L2A,0.05,3.5,0.0,,
2021-04-28,nebhana,Nebhana,0.001,0.0,S2B_32SPE_20210428_1_L2A,0.05,3.5,0.0,,
2021-05-08,nebhana,Nebhana,0.000,0.0,S2B_32SPE_20210508_1_L2A,0.05,3.5,0.0,,
2021-06-22,nebhana,Nebhana,0.002,0.0,S2A_32SPE_20210622_1_L2A,0.05,3.5,0.1,,
2021-07-07,nebhana,Nebhana,0.001,0.0,S2B_32SPE_20210707_1_L2A,0.05,3.5,0.0,,
2021-08-16,nebhana,Nebhana,0.000,0.0,S2B_32SPE_20210816_1_L2A,0.05,3.5,0.0,,
2021-09-25,nebhana,Nebhana,0.000,0.0,S2B_32SPE_20210925_1_L2A,0.05,3.5,0.0,,
2021-10-17,nebhana,Nebhana,0.000,0.0,S2A_32SNE_20211017_1_L2A,0.05,3.5,0.0,,
2021-11-14,nebhana,Nebhana,0.000,0.0,S2B_32SPE_20211114_1_L2A,0.05,3.5,0.0,,
2021-12-14,nebhana,Nebhana,0.001,0.0,S2B_32SPE_20211214_1_L2A,0.05,3.5,0.0,,
2017-03-12,sidi-saad,Sidi Saad,6.293,0.1,S2A_32SNE_20170312_0_L2A,0.05,10.0,62.9,,
2017-04-01,sidi-saad,Sidi Saad,6.086,0.1,S2A_32SNE_20170401_0_L2A,0.05,10.0,60.9,,
2017-05-24,sidi-saad,Sidi Saad,2.316,3.5,S2A_MSIL2A_20170524T101031_R022_T32SNE_20210209T174750,0.05,10.0,23.2,,
2017-06-30,sidi-saad,Sidi Saad,5.424,0.1,S2A_MSIL2A_20170630T100031_R122_T32SNE_20210210T025551,0.05,10.0,54.2,,
2017-07-10,sidi-saad,Sidi Saad,5.269,0.2,S2A_32SNE_20170710_0_L2A,0.05,10.0,52.7,,
2017-08-04,sidi-saad,Sidi Saad,5.499,0.1,S2B_32SNE_20170804_1_L2A,0.05,10.0,55.0,,
2017-09-13,sidi-saad,Sidi Saad,5.543,0.1,S2B_32SNE_20170913_0_L2A,0.05,10.0,55.4,,
2017-10-26,sidi-saad,Sidi Saad,5.652,0.1,S2B_32SNE_20171026_0_L2A,0.05,10.0,56.5,,
2017-11-07,sidi-saad,Sidi Saad,5.648,0.1,S2A_32SNE_20171107_1_L2A,0.05,10.0,56.5,,
2017-12-15,sidi-saad,Sidi Saad,5.589,0.2,S2B_32SNE_20171215_0_L2A,0.05,10.0,55.9,,
2018-01-24,sidi-saad,Sidi Saad,5.595,0.3,S2B_32SNE_20180124_0_L2A,0.05,10.0,55.9,,
2018-02-05,sidi-saad,Sidi Saad,5.502,0.2,S2A_MSIL2A_20180205T100211_R122_T32SNE_20201013T190311,0.05,10.0,55.0,,
2018-03-12,sidi-saad,Sidi Saad,5.493,1.1,S2B_32SNE_20180312_0_L2A,0.05,10.0,54.9,,
2018-04-11,sidi-saad,Sidi Saad,4.942,0.3,S2B_32SNE_20180411_0_L2A,0.05,10.0,49.4,,
2018-05-31,sidi-saad,Sidi Saad,5.475,0.0,S2B_32SNE_20180531_1_L2A,0.05,10.0,54.8,,
2018-06-10,sidi-saad,Sidi Saad,5.301,0.0,S2B_32SNE_20180610_1_L2A,0.05,10.0,53.0,,
2018-07-13,sidi-saad,Sidi Saad,2.891,1.2,S2B_32SNE_20180713_2_L2A,0.05,10.0,28.9,,
2018-08-29,sidi-saad,Sidi Saad,5.962,0.0,S2B_32SNE_20180829_1_L2A,0.05,10.0,59.6,,
2018-09-01,sidi-saad,Sidi Saad,5.974,0.0,S2B_32SNE_20180901_1_L2A,0.05,10.0,59.7,,
2018-10-26,sidi-saad,Sidi Saad,8.212,0.0,S2A_32SNE_20181026_1_L2A,0.05,10.0,82.1,,
2018-11-05,sidi-saad,Sidi Saad,8.331,0.1,S2A_32SNE_20181105_0_L2A,0.05,10.0,83.3,,
2018-12-30,sidi-saad,Sidi Saad,8.229,0.1,S2B_32SNE_20181230_0_L2A,0.05,10.0,82.3,,
2019-01-19,sidi-saad,Sidi Saad,8.331,3.6,S2B_32SNE_20190119_0_L2A,0.05,10.0,83.3,,
2019-02-08,sidi-saad,Sidi Saad,8.362,0.1,S2B_32SNE_20190208_0_L2A,0.05,10.0,83.6,,
2019-03-25,sidi-saad,Sidi Saad,8.127,0.0,S2A_32SNE_20190325_1_L2A,0.05,10.0,81.3,,
2019-04-29,sidi-saad,Sidi Saad,8.208,0.0,S2B_32SNE_20190429_1_L2A,0.05,10.0,82.1,,
2019-05-01,sidi-saad,Sidi Saad,8.182,0.0,S2A_32SNE_20190501_1_L2A,0.05,10.0,81.8,,
2019-06-25,sidi-saad,Sidi Saad,7.710,0.0,S2B_32SNE_20190625_2_L2A,0.05,10.0,77.1,,
2019-07-05,sidi-saad,Sidi Saad,7.621,0.0,S2B_32SNE_20190705_1_L2A,0.05,10.0,76.2,,
2019-08-17,sidi-saad,Sidi Saad,7.493,0.0,S2B_32SNE_20190817_1_L2A,0.05,10.0,74.9,,
2019-09-28,sidi-saad,Sidi Saad,7.528,0.0,S2A_32SNE_20190928_1_L2A,0.05,10.0,75.3,,
2019-10-11,sidi-saad,Sidi Saad,7.481,0.0,S2A_32SNE_20191011_1_L2A,0.05,10.0,74.8,,
2019-11-07,sidi-saad,Sidi Saad,7.402,0.1,S2A_32SNE_20191107_0_L2A,0.05,10.0,74.0,,
2019-12-25,sidi-saad,Sidi Saad,7.372,0.0,S2B_32SNE_20191225_1_L2A,0.05,10.0,73.7,,
2020-01-19,sidi-saad,Sidi Saad,7.348,0.0,S2A_32SNE_20200119_1_L2A,0.05,10.0,73.5,,
2020-02-25,sidi-saad,Sidi Saad,7.269,0.0,S2A_32SNE_20200225_1_L2A,0.05,10.0,72.7,,
2020-03-01,sidi-saad,Sidi Saad,7.207,0.0,S2B_32SNE_20200301_1_L2A,0.05,10.0,72.1,,
2020-04-05,sidi-saad,Sidi Saad,7.237,0.1,S2A_32SNE_20200405_2_L2A,0.05,10.0,72.4,,
2020-05-10,sidi-saad,Sidi Saad,7.038,0.0,S2B_32SNE_20200510_1_L2A,0.05,10.0,70.4,,
2020-06-14,sidi-saad,Sidi Saad,6.889,0.0,S2A_32SNE_20200614_1_L2A,0.05,10.0,68.9,,
2020-07-29,sidi-saad,Sidi Saad,6.529,0.0,S2B_32SNE_20200729_1_L2A,0.05,10.0,65.3,,
2020-08-23,sidi-saad,Sidi Saad,6.349,0.0,S2A_32SNE_20200823_1_L2A,0.05,10.0,63.5,,
2020-09-30,sidi-saad,Sidi Saad,6.872,0.0,S2B_32SNE_20200930_1_L2A,0.05,10.0,68.7,,
2020-10-02,sidi-saad,Sidi Saad,7.192,0.0,S2A_32SNE_20201002_1_L2A,0.05,10.0,71.9,,
2020-11-01,sidi-saad,Sidi Saad,7.215,0.0,S2A_32SNE_20201101_1_L2A,0.05,10.0,72.2,,
2020-12-29,sidi-saad,Sidi Saad,7.226,0.0,S2B_32SNE_20201229_1_L2A,0.05,10.0,72.3,,
2021-01-08,sidi-saad,Sidi Saad,6.931,0.3,S2B_32SNE_20210108_0_L2A,0.05,10.0,69.3,,
2021-02-12,sidi-saad,Sidi Saad,7.027,0.0,S2A_32SNE_20210212_1_L2A,0.05,10.0,70.3,,
2021-03-31,sidi-saad,Sidi Saad,6.768,0.0,S2A_32SNE_20210331_1_L2A,0.05,10.0,67.7,,
2021-04-28,sidi-saad,Sidi Saad,6.566,0.0,S2B_32SNE_20210428_2_L2A,0.05,10.0,65.7,,
2021-05-13,sidi-saad,Sidi Saad,6.284,0.2,S2A_32SNE_20210513_1_L2A,0.05,10.0,62.8,,
2021-06-14,sidi-saad,Sidi Saad,6.103,0.1,S2B_32SNE_20210614_1_L2A,0.05,10.0,61.0,,
2021-07-22,sidi-saad,Sidi Saad,5.859,0.0,S2A_32SNE_20210722_1_L2A,0.05,10.0,58.6,,
2021-08-23,sidi-saad,Sidi Saad,5.667,0.1,S2B_32SNE_20210823_1_L2A,0.05,10.0,56.7,,
2021-09-25,sidi-saad,Sidi Saad,0.000,3.2,S2B_32SNE_20210925_2_L2A,0.05,10.0,0.0,,
2021-10-17,sidi-saad,Sidi Saad,5.512,0.2,S2A_32SNE_20211017_1_L2A,0.05,10.0,55.1,,
2021-11-14,sidi-saad,Sidi Saad,5.525,0.1,S2B_32SNE_20211114_1_L2A,0.05,10.0,55.3,,
2021-12-14,sidi-saad,Sidi Saad,5.583,0.0,S2B_32SNE_20211214_1_L2A,0.05,10.0,55.8,,
2017-03-02,chiba,Chiba,0.214,0.1,S2A_32SPF_20170302_0_L2A,0.05,0.7,30.5,,
2017-04-01,chiba,Chiba,0.195,0.1,S2A_32SPF_20170401_0_L2A,0.05,0.7,27.9,,
2017-05-21,chiba,Chiba,0.184,0.1,S2A_32SPF_20170521_0_L2A,0.05,0.7,26.3,,
2017-06-20,chiba,Chiba,0.174,0.1,S2A_MSIL2A_20170620T100031_R122_T32SPF_20210210T002336,0.05,0.7,24.9,,
2017-07-05,chiba,Chiba,0.159,0.1,S2B_32SPF_20170705_0_L2A,0.05,0.7,22.7,,
2017-08-04,chiba,Chiba,0.093,0.0,S2B_32SPF_20170804_0_L2A,0.05,0.7,13.4,,
2017-09-23,chiba,Chiba,0.033,10.8,S2B_32SPF_20170923_0_L2A,0.05,0.7,4.7,,
2017-10-13,chiba,Chiba,0.031,25.7,S2B_32SPF_20171013_0_L2A,0.05,0.7,4.4,,
2017-11-22,chiba,Chiba,0.149,0.2,S2B_32SPF_20171122_0_L2A,0.05,0.7,21.2,,
2017-12-17,chiba,Chiba,0.145,0.2,S2A_MSIL2A_20171217T100411_R122_T32SPF_20201014T143807,0.05,0.7,20.8,,
2018-01-31,chiba,Chiba,0.159,0.1,S2B_MSIL2A_20180131T100229_R122_T32SPF_20201014T103019,0.05,0.7,22.6,,
2018-02-20,chiba,Chiba,,80.6,S2B_MSIL2A_20180220T100029_R122_T32SPF_20201013T233538,0.05,0.7,,,
2018-03-12,chiba,Chiba,0.151,0.3,S2B_32SPF_20180312_0_L2A,0.05,0.7,21.5,,
2018-04-06,chiba,Chiba,0.144,0.2,S2A_32SPF_20180406_0_L2A,0.05,0.7,20.6,,
2018-05-31,chiba,Chiba,0.085,0.0,S2B_32SPF_20180531_0_L2A,0.05,0.7,12.1,,
2018-06-05,chiba,Chiba,0.126,0.0,S2A_32SPF_20180605_1_L2A,0.05,0.7,18.0,,
2018-07-30,chiba,Chiba,0.081,0.0,S2B_32SPF_20180730_0_L2A,0.05,0.7,11.6,,
2018-08-14,chiba,Chiba,0.115,0.0,S2A_32SPF_20180814_1_L2A,0.05,0.7,16.4,,
2018-09-03,chiba,Chiba,0.019,31.1,S2A_32SPF_20180903_0_L2A,0.05,0.7,2.7,,
2018-10-08,chiba,Chiba,0.203,0.5,S2B_32SPF_20181008_0_L2A,0.05,0.7,29.1,,
2018-11-07,chiba,Chiba,0.344,49.9,S2B_32SPF_20181107_0_L2A,0.05,0.7,49.2,,
2018-12-27,chiba,Chiba,0.282,0.1,S2B_32SPF_20181227_0_L2A,0.05,0.7,40.2,,
2019-01-16,chiba,Chiba,0.086,8.8,S2B_32SPF_20190116_0_L2A,0.05,0.7,12.3,,
2019-02-10,chiba,Chiba,0.288,0.2,S2A_32SPF_20190210_0_L2A,0.05,0.7,41.1,,
2019-03-17,chiba,Chiba,0.285,0.0,S2B_32SPF_20190317_0_L2A,0.05,0.7,40.7,,
2019-04-16,chiba,Chiba,0.249,0.0,S2B_32SPF_20190416_1_L2A,0.05,0.7,35.6,,
2019-05-11,chiba,Chiba,0.245,0.0,S2A_32SPF_20190511_0_L2A,0.05,0.7,35.0,,
2019-06-05,chiba,Chiba,0.204,0.0,S2B_32SPF_20190605_1_L2A,0.05,0.7,29.1,,
2019-07-25,chiba,Chiba,0.191,0.0,S2B_32SPF_20190725_1_L2A,0.05,0.7,27.3,,
2019-08-04,chiba,Chiba,0.058,0.0,S2B_32SPF_20190804_1_L2A,0.05,0.7,8.3,,
2019-09-13,chiba,Chiba,0.074,0.0,S2B_32SPF_20190913_0_L2A,0.05,0.7,10.5,,
2019-10-18,chiba,Chiba,0.179,1.0,S2A_32SPF_20191018_0_L2A,0.05,0.7,25.6,,
2019-11-27,chiba,Chiba,0.221,0.0,S2A_32SPF_20191127_1_L2A,0.05,0.7,31.6,,
2019-12-07,chiba,Chiba,0.222,0.0,S2A_32SPF_20191207_1_L2A,0.05,0.7,31.6,,
2020-01-06,chiba,Chiba,0.063,26.7,S2A_32SPF_20200106_0_L2A,0.05,0.7,9.0,,
2020-02-25,chiba,Chiba,0.215,0.0,S2A_32SPF_20200225_1_L2A,0.05,0.7,30.7,,
2020-03-01,chiba,Chiba,0.208,0.0,S2B_32SPF_20200301_1_L2A,0.05,0.7,29.7,,
2020-04-05,chiba,Chiba,0.224,4.4,S2A_32SPF_20200405_0_L2A,0.05,0.7,32.0,,
2020-05-05,chiba,Chiba,0.208,0.0,S2A_32SPF_20200505_0_L2A,0.05,0.7,29.7,,
2020-06-24,chiba,Chiba,0.168,0.0,S2A_32SPF_20200624_1_L2A,0.05,0.7,23.9,,
2020-07-29,chiba,Chiba,0.144,0.0,S2B_32SPF_20200729_1_L2A,0.05,0.7,20.6,,
2020-08-28,chiba,Chiba,0.133,0.0,S2B_32SPF_20200828_1_L2A,0.05,0.7,18.9,,
2020-09-17,chiba,Chiba,0.135,0.0,S2B_32SPF_20200917_1_L2A,0.05,0.7,19.3,,
2020-10-02,chiba,Chiba,0.120,0.0,S2A_32SPF_20201002_1_L2A,0.05,0.7,17.1,,
2020-11-01,chiba,Chiba,0.128,0.0,S2A_32SPF_20201101_0_L2A,0.05,0.7,18.3,,
2020-12-16,chiba,Chiba,0.123,0.0,S2B_32SPF_20201216_1_L2A,0.05,0.7,17.6,,
2021-01-20,chiba,Chiba,0.117,0.0,S2A_32SPF_20210120_1_L2A,0.05,0.7,16.6,,
2021-02-09,chiba,Chiba,0.113,0.0,S2A_32SPF_20210209_0_L2A,0.05,0.7,16.1,,
2021-03-26,chiba,Chiba,0.109,0.0,S2B_32SPF_20210326_1_L2A,0.05,0.7,15.6,,
2021-04-25,chiba,Chiba,0.112,0.0,S2B_32SPF_20210425_1_L2A,0.05,0.7,15.9,,
2021-05-10,chiba,Chiba,0.102,0.0,S2A_32SPF_20210510_1_L2A,0.05,0.7,14.5,,
2021-06-14,chiba,Chiba,0.084,0.0,S2B_32SPF_20210614_1_L2A,0.05,0.7,11.9,,
2021-07-24,chiba,Chiba,0.048,0.0,S2B_32SPF_20210724_1_L2A,0.05,0.7,6.9,,
2021-08-23,chiba,Chiba,0.038,0.0,S2B_32SPF_20210823_1_L2A,0.05,0.7,5.4,,
2021-09-07,chiba,Chiba,0.034,8.7,S2A_32SPF_20210907_0_L2A,0.05,0.7,4.8,,
2021-10-12,chiba,Chiba,0.019,6.5,S2B_32SPF_20211012_0_L2A,0.05,0.7,2.7,,
2021-11-11,chiba,Chiba,0.107,0.0,S2B_32SPF_20211111_2_L2A,0.05,0.7,15.2,,
2021-12-01,chiba,Chiba,,59.1,S2B_32SPF_20211201_0_L2A,0.05,0.7,,,
2017-03-02,masri,Masri,0.328,16.7,S2A_32SPF_20170302_0_L2A,0.05,0.9,36.5,,
2017-04-01,masri,Masri,0.418,0.1,S2A_32SPF_20170401_0_L2A,0.05,0.9,46.4,,
2017-05-21,masri,Masri,0.207,0.3,S2A_32SPF_20170521_0_L2A,0.05,0.9,23.0,,
2017-06-20,masri,Masri,0.101,0.2,S2A_MSIL2A_20170620T100031_R122_T32SPF_20210210T002336,0.05,0.9,11.2,,
2017-07-05,masri,Masri,0.066,0.3,S2B_32SPF_20170705_0_L2A,0.05,0.9,7.3,,
2017-08-04,masri,Masri,0.033,0.1,S2B_32SPF_20170804_0_L2A,0.05,0.9,3.7,,
2017-09-23,masri,Masri,0.045,29.2,S2B_32SPF_20170923_0_L2A,0.05,0.9,5.0,,
2017-10-13,masri,Masri,0.039,31.8,S2B_32SPF_20171013_0_L2A,0.05,0.9,4.3,,
2017-11-22,masri,Masri,0.121,0.5,S2B_32SPF_20171122_0_L2A,0.05,0.9,13.4,,
2017-12-17,masri,Masri,0.052,0.7,S2A_MSIL2A_20171217T100411_R122_T32SPF_20201014T143807,0.05,0.9,5.8,,
2018-01-31,masri,Masri,0.130,0.2,S2B_MSIL2A_20180131T100229_R122_T32SPF_20201014T103019,0.05,0.9,14.4,,
2018-02-20,masri,Masri,,99.9,S2B_MSIL2A_20180220T100029_R122_T32SPF_20201013T233538,0.05,0.9,,,
2018-03-12,masri,Masri,0.021,0.6,S2B_32SPF_20180312_0_L2A,0.05,0.9,2.4,,
2018-04-06,masri,Masri,0.148,0.4,S2A_32SPF_20180406_0_L2A,0.05,0.9,16.5,,
2018-05-31,masri,Masri,0.012,0.1,S2B_32SPF_20180531_0_L2A,0.05,0.9,1.3,,
2018-06-05,masri,Masri,0.079,0.0,S2A_32SPF_20180605_1_L2A,0.05,0.9,8.8,,
2018-07-30,masri,Masri,0.058,0.2,S2B_32SPF_20180730_0_L2A,0.05,0.9,6.4,,
2018-08-14,masri,Masri,0.071,0.0,S2A_32SPF_20180814_1_L2A,0.05,0.9,7.9,,
2018-09-03,masri,Masri,0.006,22.0,S2A_32SPF_20180903_0_L2A,0.05,0.9,0.7,,
2018-10-08,masri,Masri,,56.7,S2B_32SPF_20181008_0_L2A,0.05,0.9,,,
2018-11-07,masri,Masri,0.358,11.8,S2B_32SPF_20181107_0_L2A,0.05,0.9,39.8,,
2018-12-27,masri,Masri,0.422,0.3,S2B_32SPF_20181227_0_L2A,0.05,0.9,46.9,,
2019-01-16,masri,Masri,0.354,3.0,S2B_32SPF_20190116_0_L2A,0.05,0.9,39.3,,
2019-02-10,masri,Masri,0.440,0.1,S2A_32SPF_20190210_0_L2A,0.05,0.9,48.9,,
2019-03-17,masri,Masri,0.419,0.0,S2B_32SPF_20190317_0_L2A,0.05,0.9,46.5,,
2019-04-16,masri,Masri,0.311,18.2,S2B_32SPF_20190416_1_L2A,0.05,0.9,34.5,,
2019-05-11,masri,Masri,0.073,47.3,S2A_32SPF_20190511_0_L2A,0.05,0.9,8.1,,
2019-06-05,masri,Masri,0.154,0.1,S2B_32SPF_20190605_1_L2A,0.05,0.9,17.2,,
2019-07-25,masri,Masri,0.053,0.0,S2B_32SPF_20190725_1_L2A,0.05,0.9,5.9,,
2019-08-04,masri,Masri,0.000,0.0,S2B_32SPF_20190804_1_L2A,0.05,0.9,0.0,,
2019-09-13,masri,Masri,0.109,0.2,S2B_32SPF_20190913_0_L2A,0.05,0.9,12.2,,
2019-10-18,masri,Masri,0.097,0.0,S2A_32SPF_20191018_0_L2A,0.05,0.9,10.8,,
2019-11-27,masri,Masri,0.426,0.0,S2A_32SPF_20191127_1_L2A,0.05,0.9,47.3,,
2019-12-07,masri,Masri,0.451,0.0,S2A_32SPF_20191207_1_L2A,0.05,0.9,50.1,,
2020-01-06,masri,Masri,0.469,0.6,S2A_32SPF_20200106_0_L2A,0.05,0.9,52.1,,
2020-02-25,masri,Masri,0.440,0.0,S2A_32SPF_20200225_1_L2A,0.05,0.9,48.9,,
2020-03-01,masri,Masri,0.425,0.0,S2B_32SPF_20200301_1_L2A,0.05,0.9,47.3,,
2020-04-05,masri,Masri,0.462,1.5,S2A_32SPF_20200405_0_L2A,0.05,0.9,51.3,,
2020-05-05,masri,Masri,,59.0,S2A_32SPF_20200505_0_L2A,0.05,0.9,,,
2020-06-24,masri,Masri,0.186,0.0,S2A_32SPF_20200624_1_L2A,0.05,0.9,20.6,,
2020-07-29,masri,Masri,0.097,0.0,S2B_32SPF_20200729_1_L2A,0.05,0.9,10.8,,
2020-08-28,masri,Masri,0.080,0.0,S2B_32SPF_20200828_1_L2A,0.05,0.9,8.9,,
2020-09-17,masri,Masri,0.094,0.0,S2B_32SPF_20200917_1_L2A,0.05,0.9,10.4,,
2020-10-02,masri,Masri,0.090,0.0,S2A_32SPF_20201002_1_L2A,0.05,0.9,10.0,,
2020-11-01,masri,Masri,0.046,5.7,S2A_32SPF_20201101_0_L2A,0.05,0.9,5.1,,
2020-12-16,masri,Masri,0.106,0.0,S2B_32SPF_20201216_1_L2A,0.05,0.9,11.8,,
2021-01-20,masri,Masri,0.106,0.0,S2A_32SPF_20210120_1_L2A,0.05,0.9,11.8,,
2021-02-09,masri,Masri,0.064,0.1,S2A_32SPF_20210209_0_L2A,0.05,0.9,7.1,,
2021-03-26,masri,Masri,0.079,0.0,S2B_32SPF_20210326_1_L2A,0.05,0.9,8.8,,
2021-04-25,masri,Masri,0.033,0.0,S2B_32SPF_20210425_1_L2A,0.05,0.9,3.6,,
2021-05-10,masri,Masri,0.001,0.0,S2A_32SPF_20210510_1_L2A,0.05,0.9,0.1,,
2021-06-14,masri,Masri,0.000,0.0,S2B_32SPF_20210614_1_L2A,0.05,0.9,0.0,,
2021-07-24,masri,Masri,0.001,0.0,S2B_32SPF_20210724_1_L2A,0.05,0.9,0.1,,
2021-08-23,masri,Masri,0.003,0.0,S2B_32SPF_20210823_1_L2A,0.05,0.9,0.3,,
2021-09-07,masri,Masri,0.016,17.8,S2A_32SPF_20210907_0_L2A,0.05,0.9,1.8,,
2021-10-12,masri,Masri,0.016,7.8,S2B_32SPF_20211012_0_L2A,0.05,0.9,1.8,,
2021-11-11,masri,Masri,0.128,0.0,S2B_32SPF_20211111_2_L2A,0.05,0.9,14.2,,
2021-12-01,masri,Masri,0.103,0.2,S2B_32SPF_20211201_0_L2A,0.05,0.9,11.5,,
2017-03-02,lebna,Lebna,6.085,12.7,S2A_32SPF_20170302_0_L2A,0.05,3.0,202.8,,
2017-04-01,lebna,Lebna,6.470,0.2,S2A_32SPF_20170401_0_L2A,0.05,3.0,215.7,,
2017-05-21,lebna,Lebna,5.369,1.8,S2A_32SPF_20170521_0_L2A,0.05,3.0,179.0,,
2017-06-20,lebna,Lebna,5.130,0.6,S2A_MSIL2A_20170620T100031_R122_T32SPF_20210210T002336,0.05,3.0,171.0,,
2017-07-05,lebna,Lebna,5.064,0.5,S2B_32SPF_20170705_0_L2A,0.05,3.0,168.8,,
2017-08-04,lebna,Lebna,4.362,0.2,S2B_32SPF_20170804_0_L2A,0.05,3.0,145.4,,
2017-09-23,lebna,Lebna,1.933,29.8,S2B_32SPF_20170923_0_L2A,0.05,3.0,64.4,,
2017-10-13,lebna,Lebna,3.183,36.3,S2B_32SPF_20171013_0_L2A,0.05,3.0,106.1,,
2017-11-22,lebna,Lebna,4.190,0.8,S2B_32SPF_20171122_0_L2A,0.05,3.0,139.7,,
2017-12-17,lebna,Lebna,4.026,1.2,S2A_MSIL2A_20171217T100411_R122_T32SPF_20201014T143807,0.05,3.0,134.2,,
2018-01-31,lebna,Lebna,4.094,0.4,S2B_MSIL2A_20180131T100229_R122_T32SPF_20201014T103019,0.05,3.0,136.5,,
2018-02-20,lebna,Lebna,,68.8,S2B_MSIL2A_20180220T100029_R122_T32SPF_20201013T233538,0.05,3.0,,,
2018-03-12,lebna,Lebna,4.047,7.5,S2B_32SPF_20180312_0_L2A,0.05,3.0,134.9,,
2018-04-06,lebna,Lebna,4.104,0.5,S2A_32SPF_20180406_0_L2A,0.05,3.0,136.8,,
2018-05-31,lebna,Lebna,3.328,0.8,S2B_32SPF_20180531_0_L2A,0.05,3.0,110.9,,
2018-06-05,lebna,Lebna,3.576,0.0,S2A_32SPF_20180605_1_L2A,0.05,3.0,119.2,,
2018-07-30,lebna,Lebna,2.498,0.3,S2B_32SPF_20180730_0_L2A,0.05,3.0,83.3,,
2018-08-14,lebna,Lebna,2.301,0.0,S2A_32SPF_20180814_1_L2A,0.05,3.0,76.7,,
2018-09-03,lebna,Lebna,2.089,4.9,S2A_32SPF_20180903_0_L2A,0.05,3.0,69.6,,
2018-10-08,lebna,Lebna,0.829,38.3,S2B_32SPF_20181008_0_L2A,0.05,3.0,27.6,,
2018-11-07,lebna,Lebna,5.893,4.0,S2B_32SPF_20181107_0_L2A,0.05,3.0,196.4,,
2018-12-27,lebna,Lebna,6.628,0.6,S2B_32SPF_20181227_0_L2A,0.05,3.0,220.9,,
2019-01-16,lebna,Lebna,6.600,0.9,S2B_32SPF_20190116_0_L2A,0.05,3.0,220.0,,
2019-02-10,lebna,Lebna,6.647,0.3,S2A_32SPF_20190210_0_L2A,0.05,3.0,221.6,,
2019-03-17,lebna,Lebna,6.580,0.2,S2B_32SPF_20190317_0_L2A,0.05,3.0,219.3,,
2019-04-16,lebna,Lebna,6.128,3.8,S2B_32SPF_20190416_1_L2A,0.05,3.0,204.3,,
2019-05-11,lebna,Lebna,3.415,4.7,S2A_32SPF_20190511_0_L2A,0.05,3.0,113.8,,
2019-06-05,lebna,Lebna,5.592,0.6,S2B_32SPF_20190605_1_L2A,0.05,3.0,186.4,,
2019-07-25,lebna,Lebna,5.030,0.0,S2B_32SPF_20190725_1_L2A,0.05,3.0,167.7,,
2019-08-04,lebna,Lebna,4.649,0.3,S2B_32SPF_20190804_1_L2A,0.05,3.0,155.0,,
2019-09-13,lebna,Lebna,5.176,0.6,S2B_32SPF_20190913_0_L2A,0.05,3.0,172.5,,
2019-10-18,lebna,Lebna,5.109,0.1,S2A_32SPF_20191018_0_L2A,0.05,3.0,170.3,,
2019-11-27,lebna,Lebna,6.584,0.1,S2A_32SPF_20191127_1_L2A,0.05,3.0,219.5,,
2019-12-07,lebna,Lebna,6.558,0.2,S2A_32SPF_20191207_1_L2A,0.05,3.0,218.6,,
2020-01-06,lebna,Lebna,6.723,0.8,S2A_32SPF_20200106_0_L2A,0.05,3.0,224.1,,
2020-02-25,lebna,Lebna,6.661,0.1,S2A_32SPF_20200225_1_L2A,0.05,3.0,222.0,,
2020-03-01,lebna,Lebna,6.636,0.1,S2B_32SPF_20200301_1_L2A,0.05,3.0,221.2,,
2020-04-05,lebna,Lebna,6.674,1.3,S2A_32SPF_20200405_0_L2A,0.05,3.0,222.5,,
2020-05-05,lebna,Lebna,6.505,0.2,S2A_32SPF_20200505_0_L2A,0.05,3.0,216.8,,
2020-06-24,lebna,Lebna,5.904,0.1,S2A_32SPF_20200624_1_L2A,0.05,3.0,196.8,,
2020-07-29,lebna,Lebna,5.508,0.0,S2B_32SPF_20200729_1_L2A,0.05,3.0,183.6,,
2020-08-28,lebna,Lebna,5.192,0.0,S2B_32SPF_20200828_1_L2A,0.05,3.0,173.1,,
2020-09-17,lebna,Lebna,5.080,0.0,S2B_32SPF_20200917_1_L2A,0.05,3.0,169.3,,
2020-10-02,lebna,Lebna,4.913,0.1,S2A_32SPF_20201002_1_L2A,0.05,3.0,163.8,,
2020-11-01,lebna,Lebna,4.838,4.1,S2A_32SPF_20201101_0_L2A,0.05,3.0,161.3,,
2020-12-16,lebna,Lebna,5.026,0.1,S2B_32SPF_20201216_1_L2A,0.05,3.0,167.5,,
2021-01-20,lebna,Lebna,4.989,0.0,S2A_32SPF_20210120_1_L2A,0.05,3.0,166.3,,
2021-02-09,lebna,Lebna,4.893,0.4,S2A_32SPF_20210209_0_L2A,0.05,3.0,163.1,,
2021-03-26,lebna,Lebna,4.874,0.1,S2B_32SPF_20210326_1_L2A,0.05,3.0,162.5,,
2021-04-25,lebna,Lebna,4.727,0.5,S2B_32SPF_20210425_1_L2A,0.05,3.0,157.6,,
2021-05-10,lebna,Lebna,3.641,1.5,S2A_32SPF_20210510_1_L2A,0.05,3.0,121.4,,
2021-06-14,lebna,Lebna,4.026,0.1,S2B_32SPF_20210614_1_L2A,0.05,3.0,134.2,,
2021-07-24,lebna,Lebna,3.366,0.3,S2B_32SPF_20210724_1_L2A,0.05,3.0,112.2,,
2021-08-23,lebna,Lebna,3.099,0.0,S2B_32SPF_20210823_1_L2A,0.05,3.0,103.3,,
2021-09-07,lebna,Lebna,2.265,34.0,S2A_32SPF_20210907_0_L2A,0.05,3.0,75.5,,
2021-10-12,lebna,Lebna,2.623,6.5,S2B_32SPF_20211012_0_L2A,0.05,3.0,87.4,,
2021-11-11,lebna,Lebna,3.557,0.0,S2B_32SPF_20211111_2_L2A,0.05,3.0,118.6,,
2021-12-01,lebna,Lebna,3.458,0.6,S2B_32SPF_20211201_0_L2A,0.05,3.0,115.3,,
2017-03-15,abid,Abid,,72.8,S2A_32SMF_20170315_0_L2A,0.05,1.2,,,
2017-04-14,abid,Abid,0.038,0.0,S2A_32SNF_20170414_0_L2A,0.05,1.2,3.2,,
2017-05-04,abid,Abid,0.034,0.0,S2A_32SNF_20170504_0_L2A,0.05,1.2,2.8,,
2017-06-13,abid,Abid,0.026,0.0,S2A_MSIL2A_20170613T101031_R022_T32SNF_20210209T223826,0.05,1.2,2.2,,
2017-07-18,abid,Abid,0.000,0.0,S2B_32SMF_20170718_0_L2A,0.05,1.2,0.0,,
2017-08-27,abid,Abid,0.000,0.0,S2B_32SMF_20170827_0_L2A,0.05,1.2,0.0,,
2017-09-06,abid,Abid,0.000,2.2,S2B_32SMF_20170906_0_L2A,0.05,1.2,0.0,,
2017-10-16,abid,Abid,0.000,0.0,S2B_32SMF_20171016_0_L2A,0.05,1.2,0.0,,
2017-11-05,abid,Abid,0.000,34.2,S2B_32SMF_20171105_0_L2A,0.05,1.2,0.0,,
2017-12-15,abid,Abid,0.022,0.0,S2B_32SNF_20171215_0_L2A,0.05,1.2,1.9,,
2018-01-24,abid,Abid,0.031,29.6,S2B_32SMF_20180124_0_L2A,0.05,1.2,2.6,,
2018-02-08,abid,Abid,0.031,10.6,S2A_MSIL2A_20180208T101151_R022_T32SMF_20201013T201441,0.05,1.2,2.6,,
2018-03-30,abid,Abid,,100.0,S2A_32SNF_20180330_0_L2A,0.05,1.2,,,
2018-04-09,abid,Abid,0.037,0.0,S2A_32SMF_20180409_0_L2A,0.05,1.2,3.1,,
2018-05-24,abid,Abid,0.032,0.0,S2B_32SMF_20180524_0_L2A,0.05,1.2,2.7,,
2018-06-28,abid,Abid,0.026,0.0,S2A_32SMF_20180628_1_L2A,0.05,1.2,2.1,,
2018-07-13,abid,Abid,0.015,0.0,S2B_32SMF_20180713_0_L2A,0.05,1.2,1.3,,
2018-08-02,abid,Abid,0.008,0.0,S2B_32SMF_20180802_0_L2A,0.05,1.2,0.6,,
2018-09-01,abid,Abid,0.000,0.0,S2B_32SNF_20180901_1_L2A,0.05,1.2,0.0,,
2018-10-26,abid,Abid,0.026,0.0,S2A_32SNF_20181026_1_L2A,0.05,1.2,2.2,,
2018-11-05,abid,Abid,0.025,0.0,S2A_32SNF_20181105_0_L2A,0.05,1.2,2.1,,
2018-12-30,abid,Abid,0.012,0.5,S2B_32SMF_20181230_0_L2A,0.05,1.2,1.0,,
2019-01-19,abid,Abid,0.027,1.5,S2B_32SMF_20190119_0_L2A,0.05,1.2,2.3,,
2019-02-28,abid,Abid,0.038,0.0,S2B_32SMF_20190228_0_L2A,0.05,1.2,3.2,,
2019-03-25,abid,Abid,0.052,0.0,S2A_32SNF_20190325_1_L2A,0.05,1.2,4.3,,
2019-04-29,abid,Abid,0.047,0.0,S2B_32SNF_20190429_0_L2A,0.05,1.2,3.9,,
2019-05-09,abid,Abid,0.047,0.0,S2B_32SNF_20190509_0_L2A,0.05,1.2,3.9,,
2019-06-03,abid,Abid,0.044,0.0,S2A_32SMF_20190603_1_L2A,0.05,1.2,3.7,,
2019-07-23,abid,Abid,0.033,0.0,S2A_32SMF_20190723_1_L2A,0.05,1.2,2.8,,
2019-08-17,abid,Abid,0.030,0.0,S2B_32SNF_20190817_1_L2A,0.05,1.2,2.5,,
2019-09-16,abid,Abid,0.000,0.0,S2B_32SNF_20190916_0_L2A,0.05,1.2,0.0,,
2019-10-01,abid,Abid,0.024,0.0,S2A_32SMF_20191001_1_L2A,0.05,1.2,2.0,,
2019-11-20,abid,Abid,0.027,0.0,S2A_32SMF_20191120_1_L2A,0.05,1.2,2.3,,
2019-12-25,abid,Abid,0.032,0.0,S2B_32SNF_20191225_1_L2A,0.05,1.2,2.7,,
2020-01-24,abid,Abid,0.033,0.0,S2B_32SMF_20200124_1_L2A,0.05,1.2,2.7,,
2020-02-23,abid,Abid,0.000,0.0,S2B_32SMF_20200223_0_L2A,0.05,1.2,0.0,,
2020-03-14,abid,Abid,0.000,1.3,S2B_32SNF_20200314_0_L2A,0.05,1.2,0.0,,
2020-04-08,abid,Abid,0.018,8.8,S2A_32SNF_20200408_0_L2A,0.05,1.2,1.5,,
2020-05-23,abid,Abid,0.000,0.0,S2B_32SMF_20200523_1_L2A,0.05,1.2,0.0,,
2020-06-02,abid,Abid,0.000,1.8,S2B_32SMF_20200602_0_L2A,0.05,1.2,0.0,,
2020-07-22,abid,Abid,0.000,0.0,S2B_32SMF_20200722_1_L2A,0.05,1.2,0.0,,
2020-08-01,abid,Abid,0.000,0.0,S2B_32SNF_20200801_1_L2A,0.05,1.2,0.0,,
2020-09-30,abid,Abid,0.000,0.0,S2B_32SMF_20200930_1_L2A,0.05,1.2,0.0,,
2020-10-10,abid,Abid,0.000,0.0,S2B_32SNF_20201010_1_L2A,0.05,1.2,0.0,,
2020-11-14,abid,Abid,0.000,0.0,S2A_32SMF_20201114_1_L2A,0.05,1.2,0.0,,
2020-12-24,abid,Abid,0.022,0.0,S2A_32SMF_20201224_1_L2A,0.05,1.2,1.8,,
2021-01-03,abid,Abid,0.026,0.0,S2A_32SMF_20210103_1_L2A,0.05,1.2,2.2,,
2021-02-17,abid,Abid,0.006,0.0,S2B_32SMF_20210217_0_L2A,0.05,1.2,0.5,,
2021-03-14,abid,Abid,0.009,5.6,S2A_32SNF_20210314_0_L2A,0.05,1.2,0.7,,
2021-04-03,abid,Abid,0.025,0.0,S2A_32SNF_20210403_1_L2A,0.05,1.2,2.1,,
2021-05-13,abid,Abid,0.026,0.0,S2A_32SMF_20210513_1_L2A,0.05,1.2,2.1,,
2021-06-12,abid,Abid,0.000,0.0,S2A_32SMF_20210612_0_L2A,0.05,1.2,0.0,,
2021-07-22,abid,Abid,0.000,0.0,S2A_32SMF_20210722_1_L2A,0.05,1.2,0.0,,
2021-08-06,abid,Abid,0.000,0.0,S2B_32SNF_20210806_1_L2A,0.05,1.2,0.0,,
2021-09-25,abid,Abid,0.000,0.0,S2B_32SNF_20210925_1_L2A,0.05,1.2,0.0,,
2021-10-20,abid,Abid,0.000,0.0,S2A_32SMF_20211020_1_L2A,0.05,1.2,0.0,,
2021-11-24,abid,Abid,0.028,0.0,S2B_32SMF_20211124_1_L2A,0.05,1.2,2.3,,
2021-12-14,abid,Abid,0.030,0.0,S2B_32SMF_20211214_1_L2A,0.05,1.2,2.5,,
2017-03-15,tessa,Tessa,,80.8,S2A_32SMF_20170315_0_L2A,0.05,1.5,,,
2017-04-14,tessa,Tessa,0.296,0.0,S2A_32SNF_20170414_0_L2A,0.05,1.5,19.7,,
2017-05-04,tessa,Tessa,0.297,0.0,S2A_32SNF_20170504_0_L2A,0.05,1.5,19.8,,
2017-06-13,tessa,Tessa,0.291,0.0,S2A_MSIL2A_20170613T101031_R022_T32SNF_20210209T223826,0.05,1.5,19.4,,
2017-07-18,tessa,Tessa,0.447,0.1,S2B_32SMF_20170718_0_L2A,0.05,1.5,29.8,,
2017-08-27,tessa,Tessa,0.363,0.0,S2B_32SMF_20170827_0_L2A,0.05,1.5,24.2,,
2017-09-06,tessa,Tessa,0.425,1.6,S2B_32SMF_20170906_0_L2A,0.05,1.5,28.3,,
2017-10-16,tessa,Tessa,0.544,0.0,S2B_32SMF_20171016_0_L2A,0.05,1.5,36.3,,
2017-11-05,tessa,Tessa,0.075,36.4,S2B_32SMF_20171105_0_L2A,0.05,1.5,5.0,,
2017-12-15,tessa,Tessa,0.231,0.0,S2B_32SNF_20171215_0_L2A,0.05,1.5,15.4,,
2018-01-24,tessa,Tessa,0.585,4.3,S2B_32SMF_20180124_0_L2A,0.05,1.5,39.0,,
2018-02-08,tessa,Tessa,0.669,3.5,S2A_MSIL2A_20180208T101151_R022_T32SMF_20201013T201441,0.05,1.5,44.6,,
2018-03-30,tessa,Tessa,,97.7,S2A_32SNF_20180330_0_L2A,0.05,1.5,,,
2018-04-09,tessa,Tessa,0.708,0.0,S2A_32SMF_20180409_0_L2A,0.05,1.5,47.2,,
2018-05-24,tessa,Tessa,0.568,0.4,S2B_32SMF_20180524_0_L2A,0.05,1.5,37.9,,
2018-06-28,tessa,Tessa,0.454,0.0,S2A_32SMF_20180628_1_L2A,0.05,1.5,30.2,,
2018-07-13,tessa,Tessa,0.413,0.0,S2B_32SMF_20180713_0_L2A,0.05,1.5,27.6,,
2018-08-02,tessa,Tessa,0.443,1.3,S2B_32SMF_20180802_0_L2A,0.05,1.5,29.6,,
2018-09-01,tessa,Tessa,0.302,0.0,S2B_32SNF_20180901_1_L2A,0.05,1.5,20.1,,
2018-10-26,tessa,Tessa,0.382,0.0,S2A_32SNF_20181026_1_L2A,0.05,1.5,25.5,,
2018-11-05,tessa,Tessa,0.342,0.1,S2A_32SNF_20181105_0_L2A,0.05,1.5,22.8,,
2018-12-30,tessa,Tessa,0.981,0.1,S2B_32SMF_20181230_0_L2A,0.05,1.5,65.4,,
2019-01-19,tessa,Tessa,0.969,4.3,S2B_32SMF_20190119_0_L2A,0.05,1.5,64.6,,
2019-02-28,tessa,Tessa,1.334,0.1,S2B_32SMF_20190228_0_L2A,0.05,1.5,88.9,,
2019-03-25,tessa,Tessa,0.406,0.0,S2A_32SNF_20190325_1_L2A,0.05,1.5,27.1,,
2019-04-29,tessa,Tessa,0.368,0.0,S2B_32SNF_20190429_0_L2A,0.05,1.5,24.5,,
2019-05-09,tessa,Tessa,0.364,0.0,S2B_32SNF_20190509_0_L2A,0.05,1.5,24.2,,
2019-06-03,tessa,Tessa,1.437,0.0,S2A_32SMF_20190603_1_L2A,0.05,1.5,95.8,,
2019-07-23,tessa,Tessa,1.256,0.0,S2A_32SMF_20190723_1_L2A,0.05,1.5,83.7,,
2019-08-17,tessa,Tessa,0.351,0.0,S2B_32SNF_20190817_1_L2A,0.05,1.5,23.4,,
2019-09-16,tessa,Tessa,0.328,2.6,S2B_32SNF_20190916_0_L2A,0.05,1.5,21.9,,
2019-10-01,tessa,Tessa,1.273,0.0,S2A_32SMF_20191001_1_L2A,0.05,1.5,84.9,,
2019-11-20,tessa,Tessa,1.243,0.0,S2A_32SMF_20191120_1_L2A,0.05,1.5,82.9,,
2019-12-25,tessa,Tessa,0.331,0.0,S2B_32SNF_20191225_1_L2A,0.05,1.5,22.1,,
2020-01-24,tessa,Tessa,1.252,0.0,S2B_32SMF_20200124_1_L2A,0.05,1.5,83.4,,
2020-02-23,tessa,Tessa,1.257,0.0,S2B_32SMF_20200223_0_L2A,0.05,1.5,83.8,,
2020-03-14,tessa,Tessa,0.326,0.1,S2B_32SNF_20200314_0_L2A,0.05,1.5,21.7,,
2020-04-08,tessa,Tessa,0.327,14.6,S2A_32SNF_20200408_0_L2A,0.05,1.5,21.8,,
2020-05-23,tessa,Tessa,1.183,0.0,S2B_32SMF_20200523_1_L2A,0.05,1.5,78.9,,
2020-06-02,tessa,Tessa,1.123,0.1,S2B_32SMF_20200602_0_L2A,0.05,1.5,74.9,,
2020-07-22,tessa,Tessa,0.934,0.0,S2B_32SMF_20200722_1_L2A,0.05,1.5,62.2,,
2020-08-01,tessa,Tessa,0.256,0.0,S2B_32SNF_20200801_1_L2A,0.05,1.5,17.1,,
2020-09-30,tessa,Tessa,0.923,0.0,S2B_32SMF_20200930_1_L2A,0.05,1.5,61.5,,
2020-10-10,tessa,Tessa,0.243,0.0,S2B_32SNF_20201010_1_L2A,0.05,1.5,16.2,,
2020-11-14,tessa,Tessa,0.706,1.3,S2A_32SMF_20201114_1_L2A,0.05,1.5,47.0,,
2020-12-24,tessa,Tessa,0.890,0.0,S2A_32SMF_20201224_1_L2A,0.05,1.5,59.3,,
2021-01-03,tessa,Tessa,0.921,0.0,S2A_32SMF_20210103_1_L2A,0.05,1.5,61.4,,
2021-02-17,tessa,Tessa,0.869,0.0,S2B_32SMF_20210217_0_L2A,0.05,1.5,57.9,,
2021-03-14,tessa,Tessa,0.210,34.0,S2A_32SNF_20210314_0_L2A,0.05,1.5,14.0,,
2021-04-03,tessa,Tessa,0.208,0.0,S2A_32SNF_20210403_1_L2A,0.05,1.5,13.9,,
2021-05-13,tessa,Tessa,0.700,0.0,S2A_32SMF_20210513_1_L2A,0.05,1.5,46.6,,
2021-06-12,tessa,Tessa,0.346,43.0,S2A_32SMF_20210612_0_L2A,0.05,1.5,23.1,,
2021-07-22,tessa,Tessa,0.260,0.0,S2A_32SMF_20210722_1_L2A,0.05,1.5,17.3,,
2021-08-06,tessa,Tessa,0.178,0.0,S2B_32SNF_20210806_1_L2A,0.05,1.5,11.8,,
2021-09-25,tessa,Tessa,0.001,0.0,S2B_32SNF_20210925_1_L2A,0.05,1.5,0.1,,
2021-10-20,tessa,Tessa,0.410,0.0,S2A_32SMF_20211020_1_L2A,0.05,1.5,27.4,,
2021-11-24,tessa,Tessa,0.468,0.0,S2B_32SMF_20211124_1_L2A,0.05,1.5,31.2,,
2021-12-14,tessa,Tessa,0.508,0.0,S2B_32SMF_20211214_1_L2A,0.05,1.5,33.9,,
2017-03-15,ziatine,Ziatine,2.369,30.4,S2A_32SNG_20170315_0_L2A,0.05,0.9,263.2,,
2017-04-14,ziatine,Ziatine,2.345,0.0,S2A_32SNG_20170414_0_L2A,0.05,0.9,260.6,,
2017-05-04,ziatine,Ziatine,2.283,0.0,S2A_MSIL2A_20170504T101031_R022_T32SNG_20210209T125756,0.05,0.9,253.7,,
2017-06-13,ziatine,Ziatine,0.273,2.3,S2A_MSIL2A_20170613T101031_R022_T32SNG_20210209T223817,0.05,0.9,30.3,,
2017-07-28,ziatine,Ziatine,1.631,0.1,S2B_32SNG_20170728_0_L2A,0.05,0.9,181.2,,
2017-08-27,ziatine,Ziatine,1.399,0.0,S2B_32SNG_20170827_0_L2A,0.05,0.9,155.5,,
2017-09-06,ziatine,Ziatine,1.395,8.4,S2B_32SNG_20170906_0_L2A,0.05,0.9,154.9,,
2017-10-16,ziatine,Ziatine,1.372,0.0,S2B_32SNG_20171016_0_L2A,0.05,0.9,152.4,,
2017-11-05,ziatine,Ziatine,1.165,15.9,S2B_32SNG_20171105_0_L2A,0.05,0.9,129.4,,
2017-12-15,ziatine,Ziatine,1.423,0.0,S2B_32SNG_20171215_0_L2A,0.05,0.9,158.1,,
2018-01-24,ziatine,Ziatine,,72.0,S2B_32SNG_20180124_0_L2A,0.05,0.9,,,
2018-02-28,ziatine,Ziatine,2.983,0.2,S2A_MSIL2A_20180228T101021_R022_T32SNG_20201014T015122,0.05,0.9,331.5,,
2018-03-30,ziatine,Ziatine,3.008,0.2,S2A_32SNG_20180330_0_L2A,0.05,0.9,334.2,,
2018-04-24,ziatine,Ziatine,2.941,0.0,S2B_32SNG_20180424_0_L2A,0.05,0.9,326.8,,
2018-05-24,ziatine,Ziatine,2.844,0.0,S2B_32SNG_20180524_0_L2A,0.05,0.9,315.9,,
2018-06-28,ziatine,Ziatine,1.909,1.0,S2A_32SNG_20180628_1_L2A,0.05,0.9,212.2,,
2018-07-18,ziatine,Ziatine,2.415,0.0,S2A_32SNG_20180718_1_L2A,0.05,0.9,268.3,,
2018-08-12,ziatine,Ziatine,2.450,0.2,S2B_32SNG_20180812_0_L2A,0.05,0.9,272.2,,
2018-09-01,ziatine,Ziatine,2.515,0.2,S2B_32SNG_20180901_0_L2A,0.05,0.9,279.4,,
2018-10-26,ziatine,Ziatine,2.829,0.0,S2A_32SNG_20181026_1_L2A,0.05,0.9,314.3,,
2018-11-05,ziatine,Ziatine,3.133,0.1,S2A_32SNG_20181105_0_L2A,0.05,0.9,348.1,,
2018-12-05,ziatine,Ziatine,2.251,16.0,S2A_32SNG_20181205_0_L2A,0.05,0.9,250.2,,
2019-01-29,ziatine,Ziatine,,60.4,S2B_32SNG_20190129_0_L2A,0.05,0.9,,,
2019-02-13,ziatine,Ziatine,3.613,27.0,S2A_32SNG_20190213_0_L2A,0.05,0.9,401.5,,
2019-03-30,ziatine,Ziatine,3.877,0.0,S2B_32SNG_20190330_1_L2A,0.05,0.9,430.8,,
2019-04-14,ziatine,Ziatine,3.562,11.3,S2A_32SNG_20190414_0_L2A,0.05,0.9,395.8,,
2019-05-24,ziatine,Ziatine,3.469,0.1,S2A_32SNG_20190524_0_L2A,0.05,0.9,385.4,,
2019-06-28,ziatine,Ziatine,1.584,2.3,S2B_32SNG_20190628_1_L2A,0.05,0.9,176.0,,
2019-07-23,ziatine,Ziatine,3.142,0.0,S2A_32SNG_20190723_1_L2A,0.05,0.9,349.1,,
2019-08-17,ziatine,Ziatine,2.922,0.0,S2B_32SNG_20190817_1_L2A,0.05,0.9,324.7,,
2019-09-16,ziatine,Ziatine,2.739,7.5,S2B_32SNG_20190916_1_L2A,0.05,0.9,304.3,,
2019-10-01,ziatine,Ziatine,2.850,0.0,S2A_32SNG_20191001_1_L2A,0.05,0.9,316.7,,
2019-11-20,ziatine,Ziatine,3.048,0.0,S2A_32SNG_20191120_0_L2A,0.05,0.9,338.6,,
2019-12-25,ziatine,Ziatine,3.308,0.0,S2B_32SNG_20191225_1_L2A,0.05,0.9,367.6,,
2020-01-24,ziatine,Ziatine,3.386,0.0,S2B_32SNG_20200124_1_L2A,0.05,0.9,376.3,,
2020-02-28,ziatine,Ziatine,3.156,13.7,S2A_32SNG_20200228_0_L2A,0.05,0.9,350.7,,
2020-04-08,ziatine,Ziatine,3.483,0.0,S2A_32SNG_20200408_0_L2A,0.05,0.9,387.1,,
2020-05-23,ziatine,Ziatine,3.292,0.0,S2B_32SNG_20200523_3_L2A,0.05,0.9,365.8,,
2020-06-17,ziatine,Ziatine,3.044,0.2,S2A_32SNG_20200617_0_L2A,0.05,0.9,338.2,,
2020-07-27,ziatine,Ziatine,3.168,0.0,S2A_32SNG_20200727_1_L2A,0.05,0.9,352.0,,
2020-08-01,ziatine,Ziatine,3.120,0.0,S2B_32SNG_20200801_1_L2A,0.05,0.9,346.7,,
2020-09-15,ziatine,Ziatine,1.879,43.9,S2A_32SNG_20200915_0_L2A,0.05,0.9,208.8,,
2020-10-10,ziatine,Ziatine,2.633,6.7,S2B_32SNG_20201010_0_L2A,0.05,0.9,292.6,,
2020-11-14,ziatine,Ziatine,3.025,0.0,S2A_32SNG_20201114_0_L2A,0.05,0.9,336.2,,
2020-12-24,ziatine,Ziatine,0.087,0.0,S2A_32SNG_20201224_3_L2A,0.05,0.9,9.7,,
2021-01-03,ziatine,Ziatine,3.761,0.0,S2A_32SNG_20210103_3_L2A,0.05,0.9,417.9,,
2021-02-17,ziatine,Ziatine,3.582,0.0,S2B_32SNG_20210217_1_L2A,0.05,0.9,398.0,,
2021-03-29,ziatine,Ziatine,3.477,0.0,S2B_32SNG_20210329_0_L2A,0.05,0.9,386.4,,
2021-04-03,ziatine,Ziatine,3.415,0.0,S2A_32SNG_20210403_2_L2A,0.05,0.9,379.5,,
2021-05-08,ziatine,Ziatine,3.452,0.0,S2B_32SNG_20210508_1_L2A,0.05,0.9,383.5,,
2021-06-12,ziatine,Ziatine,3.360,0.0,S2A_32SNG_20210612_1_L2A,0.05,0.9,373.4,,
2021-07-22,ziatine,Ziatine,3.299,0.0,S2A_32SNG_20210722_3_L2A,0.05,0.9,366.5,,
2021-08-06,ziatine,Ziatine,3.257,0.0,S2B_32SNG_20210806_1_L2A,0.05,0.9,361.9,,
2021-09-05,ziatine,Ziatine,2.906,11.8,S2B_32SNG_20210905_0_L2A,0.05,0.9,322.8,,
2021-10-20,ziatine,Ziatine,3.144,0.0,S2A_32SNG_20211020_0_L2A,0.05,0.9,349.3,,
2021-11-24,ziatine,Ziatine,3.389,0.0,S2B_32SNG_20211124_0_L2A,0.05,0.9,376.6,,
2021-12-24,ziatine,Ziatine,4.356,0.0,S2B_32SNG_20211224_1_L2A,0.05,0.9,484.1,,
2017-04-14,gamgoum,Gamgoum,0.010,0.5,S2A_32SNF_20170414_0_L2A,0.05,0.6,1.6,,
2017-05-04,gamgoum,Gamgoum,0.013,1.0,S2A_32SNF_20170504_0_L2A,0.05,0.6,2.3,,
2017-06-13,gamgoum,Gamgoum,0.028,0.4,S2A_MSIL2A_20170613T101031_R022_T32SNF_20210209T223826,0.05,0.6,4.7,,
2017-07-18,gamgoum,Gamgoum,0.017,0.7,S2B_32SNF_20170718_0_L2A,0.05,0.6,2.9,,
2017-08-27,gamgoum,Gamgoum,0.006,0.5,S2B_32SNF_20170827_0_L2A,0.05,0.6,1.0,,
2017-09-06,gamgoum,Gamgoum,0.016,0.8,S2B_32SNF_20170906_0_L2A,0.05,0.6,2.7,,
2017-10-16,gamgoum,Gamgoum,0.012,0.9,S2B_32SNF_20171016_0_L2A,0.05,0.6,2.0,,
2017-11-05,gamgoum,Gamgoum,0.000,10.6,S2B_32SNF_20171105_0_L2A,0.05,0.6,0.1,,
2017-12-15,gamgoum,Gamgoum,0.017,1.3,S2B_32SNF_20171215_0_L2A,0.05,0.6,2.8,,
2018-01-24,gamgoum,Gamgoum,,56.6,S2B_32SNF_20180124_0_L2A,0.05,0.6,,,
2018-02-08,gamgoum,Gamgoum,0.000,29.3,S2A_MSIL2A_20180208T101151_R022_T32SNF_20201013T201415,0.05,0.6,0.1,,
2018-03-30,gamgoum,Gamgoum,0.007,2.8,S2A_32SNF_20180330_0_L2A,0.05,0.6,1.2,,
2018-04-24,gamgoum,Gamgoum,0.006,0.9,S2B_32SNF_20180424_0_L2A,0.05,0.6,1.1,,
2018-05-24,gamgoum,Gamgoum,0.017,0.8,S2B_32SNF_20180524_0_L2A,0.05,0.6,2.8,,
2018-06-28,gamgoum,Gamgoum,0.015,0.0,S2A_32SNF_20180628_1_L2A,0.05,0.6,2.4,,
2018-07-18,gamgoum,Gamgoum,0.007,0.0,S2A_32SNF_20180718_1_L2A,0.05,0.6,1.1,,
2018-08-02,gamgoum,Gamgoum,0.004,0.0,S2B_32SNF_20180802_1_L2A,0.05,0.6,0.6,,
2018-09-01,gamgoum,Gamgoum,0.057,0.0,S2B_32SNF_20180901_1_L2A,0.05,0.6,9.5,,
2018-10-26,gamgoum,Gamgoum,0.053,0.0,S2A_32SNF_20181026_1_L2A,0.05,0.6,8.9,,
2018-11-05,gamgoum,Gamgoum,0.058,0.2,S2A_32SNF_20181105_0_L2A,0.05,0.6,9.6,,
2018-12-30,gamgoum,Gamgoum,0.000,35.8,S2B_32SNF_20181230_0_L2A,0.05,0.6,0.0,,
2019-01-19,gamgoum,Gamgoum,0.037,17.8,S2B_32SNF_20190119_0_L2A,0.05,0.6,6.2,,
2019-02-08,gamgoum,Gamgoum,,82.1,S2B_32SNF_20190208_0_L2A,0.05,0.6,,,
2019-03-25,gamgoum,Gamgoum,0.042,0.0,S2A_32SNF_20190325_1_L2A,0.05,0.6,7.0,,
2019-04-29,gamgoum,Gamgoum,0.015,38.9,S2B_32SNF_20190429_0_L2A,0.05,0.6,2.4,,
2019-05-09,gamgoum,Gamgoum,0.011,2.9,S2B_32SNF_20190509_0_L2A,0.05,0.6,1.8,,
2019-06-03,gamgoum,Gamgoum,0.067,0.0,S2A_32SNF_20190603_1_L2A,0.05,0.6,11.1,,
2019-07-23,gamgoum,Gamgoum,0.040,0.0,S2A_32SNF_20190723_1_L2A,0.05,0.6,6.6,,
2019-08-17,gamgoum,Gamgoum,0.062,0.0,S2B_32SNF_20190817_1_L2A,0.05,0.6,10.3,,
2019-09-16,gamgoum,Gamgoum,0.016,0.4,S2B_32SNF_20190916_0_L2A,0.05,0.6,2.7,,
2019-10-01,gamgoum,Gamgoum,0.035,0.0,S2A_32SNF_20191001_1_L2A,0.05,0.6,5.8,,
2019-11-20,gamgoum,Gamgoum,0.050,0.0,S2A_32SNF_20191120_1_L2A,0.05,0.6,8.3,,
2019-12-25,gamgoum,Gamgoum,0.074,0.0,S2B_32SNF_20191225_1_L2A,0.05,0.6,12.4,,
2020-01-19,gamgoum,Gamgoum,0.020,0.0,S2A_32SNF_20200119_1_L2A,0.05,0.6,3.3,,
2020-02-28,gamgoum,Gamgoum,0.045,0.0,S2A_32SNF_20200228_1_L2A,0.05,0.6,7.6,,
2020-03-14,gamgoum,Gamgoum,0.016,3.2,S2B_32SNF_20200314_0_L2A,0.05,0.6,2.7,,
2020-04-08,gamgoum,Gamgoum,0.008,2.7,S2A_32SNF_20200408_0_L2A,0.05,0.6,1.3,,
2020-05-23,gamgoum,Gamgoum,0.017,0.0,S2B_32SNF_20200523_1_L2A,0.05,0.6,2.9,,
2020-06-02,gamgoum,Gamgoum,0.008,0.5,S2B_32SNF_20200602_0_L2A,0.05,0.6,1.4,,
2020-07-27,gamgoum,Gamgoum,0.059,0.0,S2A_32SNF_20200727_1_L2A,0.05,0.6,9.8,,
2020-08-01,gamgoum,Gamgoum,0.009,0.0,S2B_32SNF_20200801_1_L2A,0.05,0.6,1.6,,
2020-09-30,gamgoum,Gamgoum,0.039,0.4,S2B_32SNF_20200930_1_L2A,0.05,0.6,6.5,,
2020-10-10,gamgoum,Gamgoum,0.039,0.0,S2B_32SNF_20201010_1_L2A,0.05,0.6,6.5,,
2020-11-09,gamgoum,Gamgoum,0.053,7.0,S2B_32SNF_20201109_0_L2A,0.05,0.6,8.9,,
2020-12-24,gamgoum,Gamgoum,0.051,0.0,S2A_32SNF_20201224_3_L2A,0.05,0.6,8.4,,
2021-01-03,gamgoum,Gamgoum,0.014,0.8,S2A_32SNF_20210103_0_L2A,0.05,0.6,2.4,,
2021-02-17,gamgoum,Gamgoum,0.008,0.5,S2B_32SNF_20210217_0_L2A,0.05,0.6,1.4,,
2021-03-14,gamgoum,Gamgoum,0.006,5.1,S2A_32SNF_20210314_0_L2A,0.05,0.6,1.1,,
2021-04-03,gamgoum,Gamgoum,0.019,0.2,S2A_32SNF_20210403_1_L2A,0.05,0.6,3.1,,
2021-05-08,gamgoum,Gamgoum,0.066,0.0,S2B_32SNF_20210508_1_L2A,0.05,0.6,10.9,,
2021-06-22,gamgoum,Gamgoum,0.000,0.0,S2A_32SNF_20210622_0_L2A,0.05,0.6,0.0,,
2021-07-22,gamgoum,Gamgoum,0.007,0.0,S2A_32SNF_20210722_1_L2A,0.05,0.6,1.1,,
2021-08-06,gamgoum,Gamgoum,0.046,0.0,S2B_32SNF_20210806_1_L2A,0.05,0.6,7.7,,
2021-09-25,gamgoum,Gamgoum,0.000,0.0,S2B_32SNF_20210925_1_L2A,0.05,0.6,0.0,,
2021-10-20,gamgoum,Gamgoum,0.051,0.1,S2A_32SNF_20211020_0_L2A,0.05,0.6,8.6,,
2021-11-24,gamgoum,Gamgoum,0.013,0.5,S2B_32SNF_20211124_0_L2A,0.05,0.6,2.2,,
2021-12-14,gamgoum,Gamgoum,0.065,0.0,S2B_32SNF_20211214_1_L2A,0.05,0.6,10.8,,
2017-03-15,moula,Moula,,90.6,S2A_32SMF_20170315_0_L2A,0.05,0.7,,,
2017-04-14,moula,Moula,0.143,0.0,S2A_32SNF_20170414_0_L2A,0.05,0.7,20.4,,
2017-05-04,moula,Moula,0.136,0.1,S2A_32SNF_20170504_0_L2A,0.05,0.7,19.4,,
2017-06-13,moula,Moula,0.116,0.0,S2A_MSIL2A_20170613T101031_R022_T32SNF_20210209T223826,0.05,0.7,16.5,,
2017-07-18,moula,Moula,0.102,0.1,S2B_32SMF_20170718_0_L2A,0.05,0.7,14.6,,
2017-08-27,moula,Moula,0.080,0.0,S2B_32SMF_20170827_0_L2A,0.05,0.7,11.5,,
2017-09-06,moula,Moula,0.077,0.4,S2B_32SMF_20170906_0_L2A,0.05,0.7,11.1,,
2017-10-16,moula,Moula,0.057,0.1,S2B_32SMF_20171016_0_L2A,0.05,0.7,8.1,,
2017-11-05,moula,Moula,0.026,0.5,S2B_32SMF_20171105_0_L2A,0.05,0.7,3.8,,
2017-12-15,moula,Moula,0.043,0.2,S2B_32SNF_20171215_0_L2A,0.05,0.7,6.2,,
2018-01-24,moula,Moula,,62.8,S2B_32SMF_20180124_0_L2A,0.05,0.7,,,
2018-02-08,moula,Moula,0.080,0.5,S2A_MSIL2A_20180208T101151_R022_T32SMF_20201013T201441,0.05,0.7,11.5,,
2018-03-30,moula,Moula,0.131,0.1,S2A_32SNF_20180330_0_L2A,0.05,0.7,18.7,,
2018-04-09,moula,Moula,0.132,0.1,S2A_32SMF_20180409_0_L2A,0.05,0.7,18.9,,
2018-05-24,moula,Moula,0.117,0.1,S2B_32SMF_20180524_0_L2A,0.05,0.7,16.7,,
2018-06-28,moula,Moula,0.108,0.0,S2A_32SMF_20180628_1_L2A,0.05,0.7,15.4,,
2018-07-13,moula,Moula,0.097,0.0,S2B_32SMF_20180713_0_L2A,0.05,0.7,13.8,,
2018-08-02,moula,Moula,0.090,0.0,S2B_32SMF_20180802_0_L2A,0.05,0.7,12.9,,
2018-09-01,moula,Moula,0.079,0.9,S2B_32SNF_20180901_1_L2A,0.05,0.7,11.3,,
2018-10-26,moula,Moula,0.051,0.0,S2A_32SNF_20181026_1_L2A,0.05,0.7,7.3,,
2018-11-05,moula,Moula,0.056,0.0,S2A_32SNF_20181105_0_L2A,0.05,0.7,8.1,,
2018-12-30,moula,Moula,0.000,40.0,S2B_32SMF_20181230_0_L2A,0.05,0.7,0.0,,
2019-01-19,moula,Moula,0.364,30.9,S2B_32SMF_20190119_0_L2A,0.05,0.7,52.0,,
2019-02-28,moula,Moula,0.175,37.0,S2B_32SMF_20190228_0_L2A,0.05,0.7,25.0,,
2019-03-25,moula,Moula,0.195,0.0,S2A_32SNF_20190325_1_L2A,0.05,0.7,27.9,,
2019-04-29,moula,Moula,0.030,27.0,S2B_32SNF_20190429_0_L2A,0.05,0.7,4.3,,
2019-05-09,moula,Moula,0.193,2.2,S2B_32SNF_20190509_0_L2A,0.05,0.7,27.5,,
2019-06-03,moula,Moula,0.199,0.0,S2A_32SMF_20190603_1_L2A,0.05,0.7,28.4,,
2019-07-23,moula,Moula,0.183,0.0,S2A_32SMF_20190723_1_L2A,0.05,0.7,26.1,,
2019-08-17,moula,Moula,0.172,0.0,S2B_32SNF_20190817_1_L2A,0.05,0.7,24.5,,
2019-09-16,moula,Moula,0.146,0.0,S2B_32SNF_20190916_0_L2A,0.05,0.7,20.9,,
2019-10-01,moula,Moula,0.145,0.0,S2A_32SMF_20191001_1_L2A,0.05,0.7,20.8,,
2019-11-20,moula,Moula,0.143,0.0,S2A_32SMF_20191120_1_L2A,0.05,0.7,20.4,,
2019-12-25,moula,Moula,0.156,0.0,S2B_32SNF_20191225_1_L2A,0.05,0.7,22.3,,
2020-01-24,moula,Moula,0.154,0.0,S2B_32SMF_20200124_1_L2A,0.05,0.7,22.0,,
2020-02-23,moula,Moula,0.145,0.3,S2B_32SMF_20200223_0_L2A,0.05,0.7,20.8,,
2020-03-14,moula,Moula,,97.1,S2B_32SNF_20200314_0_L2A,0.05,0.7,,,
2020-04-08,moula,Moula,0.147,3.3,S2A_32SNF_20200408_0_L2A,0.05,0.7,21.0,,
2020-05-23,moula,Moula,0.133,0.0,S2B_32SMF_20200523_1_L2A,0.05,0.7,19.0,,
2020-06-02,moula,Moula,0.128,0.0,S2B_32SMF_20200602_0_L2A,0.05,0.7,18.2,,
2020-07-22,moula,Moula,0.109,0.0,S2B_32SMF_20200722_1_L2A,0.05,0.7,15.6,,
2020-08-01,moula,Moula,0.101,0.0,S2B_32SNF_20200801_1_L2A,0.05,0.7,14.4,,
2020-09-30,moula,Moula,0.075,0.0,S2B_32SMF_20200930_1_L2A,0.05,0.7,10.7,,
2020-10-10,moula,Moula,0.068,0.0,S2B_32SNF_20201010_1_L2A,0.05,0.7,9.7,,
2020-11-14,moula,Moula,0.043,0.0,S2A_32SMF_20201114_1_L2A,0.05,0.7,6.1,,
2020-12-24,moula,Moula,0.002,0.0,S2A_32SMF_20201224_1_L2A,0.05,0.7,0.3,,
2021-01-03,moula,Moula,0.085,0.0,S2A_32SMF_20210103_1_L2A,0.05,0.7,12.1,,
2021-02-17,moula,Moula,0.096,0.0,S2B_32SMF_20210217_0_L2A,0.05,0.7,13.7,,
2021-03-14,moula,Moula,0.091,0.2,S2A_32SNF_20210314_0_L2A,0.05,0.7,13.0,,
2021-04-03,moula,Moula,0.098,0.0,S2A_32SNF_20210403_1_L2A,0.05,0.7,14.0,,
2021-05-13,moula,Moula,0.085,0.0,S2A_32SMF_20210513_1_L2A,0.05,0.7,12.2,,
2021-06-12,moula,Moula,0.069,0.0,S2A_32SMF_20210612_0_L2A,0.05,0.7,9.8,,
2021-07-22,moula,Moula,0.039,0.0,S2A_32SMF_20210722_1_L2A,0.05,0.7,5.5,,
2021-08-06,moula,Moula,0.035,0.0,S2B_32SNF_20210806_1_L2A,0.05,0.7,5.1,,
2021-09-25,moula,Moula,0.007,0.0,S2B_32SNF_20210925_1_L2A,0.05,0.7,1.0,,
2021-10-20,moula,Moula,0.018,0.0,S2A_32SMF_20211020_1_L2A,0.05,0.7,2.6,,
2021-11-24,moula,Moula,0.013,0.0,S2B_32SMF_20211124_1_L2A,0.05,0.7,1.9,,
2021-12-14,moula,Moula,0.038,0.0,S2B_32SMF_20211214_1_L2A,0.05,0.7,5.4,,
2017-03-02,melah,El Melah,17.248,0.1,S2A_32SNG_20170302_0_L2A,0.05,0.8,2156.0,,
2017-04-14,melah,El Melah,35.108,0.3,S2A_32SNG_20170414_0_L2A,0.05,0.8,4388.5,,
2017-05-31,melah,El Melah,20.385,1.2,S2A_32SNG_20170531_0_L2A,0.05,0.8,2548.1,,
2017-06-20,melah,El Melah,13.376,0.4,S2A_MSIL2A_20170620T100031_R122_T32SNG_20210210T002329,0.05,0.8,1672.0,,
2017-07-05,melah,El Melah,19.346,1.0,S2B_32SNG_20170705_0_L2A,0.05,0.8,2418.2,,
2017-08-27,melah,El Melah,27.570,1.4,S2B_32SNG_20170827_0_L2A,0.05,0.8,3446.3,,
2017-09-06,melah,El Melah,28.277,2.2,S2B_32SNG_20170906_0_L2A,0.05,0.8,3534.6,,
2017-10-16,melah,El Melah,31.125,0.5,S2B_32SNG_20171016_0_L2A,0.05,0.8,3890.6,,
2017-11-22,melah,El Melah,16.066,0.8,S2B_32SNG_20171122_0_L2A,0.05,0.8,2008.3,,
2017-12-15,melah,El Melah,34.580,0.9,S2B_32SNG_20171215_0_L2A,0.05,0.8,4322.4,,
2018-01-24,melah,El Melah,,55.6,S2B_32SNG_20180124_0_L2A,0.05,0.8,,,
2018-02-28,melah,El Melah,37.035,0.1,S2A_MSIL2A_20180228T101021_R022_T32SNG_20201014T015122,0.05,0.8,4629.4,,
2018-03-30,melah,El Melah,37.162,0.3,S2A_32SNG_20180330_0_L2A,0.05,0.8,4645.3,,
2018-04-24,melah,El Melah,35.947,1.5,S2B_32SNG_20180424_0_L2A,0.05,0.8,4493.4,,
2018-05-24,melah,El Melah,28.610,12.8,S2B_32SNG_20180524_0_L2A,0.05,0.8,3576.2,,
2018-06-10,melah,El Melah,14.826,0.0,S2B_32SNG_20180610_1_L2A,0.05,0.8,1853.3,,
2018-07-18,melah,El Melah,32.752,1.5,S2A_32SNG_20180718_1_L2A,0.05,0.8,4094.0,,
2018-08-12,melah,El Melah,33.545,0.6,S2B_32SNG_20180812_0_L2A,0.05,0.8,4193.1,,
2018-09-01,melah,El Melah,33.775,0.7,S2B_32SNG_20180901_0_L2A,0.05,0.8,4221.8,,
2018-10-26,melah,El Melah,36.256,0.0,S2A_32SNG_20181026_1_L2A,0.05,0.8,4532.0,,
2018-11-05,melah,El Melah,36.779,0.7,S2A_32SNG_20181105_0_L2A,0.05,0.8,4597.4,,
2018-12-17,melah,El Melah,1.405,1.7,S2B_32SNG_20181217_0_L2A,0.05,0.8,175.7,,
2019-01-16,melah,El Melah,21.656,0.1,S2B_32SNG_20190116_0_L2A,0.05,0.8,2707.0,,
2019-02-10,melah,El Melah,21.282,0.2,S2A_32SNG_20190210_0_L2A,0.05,0.8,2660.2,,
2019-03-30,melah,El Melah,37.630,0.0,S2B_32SNG_20190330_1_L2A,0.05,0.8,4703.7,,
2019-04-06,melah,El Melah,18.862,0.0,S2B_32SNG_20190406_1_L2A,0.05,0.8,2357.8,,
2019-05-24,melah,El Melah,26.108,18.3,S2A_32SNG_20190524_0_L2A,0.05,0.8,3263.6,,
2019-06-05,melah,El Melah,21.372,0.0,S2B_32SNG_20190605_1_L2A,0.05,0.8,2671.4,,
2019-07-25,melah,El Melah,21.900,0.0,S2B_32SNG_20190725_1_L2A,0.05,0.8,2737.5,,
2019-08-17,melah,El Melah,34.103,0.0,S2B_32SNG_20190817_1_L2A,0.05,0.8,4262.9,,
2019-09-16,melah,El Melah,34.070,0.0,S2B_32SNG_20190916_1_L2A,0.05,0.8,4258.8,,
2019-10-01,melah,El Melah,33.992,0.1,S2A_32SNG_20191001_1_L2A,0.05,0.8,4248.9,,
2019-11-27,melah,El Melah,21.386,0.0,S2A_32SNG_20191127_1_L2A,0.05,0.8,2673.3,,
2019-12-25,melah,El Melah,5.915,0.0,S2B_32SNG_20191225_1_L2A,0.05,0.8,739.4,,
2020-01-24,melah,El Melah,36.207,0.0,S2B_32SNG_20200124_1_L2A,0.05,0.8,4525.9,,
2020-02-25,melah,El Melah,14.429,0.0,S2A_32SNG_20200225_1_L2A,0.05,0.8,1803.7,,
2020-03-06,melah,El Melah,10.431,10.2,S2A_32SNG_20200306_0_L2A,0.05,0.8,1303.9,,
2020-04-08,melah,El Melah,36.775,0.2,S2A_32SNG_20200408_0_L2A,0.05,0.8,4596.9,,
2020-05-10,melah,El Melah,16.231,0.1,S2B_32SNG_20200510_1_L2A,0.05,0.8,2028.9,,
2020-06-24,melah,El Melah,21.498,0.0,S2A_32SNG_20200624_1_L2A,0.05,0.8,2687.2,,
2020-07-29,melah,El Melah,12.523,0.0,S2B_32SNG_20200729_1_L2A,0.05,0.8,1565.4,,
2020-08-28,melah,El Melah,0.000,0.0,S2B_32SNG_20200828_1_L2A,0.05,0.8,0.0,,
2020-09-07,melah,El Melah,17.566,0.9,S2B_32SNG_20200907_0_L2A,0.05,0.8,2195.8,,
2020-10-22,melah,El Melah,15.974,0.0,S2A_32SNG_20201022_1_L2A,0.05,0.8,1996.7,,
2020-11-26,melah,El Melah,16.913,0.0,S2B_32SNG_20201126_1_L2A,0.05,0.8,2114.1,,
2020-12-24,melah,El Melah,35.663,0.2,S2A_32SNG_20201224_2_L2A,0.05,0.8,4457.9,,
2021-01-20,melah,El Melah,26.868,0.1,S2A_32SNG_20210120_1_L2A,0.05,0.8,3358.5,,
2021-02-17,melah,El Melah,36.520,0.0,S2B_32SNG_20210217_1_L2A,0.05,0.8,4565.1,,
2021-03-26,melah,El Melah,19.147,0.0,S2B_32SNG_20210326_1_L2A,0.05,0.8,2393.4,,
2021-04-25,melah,El Melah,15.624,0.0,S2B_32SNG_20210425_1_L2A,0.05,0.8,1953.0,,
2021-05-10,melah,El Melah,17.845,0.0,S2A_32SNG_20210510_1_L2A,0.05,0.8,2230.7,,
2021-06-14,melah,El Melah,20.858,0.1,S2B_32SNG_20210614_1_L2A,0.05,0.8,2607.3,,
2021-07-24,melah,El Melah,15.186,0.0,S2B_32SNG_20210724_1_L2A,0.05,0.8,1898.2,,
2021-08-06,melah,El Melah,32.041,0.0,S2B_32SNG_20210806_1_L2A,0.05,0.8,4005.1,,
2021-09-05,melah,El Melah,29.551,3.5,S2B_32SNG_20210905_0_L2A,0.05,0.8,3693.9,,
2021-10-20,melah,El Melah,31.387,0.8,S2A_32SNG_20211020_0_L2A,0.05,0.8,3923.3,,
2021-11-24,melah,El Melah,34.625,0.2,S2B_32SNG_20211124_0_L2A,0.05,0.8,4328.1,,
2021-12-24,melah,El Melah,36.908,0.0,S2B_32SNG_20211224_1_L2A,0.05,0.8,4613.5,,
2017-03-02,harka,Harka,0.285,0.0,S2A_32SNG_20170302_0_L2A,0.05,0.7,40.7,,
2017-04-14,harka,Harka,0.251,0.0,S2A_32SNG_20170414_0_L2A,0.05,0.7,35.9,,
2017-05-04,harka,Harka,0.008,0.0,S2A_32SNF_20170504_0_L2A,0.05,0.7,1.1,,
2017-06-20,harka,Harka,0.055,0.0,S2A_MSIL2A_20170620T100031_R122_T32SNG_20210210T002329,0.05,0.7,7.8,,
2017-07-05,harka,Harka,0.020,0.0,S2B_32SNG_20170705_0_L2A,0.05,0.7,2.9,,
2017-08-27,harka,Harka,0.001,0.1,S2B_32SNG_20170827_0_L2A,0.05,0.7,0.1,,
2017-09-06,harka,Harka,0.005,4.0,S2B_32SNG_20170906_0_L2A,0.05,0.7,0.8,,
2017-10-16,harka,Harka,0.005,0.0,S2B_32SNF_20171016_0_L2A,0.05,0.7,0.8,,
2017-11-22,harka,Harka,0.005,0.1,S2B_32SNF_20171122_0_L2A,0.05,0.7,0.7,,
2017-12-15,harka,Harka,0.004,0.1,S2B_32SNF_20171215_0_L2A,0.05,0.7,0.6,,
2018-01-24,harka,Harka,0.162,28.8,S2B_32SNG_20180124_0_L2A,0.05,0.7,23.2,,
2018-02-05,harka,Harka,0.001,1.6,S2A_MSIL2A_20180205T100211_R122_T32SNF_20201013T190308,0.05,0.7,0.1,,
2018-03-30,harka,Harka,0.250,0.0,S2A_32SNG_20180330_0_L2A,0.05,0.7,35.7,,
2018-04-24,harka,Harka,0.087,0.2,S2B_32SNG_20180424_0_L2A,0.05,0.7,12.4,,
2018-05-24,harka,Harka,0.106,0.1,S2B_32SNG_20180524_0_L2A,0.05,0.7,15.1,,
2018-06-10,harka,Harka,0.120,0.0,S2B_32SNG_20180610_1_L2A,0.05,0.7,17.2,,
2018-07-18,harka,Harka,0.002,0.0,S2A_32SNF_20180718_1_L2A,0.05,0.7,0.2,,
2018-08-12,harka,Harka,0.141,0.0,S2B_32SNG_20180812_0_L2A,0.05,0.7,20.1,,
2018-09-01,harka,Harka,0.004,0.0,S2B_32SNF_20180901_1_L2A,0.05,0.7,0.5,,
2018-10-26,harka,Harka,0.015,0.0,S2A_32SNF_20181026_1_L2A,0.05,0.7,2.1,,
2018-11-05,harka,Harka,0.023,0.0,S2A_32SNF_20181105_0_L2A,0.05,0.7,3.3,,
2018-12-27,harka,Harka,0.010,0.0,S2B_32SNF_20181227_0_L2A,0.05,0.7,1.4,,
2019-01-16,harka,Harka,0.267,0.0,S2B_32SNG_20190116_0_L2A,0.05,0.7,38.2,,
2019-02-10,harka,Harka,0.159,0.1,S2A_32SNG_20190210_0_L2A,0.05,0.7,22.6,,
2019-03-30,harka,Harka,0.032,0.0,S2B_32SNG_20190330_1_L2A,0.05,0.7,4.5,,
2019-04-06,harka,Harka,0.026,0.0,S2B_32SNG_20190406_1_L2A,0.05,0.7,3.7,,
2019-05-24,harka,Harka,0.014,0.8,S2A_32SNG_20190524_0_L2A,0.05,0.7,2.0,,
2019-06-05,harka,Harka,0.010,0.0,S2B_32SNF_20190605_1_L2A,0.05,0.7,1.4,,
2019-07-25,harka,Harka,0.004,0.0,S2B_32SNF_20190725_1_L2A,0.05,0.7,0.6,,
2019-08-17,harka,Harka,0.005,0.0,S2B_32SNF_20190817_1_L2A,0.05,0.7,0.8,,
2019-09-28,harka,Harka,0.012,0.0,S2A_32SNF_20190928_1_L2A,0.05,0.7,1.7,,
2019-10-01,harka,Harka,0.012,0.0,S2A_32SNF_20191001_1_L2A,0.05,0.7,1.7,,
2019-11-02,harka,Harka,0.015,0.0,S2B_32SNF_20191102_1_L2A,0.05,0.7,2.2,,
2019-12-25,harka,Harka,0.012,0.0,S2B_32SNF_20191225_1_L2A,0.05,0.7,1.7,,
2020-01-19,harka,Harka,0.011,0.0,S2A_32SNF_20200119_1_L2A,0.05,0.7,1.5,,
2020-02-25,harka,Harka,0.138,0.0,S2A_32SNG_20200225_1_L2A,0.05,0.7,19.8,,
2020-03-01,harka,Harka,0.007,27.2,S2B_32SNF_20200301_0_L2A,0.05,0.7,1.1,,
2020-04-08,harka,Harka,0.017,9.9,S2A_32SNG_20200408_0_L2A,0.05,0.7,2.4,,
2020-05-23,harka,Harka,0.002,0.0,S2B_32SNF_20200523_1_L2A,0.05,0.7,0.2,,
2020-06-24,harka,Harka,0.003,0.0,S2A_32SNG_20200624_1_L2A,0.05,0.7,0.5,,
2020-07-29,harka,Harka,0.002,0.0,S2B_32SNF_20200729_1_L2A,0.05,0.7,0.3,,
2020-08-28,harka,Harka,0.000,0.0,S2B_32SNG_20200828_1_L2A,0.05,0.7,0.0,,
2020-09-17,harka,Harka,0.003,1.8,S2B_32SNF_20200917_1_L2A,0.05,0.7,0.4,,
2020-10-02,harka,Harka,0.005,0.0,S2A_32SNF_20201002_1_L2A,0.05,0.7,0.7,,
2020-11-26,harka,Harka,0.136,0.0,S2B_32SNG_20201126_1_L2A,0.05,0.7,19.4,,
2020-12-24,harka,Harka,0.013,0.0,S2A_32SNG_20201224_3_L2A,0.05,0.7,1.8,,
2021-01-20,harka,Harka,0.095,0.0,S2A_32SNG_20210120_1_L2A,0.05,0.7,13.5,,
2021-02-17,harka,Harka,0.009,0.0,S2B_32SNF_20210217_0_L2A,0.05,0.7,1.3,,
2021-03-26,harka,Harka,0.085,0.0,S2B_32SNG_20210326_1_L2A,0.05,0.7,12.1,,
2021-04-25,harka,Harka,0.034,0.0,S2B_32SNG_20210425_1_L2A,0.05,0.7,4.9,,
2021-05-10,harka,Harka,0.019,0.0,S2A_32SNG_20210510_1_L2A,0.05,0.7,2.7,,
2021-06-14,harka,Harka,0.006,0.0,S2B_32SNF_20210614_1_L2A,0.05,0.7,0.9,,
2021-07-24,harka,Harka,0.000,0.0,S2B_32SNF_20210724_1_L2A,0.05,0.7,0.0,,
2021-08-06,harka,Harka,0.002,0.0,S2B_32SNF_20210806_1_L2A,0.05,0.7,0.3,,
2021-09-25,harka,Harka,0.000,0.0,S2B_32SNF_20210925_1_L2A,0.05,0.7,0.0,,
2021-10-20,harka,Harka,0.014,0.2,S2A_32SNG_20211020_0_L2A,0.05,0.7,2.0,,
2021-11-24,harka,Harka,0.010,0.0,S2B_32SNF_20211124_0_L2A,0.05,0.7,1.4,,
2021-12-14,harka,Harka,0.015,0.0,S2B_32SNF_20211214_1_L2A,0.05,0.7,2.1,,
2017-03-15,bou-hertma-lower,Bou Heurtma Lower,0.009,45.9,S2A_32SMF_20170315_0_L2A,0.05,0.9,1.0,,
2017-04-14,bou-hertma-lower,Bou Heurtma Lower,0.059,4.5,S2A_32SMF_20170414_0_L2A,0.05,0.9,6.6,,
2017-05-04,bou-hertma-lower,Bou Heurtma Lower,0.047,0.1,S2A_MSIL2A_20170504T101031_R022_T32SMF_20210209T125753,0.05,0.9,5.2,,
2017-06-13,bou-hertma-lower,Bou Heurtma Lower,0.053,0.1,S2A_MSIL2A_20170613T101031_R022_T32SMF_20210209T223824,0.05,0.9,5.9,,
2017-07-18,bou-hertma-lower,Bou Heurtma Lower,0.029,0.1,S2B_32SMF_20170718_0_L2A,0.05,0.9,3.3,,
2017-08-27,bou-hertma-lower,Bou Heurtma Lower,0.036,0.1,S2B_32SMF_20170827_0_L2A,0.05,0.9,4.0,,
2017-09-06,bou-hertma-lower,Bou Heurtma Lower,0.037,0.1,S2B_32SMF_20170906_0_L2A,0.05,0.9,4.2,,
2017-10-16,bou-hertma-lower,Bou Heurtma Lower,0.043,0.2,S2B_32SMF_20171016_0_L2A,0.05,0.9,4.8,,
2017-11-05,bou-hertma-lower,Bou Heurtma Lower,0.003,8.3,S2B_32SMF_20171105_0_L2A,0.05,0.9,0.3,,
2017-12-15,bou-hertma-lower,Bou Heurtma Lower,0.057,0.3,S2B_32SMF_20171215_0_L2A,0.05,0.9,6.3,,
2018-01-24,bou-hertma-lower,Bou Heurtma Lower,0.027,10.0,S2B_32SMF_20180124_0_L2A,0.05,0.9,3.0,,
2018-02-08,bou-hertma-lower,Bou Heurtma Lower,0.043,0.5,S2A_MSIL2A_20180208T101151_R022_T32SMF_20201013T201441,0.05,0.9,4.8,,
2018-03-05,bou-hertma-lower,Bou Heurtma Lower,0.056,0.1,S2B_MSIL2A_20180305T101019_R022_T32SMF_20201013T070136,0.05,0.9,6.3,,
2018-04-09,bou-hertma-lower,Bou Heurtma Lower,0.044,1.1,S2A_32SMF_20180409_0_L2A,0.05,0.9,4.9,,
2018-05-24,bou-hertma-lower,Bou Heurtma Lower,0.029,0.1,S2B_32SMF_20180524_0_L2A,0.05,0.9,3.2,,
2018-06-28,bou-hertma-lower,Bou Heurtma Lower,0.041,0.0,S2A_32SMF_20180628_1_L2A,0.05,0.9,4.6,,
2018-07-13,bou-hertma-lower,Bou Heurtma Lower,0.023,0.0,S2B_32SMF_20180713_0_L2A,0.05,0.9,2.6,,
2018-08-02,bou-hertma-lower,Bou Heurtma Lower,0.053,0.0,S2B_32SMF_20180802_0_L2A,0.05,0.9,5.9,,
2018-09-01,bou-hertma-lower,Bou Heurtma Lower,0.026,0.0,S2B_32SMF_20180901_0_L2A,0.05,0.9,2.9,,
2018-10-26,bou-hertma-lower,Bou Heurtma Lower,0.047,0.0,S2A_32SMF_20181026_1_L2A,0.05,0.9,5.3,,
2018-11-05,bou-hertma-lower,Bou Heurtma Lower,0.048,0.2,S2A_32SMF_20181105_0_L2A,0.05,0.9,5.3,,
2018-12-30,bou-hertma-lower,Bou Heurtma Lower,0.007,1.7,S2B_32SMF_20181230_0_L2A,0.05,0.9,0.8,,
2019-01-19,bou-hertma-lower,Bou Heurtma Lower,0.050,1.6,S2B_32SMF_20190119_0_L2A,0.05,0.9,5.5,,
2019-02-28,bou-hertma-lower,Bou Heurtma Lower,0.043,3.6,S2B_32SMF_20190228_0_L2A,0.05,0.9,4.8,,
2019-03-05,bou-hertma-lower,Bou Heurtma Lower,0.060,0.2,S2A_32SMF_20190305_0_L2A,0.05,0.9,6.6,,
2019-04-24,bou-hertma-lower,Bou Heurtma Lower,0.039,0.1,S2A_32SMF_20190424_0_L2A,0.05,0.9,4.3,,
2019-06-03,bou-hertma-lower,Bou Heurtma Lower,0.054,0.0,S2A_32SMF_20190603_1_L2A,0.05,0.9,6.0,,
2019-07-23,bou-hertma-lower,Bou Heurtma Lower,0.087,0.0,S2A_32SMF_20190723_1_L2A,0.05,0.9,9.7,,
2019-08-12,bou-hertma-lower,Bou Heurtma Lower,0.008,0.0,S2A_32SMF_20190812_1_L2A,0.05,0.9,0.9,,
2019-09-16,bou-hertma-lower,Bou Heurtma Lower,0.019,0.0,S2B_32SMF_20190916_0_L2A,0.05,0.9,2.2,,
2019-10-01,bou-hertma-lower,Bou Heurtma Lower,0.079,0.0,S2A_32SMF_20191001_1_L2A,0.05,0.9,8.8,,
2019-11-20,bou-hertma-lower,Bou Heurtma Lower,0.089,0.0,S2A_32SMF_20191120_1_L2A,0.05,0.9,9.9,,
2019-12-25,bou-hertma-lower,Bou Heurtma Lower,0.071,0.0,S2B_32SMF_20191225_1_L2A,0.05,0.9,7.9,,
2020-01-24,bou-hertma-lower,Bou Heurtma Lower,0.047,0.0,S2B_32SMF_20200124_1_L2A,0.05,0.9,5.3,,
2020-02-23,bou-hertma-lower,Bou Heurtma Lower,0.055,0.1,S2B_32SMF_20200223_0_L2A,0.05,0.9,6.1,,
2020-04-08,bou-hertma-lower,Bou Heurtma Lower,0.076,0.8,S2A_32SMF_20200408_0_L2A,0.05,0.9,8.4,,
2020-05-23,bou-hertma-lower,Bou Heurtma Lower,0.037,0.0,S2B_32SMF_20200523_1_L2A,0.05,0.9,4.1,,
2020-06-02,bou-hertma-lower,Bou Heurtma Lower,0.035,0.1,S2B_32SMF_20200602_0_L2A,0.05,0.9,3.9,,
2020-07-22,bou-hertma-lower,Bou Heurtma Lower,0.031,0.0,S2B_32SMF_20200722_1_L2A,0.05,0.9,3.4,,
2020-08-01,bou-hertma-lower,Bou Heurtma Lower,0.028,0.1,S2B_32SMF_20200801_0_L2A,0.05,0.9,3.1,,
2020-09-30,bou-hertma-lower,Bou Heurtma Lower,0.028,0.0,S2B_32SMF_20200930_1_L2A,0.05,0.9,3.1,,
2020-10-20,bou-hertma-lower,Bou Heurtma Lower,0.036,0.0,S2B_32SMF_20201020_1_L2A,0.05,0.9,4.0,,
2020-11-14,bou-hertma-lower,Bou Heurtma Lower,0.034,0.0,S2A_32SMF_20201114_1_L2A,0.05,0.9,3.7,,
2020-12-24,bou-hertma-lower,Bou Heurtma Lower,0.035,0.0,S2A_32SMF_20201224_1_L2A,0.05,0.9,3.9,,
2021-01-03,bou-hertma-lower,Bou Heurtma Lower,0.042,0.0,S2A_32SMF_20210103_1_L2A,0.05,0.9,4.7,,
2021-02-17,bou-hertma-lower,Bou Heurtma Lower,0.033,0.2,S2B_32SMF_20210217_0_L2A,0.05,0.9,3.7,,
2021-03-14,bou-hertma-lower,Bou Heurtma Lower,0.035,0.5,S2A_32SMF_20210314_0_L2A,0.05,0.9,3.9,,
2021-04-03,bou-hertma-lower,Bou Heurtma Lower,0.011,0.1,S2A_32SMF_20210403_0_L2A,0.05,0.9,1.2,,
2021-05-13,bou-hertma-lower,Bou Heurtma Lower,0.010,0.0,S2A_32SMF_20210513_1_L2A,0.05,0.9,1.1,,
2021-06-12,bou-hertma-lower,Bou Heurtma Lower,0.014,0.0,S2A_32SMF_20210612_0_L2A,0.05,0.9,1.6,,
2021-07-22,bou-hertma-lower,Bou Heurtma Lower,0.009,0.0,S2A_32SMF_20210722_1_L2A,0.05,0.9,1.0,,
2021-08-06,bou-hertma-lower,Bou Heurtma Lower,0.010,0.0,S2B_32SMF_20210806_1_L2A,0.05,0.9,1.1,,
2021-09-25,bou-hertma-lower,Bou Heurtma Lower,0.000,0.0,S2B_32SMF_20210925_0_L2A,0.05,0.9,0.0,,
2021-10-20,bou-hertma-lower,Bou Heurtma Lower,0.039,0.0,S2A_32SMF_20211020_1_L2A,0.05,0.9,4.3,,
2021-11-24,bou-hertma-lower,Bou Heurtma Lower,0.045,0.0,S2B_32SMF_20211124_1_L2A,0.05,0.9,5.0,,
2021-12-14,bou-hertma-lower,Bou Heurtma Lower,0.063,0.0,S2B_32SMF_20211214_1_L2A,0.05,0.9,7.0,,
2017-03-15,kebir,El Kebir,,54.6,S2A_32SMG_20170315_0_L2A,0.05,0.9,,,
2017-04-14,kebir,El Kebir,1.605,0.0,S2A_32SNG_20170414_0_L2A,0.05,0.9,178.3,,
2017-05-04,kebir,El Kebir,0.762,0.1,S2A_32SNF_20170504_0_L2A,0.05,0.9,84.7,,
2017-06-23,kebir,El Kebir,0.168,6.3,S2A_MSIL2A_20170623T101021_R022_T32SMG_20210210T010829,0.05,0.9,18.7,,
2017-07-18,kebir,El Kebir,0.169,0.1,S2B_32SMG_20170718_0_L2A,0.05,0.9,18.8,,
2017-08-27,kebir,El Kebir,0.116,0.0,S2B_32SMG_20170827_0_L2A,0.05,0.9,12.8,,
2017-09-06,kebir,El Kebir,0.117,1.1,S2B_32SMG_20170906_0_L2A,0.05,0.9,13.0,,
2017-10-16,kebir,El Kebir,0.173,0.0,S2B_32SMG_20171016_1_L2A,0.05,0.9,19.3,,
2017-11-05,kebir,El Kebir,0.143,0.0,S2B_32SMF_20171105_0_L2A,0.05,0.9,15.9,,
2017-12-15,kebir,El Kebir,0.461,0.0,S2B_32SNF_20171215_0_L2A,0.05,0.9,51.3,,
2018-01-24,kebir,El Kebir,,81.4,S2B_32SMG_20180124_0_L2A,0.05,0.9,,,
2018-02-08,kebir,El Kebir,0.513,20.3,S2A_MSIL2A_20180208T101151_R022_T32SMF_20201013T201441,0.05,0.9,57.0,,
2018-03-30,kebir,El Kebir,1.688,0.0,S2A_32SNG_20180330_0_L2A,0.05,0.9,187.6,,
2018-04-09,kebir,El Kebir,1.694,0.0,S2A_32SMG_20180409_0_L2A,0.05,0.9,188.3,,
2018-05-24,kebir,El Kebir,1.655,0.0,S2B_32SMG_20180524_0_L2A,0.05,0.9,183.9,,
2018-06-28,kebir,El Kebir,0.977,0.0,S2A_32SMF_20180628_1_L2A,0.05,0.9,108.5,,
2018-07-18,kebir,El Kebir,0.436,0.0,S2A_32SMG_20180718_1_L2A,0.05,0.9,48.4,,
2018-08-02,kebir,El Kebir,0.432,0.1,S2B_32SMG_20180802_0_L2A,0.05,0.9,48.0,,
2018-09-01,kebir,El Kebir,0.287,0.1,S2B_32SMG_20180901_0_L2A,0.05,0.9,31.9,,
2018-10-26,kebir,El Kebir,0.509,0.0,S2A_32SNF_20181026_1_L2A,0.05,0.9,56.6,,
2018-11-05,kebir,El Kebir,0.581,0.1,S2A_32SNF_20181105_0_L2A,0.05,0.9,64.6,,
2018-12-30,kebir,El Kebir,1.674,14.6,S2B_32SMF_20181230_0_L2A,0.05,0.9,186.0,,
2019-01-19,kebir,El Kebir,1.095,17.5,S2B_32SMF_20190119_0_L2A,0.05,0.9,121.7,,
2019-02-13,kebir,El Kebir,,73.5,S2A_32SNG_20190213_0_L2A,0.05,0.9,,,
2019-03-30,kebir,El Kebir,1.718,0.0,S2B_32SMG_20190330_1_L2A,0.05,0.9,190.9,,
2019-04-29,kebir,El Kebir,1.632,6.1,S2B_32SNF_20190429_0_L2A,0.05,0.9,181.4,,
2019-05-24,kebir,El Kebir,0.172,38.7,S2A_32SNG_20190524_0_L2A,0.05,0.9,19.1,,
2019-06-28,kebir,El Kebir,1.493,0.0,S2B_32SMG_20190628_1_L2A,0.05,0.9,165.9,,
2019-07-23,kebir,El Kebir,1.505,0.0,S2A_32SMG_20190723_1_L2A,0.05,0.9,167.3,,
2019-08-17,kebir,El Kebir,1.268,0.0,S2B_32SNF_20190817_1_L2A,0.05,0.9,140.8,,
2019-09-16,kebir,El Kebir,0.970,0.0,S2B_32SNG_20190916_1_L2A,0.05,0.9,107.8,,
2019-10-01,kebir,El Kebir,0.937,0.0,S2A_32SMF_20191001_1_L2A,0.05,0.9,104.1,,
2019-11-20,kebir,El Kebir,0.626,0.0,S2A_32SMF_20191120_1_L2A,0.05,0.9,69.6,,
2019-12-25,kebir,El Kebir,1.560,0.0,S2B_32SNF_20191225_1_L2A,0.05,0.9,173.3,,
2020-01-24,kebir,El Kebir,1.607,0.0,S2B_32SMF_20200124_1_L2A,0.05,0.9,178.6,,
2020-02-23,kebir,El Kebir,1.599,0.0,S2B_32SMF_20200223_0_L2A,0.05,0.9,177.7,,
2020-03-19,kebir,El Kebir,,90.4,S2A_32SMG_20200319_1_L2A,0.05,0.9,,,
2020-04-08,kebir,El Kebir,1.596,17.0,S2A_32SMG_20200408_0_L2A,0.05,0.9,177.3,,
2020-05-23,kebir,El Kebir,1.423,0.0,S2B_32SMF_20200523_1_L2A,0.05,0.9,158.1,,
2020-06-02,kebir,El Kebir,1.286,0.0,S2B_32SMG_20200602_1_L2A,0.05,0.9,142.8,,
2020-07-22,kebir,El Kebir,0.341,0.0,S2B_32SMF_20200722_1_L2A,0.05,0.9,37.8,,
2020-08-01,kebir,El Kebir,0.276,0.0,S2B_32SNF_20200801_1_L2A,0.05,0.9,30.6,,
2020-09-30,kebir,El Kebir,0.258,0.0,S2B_32SMF_20200930_1_L2A,0.05,0.9,28.7,,
2020-10-10,kebir,El Kebir,0.299,4.2,S2B_32SNF_20201010_1_L2A,0.05,0.9,33.3,,
2020-11-14,kebir,El Kebir,0.283,0.0,S2A_32SMF_20201114_1_L2A,0.05,0.9,31.5,,
2020-12-24,kebir,El Kebir,0.499,0.0,S2A_32SMF_20201224_1_L2A,0.05,0.9,55.4,,
2021-01-03,kebir,El Kebir,0.831,0.0,S2A_32SMF_20210103_1_L2A,0.05,0.9,92.4,,
2021-02-17,kebir,El Kebir,1.637,0.0,S2B_32SMG_20210217_1_L2A,0.05,0.9,181.9,,
2021-03-29,kebir,El Kebir,0.856,2.4,S2B_32SNG_20210329_0_L2A,0.05,0.9,95.1,,
2021-04-03,kebir,El Kebir,1.569,0.0,S2A_32SMG_20210403_2_L2A,0.05,0.9,174.3,,
2021-05-08,kebir,El Kebir,1.426,0.0,S2B_32SMG_20210508_1_L2A,0.05,0.9,158.4,,
2021-06-12,kebir,El Kebir,0.911,0.1,S2A_32SMG_20210612_0_L2A,0.05,0.9,101.2,,
2021-07-22,kebir,El Kebir,0.242,0.0,S2A_32SMF_20210722_1_L2A,0.05,0.9,26.9,,
2021-08-06,kebir,El Kebir,0.128,0.0,S2B_32SNF_20210806_1_L2A,0.05,0.9,14.2,,
2021-09-25,kebir,El Kebir,0.002,0.0,S2B_32SNF_20210925_1_L2A,0.05,0.9,0.2,,
2021-10-20,kebir,El Kebir,0.285,0.0,S2A_32SMF_20211020_1_L2A,0.05,0.9,31.7,,
2021-11-24,kebir,El Kebir,0.225,0.0,S2B_32SMF_20211124_1_L2A,0.05,0.9,25.0,,
2021-12-14,kebir,El Kebir,1.585,0.0,S2B_32SMF_20211214_1_L2A,0.05,0.9,176.2,,
2017-03-02,douimis,Douimis,19.521,0.5,S2A_32SNG_20170302_0_L2A,0.05,0.5,3904.3,,
2017-04-14,douimis,Douimis,19.604,0.3,S2A_32SNG_20170414_0_L2A,0.05,0.5,3920.7,,
2017-05-31,douimis,Douimis,18.988,1.1,S2A_32SNG_20170531_0_L2A,0.05,0.5,3797.6,,
2017-06-20,douimis,Douimis,19.470,0.2,S2A_MSIL2A_20170620T100031_R122_T32SNG_20210210T002329,0.05,0.5,3894.0,,
2017-07-05,douimis,Douimis,19.908,0.5,S2B_32SNG_20170705_0_L2A,0.05,0.5,3981.5,,
2017-08-27,douimis,Douimis,18.894,0.4,S2B_32SNG_20170827_0_L2A,0.05,0.5,3778.7,,
2017-09-06,douimis,Douimis,19.270,2.4,S2B_32SNG_20170906_0_L2A,0.05,0.5,3853.9,,
2017-10-16,douimis,Douimis,19.102,0.4,S2B_32SNG_20171016_0_L2A,0.05,0.5,3820.4,,
2017-11-22,douimis,Douimis,19.460,1.2,S2B_32SNG_20171122_0_L2A,0.05,0.5,3892.0,,
2017-12-15,douimis,Douimis,20.365,1.3,S2B_32SNG_20171215_0_L2A,0.05,0.5,4073.0,,
2018-01-24,douimis,Douimis,15.298,35.5,S2B_32SNG_20180124_0_L2A,0.05,0.5,3059.6,,
2018-02-28,douimis,Douimis,21.362,0.6,S2A_MSIL2A_20180228T101021_R022_T32SNG_20201014T015122,0.05,0.5,4272.5,,
2018-03-30,douimis,Douimis,20.725,1.3,S2A_32SNG_20180330_0_L2A,0.05,0.5,4145.0,,
2018-04-24,douimis,Douimis,19.040,0.4,S2B_32SNG_20180424_0_L2A,0.05,0.5,3808.1,,
2018-05-24,douimis,Douimis,19.096,1.0,S2B_32SNG_20180524_0_L2A,0.05,0.5,3819.1,,
2018-06-10,douimis,Douimis,19.066,0.0,S2B_32SNG_20180610_1_L2A,0.05,0.5,3813.3,,
2018-07-18,douimis,Douimis,13.997,1.1,S2A_32SNG_20180718_1_L2A,0.05,0.5,2799.4,,
2018-08-12,douimis,Douimis,18.624,0.2,S2B_32SNG_20180812_0_L2A,0.05,0.5,3724.8,,
2018-09-01,douimis,Douimis,18.509,1.2,S2B_32SNG_20180901_0_L2A,0.05,0.5,3701.8,,
2018-10-26,douimis,Douimis,19.971,0.0,S2A_32SNG_20181026_1_L2A,0.05,0.5,3994.2,,
2018-11-05,douimis,Douimis,21.740,1.1,S2A_32SNG_20181105_0_L2A,0.05,0.5,4348.0,,
2018-12-17,douimis,Douimis,15.162,8.3,S2B_32SNG_20181217_0_L2A,0.05,0.5,3032.5,,
2019-01-16,douimis,Douimis,19.833,0.3,S2B_32SNG_20190116_0_L2A,0.05,0.5,3966.6,,
2019-02-10,douimis,Douimis,19.901,0.4,S2A_32SNG_20190210_0_L2A,0.05,0.5,3980.2,,
2019-03-30,douimis,Douimis,18.440,0.0,S2B_32SNG_20190330_1_L2A,0.05,0.5,3688.1,,
2019-04-06,douimis,Douimis,19.883,0.0,S2B_32SNG_20190406_1_L2A,0.05,0.5,3976.5,,
2019-05-24,douimis,Douimis,17.421,2.8,S2A_32SNG_20190524_0_L2A,0.05,0.5,3484.3,,
2019-06-05,douimis,Douimis,18.991,0.0,S2B_32SNG_20190605_1_L2A,0.05,0.5,3798.2,,
2019-07-25,douimis,Douimis,18.673,0.0,S2B_32SNG_20190725_1_L2A,0.05,0.5,3734.6,,
2019-08-17,douimis,Douimis,18.967,0.0,S2B_32SNG_20190817_1_L2A,0.05,0.5,3793.4,,
2019-09-16,douimis,Douimis,18.496,0.0,S2B_32SNG_20190916_1_L2A,0.05,0.5,3699.2,,
2019-10-01,douimis,Douimis,19.437,0.0,S2A_32SNG_20191001_1_L2A,0.05,0.5,3887.4,,
2019-11-27,douimis,Douimis,21.978,0.4,S2A_32SNG_20191127_1_L2A,0.05,0.5,4395.6,,
2019-12-25,douimis,Douimis,19.421,0.0,S2B_32SNG_20191225_1_L2A,0.05,0.5,3884.2,,
2020-01-24,douimis,Douimis,19.608,0.0,S2B_32SNG_20200124_1_L2A,0.05,0.5,3921.6,,
2020-02-25,douimis,Douimis,19.384,0.0,S2A_32SNG_20200225_1_L2A,0.05,0.5,3876.8,,
2020-03-06,douimis,Douimis,17.162,15.2,S2A_32SNG_20200306_0_L2A,0.05,0.5,3432.4,,
2020-04-08,douimis,Douimis,20.072,0.2,S2A_32SNG_20200408_0_L2A,0.05,0.5,4014.4,,
2020-05-10,douimis,Douimis,20.004,0.0,S2B_32SNG_20200510_1_L2A,0.05,0.5,4000.7,,
2020-06-24,douimis,Douimis,19.937,0.0,S2A_32SNG_20200624_1_L2A,0.05,0.5,3987.3,,
2020-07-29,douimis,Douimis,18.999,0.0,S2B_32SNG_20200729_1_L2A,0.05,0.5,3799.8,,
2020-08-28,douimis,Douimis,0.000,0.0,S2B_32SNG_20200828_1_L2A,0.05,0.5,0.0,,
2020-09-07,douimis,Douimis,19.047,0.4,S2B_32SNG_20200907_0_L2A,0.05,0.5,3809.5,,
2020-10-22,douimis,Douimis,19.748,0.0,S2A_32SNG_20201022_1_L2A,0.05,0.5,3949.6,,
2020-11-26,douimis,Douimis,20.174,0.0,S2B_32SNG_20201126_1_L2A,0.05,0.5,4034.9,,
2020-12-24,douimis,Douimis,19.319,0.0,S2A_32SNG_20201224_2_L2A,0.05,0.5,3863.8,,
2021-01-20,douimis,Douimis,19.574,0.0,S2A_32SNG_20210120_1_L2A,0.05,0.5,3914.8,,
2021-02-17,douimis,Douimis,19.746,0.0,S2B_32SNG_20210217_1_L2A,0.05,0.5,3949.2,,
2021-03-26,douimis,Douimis,20.154,0.0,S2B_32SNG_20210326_1_L2A,0.05,0.5,4030.7,,
2021-04-25,douimis,Douimis,20.201,0.0,S2B_32SNG_20210425_1_L2A,0.05,0.5,4040.2,,
2021-05-10,douimis,Douimis,20.201,0.0,S2A_32SNG_20210510_1_L2A,0.05,0.5,4040.3,,
2021-06-14,douimis,Douimis,19.328,0.0,S2B_32SNG_20210614_1_L2A,0.05,0.5,3865.6,,
2021-07-24,douimis,Douimis,18.777,0.0,S2B_32SNG_20210724_1_L2A,0.05,0.5,3755.4,,
2021-08-06,douimis,Douimis,19.804,0.0,S2B_32SNG_20210806_1_L2A,0.05,0.5,3960.7,,
2021-09-05,douimis,Douimis,19.131,3.2,S2B_32SNG_20210905_0_L2A,0.05,0.5,3826.1,,
2021-10-20,douimis,Douimis,19.670,0.2,S2A_32SNG_20211020_0_L2A,0.05,0.5,3934.0,,
2021-11-24,douimis,Douimis,20.501,0.6,S2B_32SNG_20211124_0_L2A,0.05,0.5,4100.3,,
2021-12-24,douimis,Douimis,19.968,0.0,S2B_32SNG_20211224_1_L2A,0.05,0.5,3993.6,,
2017-03-02,el-breck,El Breck,0.015,0.1,S2A_32SNF_20170302_0_L2A,0.05,0.4,3.8,,
2017-04-14,el-breck,El Breck,0.011,0.1,S2A_32SNF_20170414_0_L2A,0.05,0.4,2.9,,
2017-05-04,el-breck,El Breck,0.008,0.1,S2A_32SNF_20170504_0_L2A,0.05,0.4,2.0,,
2017-06-20,el-breck,El Breck,0.002,0.1,S2A_MSIL2A_20170620T100031_R122_T32SPF_20210210T002336,0.05,0.4,0.5,,
2017-07-18,el-breck,El Breck,0.000,0.0,S2B_32SNF_20170718_0_L2A,0.05,0.4,0.1,,
2017-08-27,el-breck,El Breck,0.000,0.1,S2B_32SNF_20170827_0_L2A,0.05,0.4,0.0,,
2017-09-01,el-breck,El Breck,0.000,0.0,S2A_32SPF_20170901_0_L2A,0.05,0.4,0.0,,
2017-10-16,el-breck,El Breck,0.000,0.2,S2B_32SNF_20171016_0_L2A,0.05,0.4,0.1,,
2017-11-22,el-breck,El Breck,0.001,0.1,S2B_32SNF_20171122_0_L2A,0.05,0.4,0.1,,
2017-12-15,el-breck,El Breck,0.000,0.1,S2B_32SNF_20171215_0_L2A,0.05,0.4,0.0,,
2018-01-24,el-breck,El Breck,0.000,4.4,S2B_32SNF_20180124_0_L2A,0.05,0.4,0.0,,
2018-02-28,el-breck,El Breck,0.000,14.4,S2A_MSIL2A_20180228T101021_R022_T32SPF_20201014T015113,0.05,0.4,0.0,,
2018-03-30,el-breck,El Breck,0.000,10.5,S2A_32SPF_20180330_0_L2A,0.05,0.4,0.0,,
2018-04-24,el-breck,El Breck,0.000,0.0,S2B_32SNF_20180424_0_L2A,0.05,0.4,0.0,,
2018-05-24,el-breck,El Breck,0.001,0.0,S2B_32SNF_20180524_0_L2A,0.05,0.4,0.1,,
2018-06-05,el-breck,El Breck,0.000,0.0,S2A_32SPF_20180605_1_L2A,0.05,0.4,0.0,,
2018-07-18,el-breck,El Breck,0.000,0.0,S2A_32SNF_20180718_1_L2A,0.05,0.4,0.0,,
2018-08-14,el-breck,El Breck,0.013,0.0,S2A_32SPF_20180814_1_L2A,0.05,0.4,3.3,,
2018-09-01,el-breck,El Breck,0.011,0.0,S2B_32SPF_20180901_1_L2A,0.05,0.4,2.9,,
2018-10-26,el-breck,El Breck,0.028,0.0,S2A_32SNF_20181026_1_L2A,0.05,0.4,7.0,,
2018-11-05,el-breck,El Breck,0.022,0.1,S2A_32SNF_20181105_0_L2A,0.05,0.4,5.4,,
2018-12-27,el-breck,El Breck,0.020,0.2,S2B_32SNF_20181227_0_L2A,0.05,0.4,5.0,,
2019-01-16,el-breck,El Breck,0.018,0.1,S2B_32SPF_20190116_0_L2A,0.05,0.4,4.5,,
2019-02-10,el-breck,El Breck,0.022,0.1,S2A_32SPF_20190210_0_L2A,0.05,0.4,5.6,,
2019-03-30,el-breck,El Breck,0.022,0.0,S2B_32SPF_20190330_1_L2A,0.05,0.4,5.5,,
2019-04-16,el-breck,El Breck,0.015,0.0,S2B_32SPF_20190416_1_L2A,0.05,0.4,3.7,,
2019-05-11,el-breck,El Breck,0.019,0.0,S2A_32SPF_20190511_0_L2A,0.05,0.4,4.9,,
2019-06-05,el-breck,El Breck,0.015,0.0,S2B_32SNF_20190605_1_L2A,0.05,0.4,3.6,,
2019-07-25,el-breck,El Breck,0.014,0.0,S2B_32SNF_20190725_1_L2A,0.05,0.4,3.4,,
2019-08-17,el-breck,El Breck,0.012,0.0,S2B_32SNF_20190817_1_L2A,0.05,0.4,3.0,,
2019-09-28,el-breck,El Breck,0.004,0.0,S2A_32SNF_20190928_1_L2A,0.05,0.4,1.1,,
2019-10-01,el-breck,El Breck,0.003,0.0,S2A_32SNF_20191001_1_L2A,0.05,0.4,0.7,,
2019-11-20,el-breck,El Breck,0.003,0.0,S2A_32SPF_20191120_1_L2A,0.05,0.4,0.7,,
2019-12-25,el-breck,El Breck,0.012,0.0,S2B_32SNF_20191225_1_L2A,0.05,0.4,3.1,,
2020-01-19,el-breck,El Breck,0.011,0.0,S2A_32SNF_20200119_1_L2A,0.05,0.4,2.9,,
2020-02-25,el-breck,El Breck,0.011,0.0,S2A_32SPF_20200225_1_L2A,0.05,0.4,2.8,,
2020-03-01,el-breck,El Breck,0.010,0.0,S2B_32SPF_20200301_1_L2A,0.05,0.4,2.6,,
2020-04-05,el-breck,El Breck,0.007,6.1,S2A_32SPF_20200405_0_L2A,0.05,0.4,1.8,,
2020-05-23,el-breck,El Breck,0.000,0.0,S2B_32SNF_20200523_1_L2A,0.05,0.4,0.0,,
2020-06-29,el-breck,El Breck,0.000,0.0,S2B_32SNF_20200629_1_L2A,0.05,0.4,0.0,,
2020-07-29,el-breck,El Breck,0.000,0.0,S2B_32SNF_20200729_1_L2A,0.05,0.4,0.0,,
2020-08-28,el-breck,El Breck,0.001,0.0,S2B_32SNF_20200828_1_L2A,0.05,0.4,0.1,,
2020-09-30,el-breck,El Breck,0.000,0.0,S2B_32SPF_20200930_1_L2A,0.05,0.4,0.0,,
2020-10-02,el-breck,El Breck,0.002,0.0,S2A_32SNF_20201002_1_L2A,0.05,0.4,0.4,,
2020-11-09,el-breck,El Breck,0.000,0.0,S2B_32SPF_20201109_1_L2A,0.05,0.4,0.0,,
2020-12-24,el-breck,El Breck,0.018,0.0,S2A_32SNF_20201224_3_L2A,0.05,0.4,4.5,,
2021-01-20,el-breck,El Breck,0.014,0.0,S2A_32SNF_20210120_1_L2A,0.05,0.4,3.5,,
2021-02-17,el-breck,El Breck,0.014,0.0,S2B_32SPF_20210217_1_L2A,0.05,0.4,3.4,,
2021-03-26,el-breck,El Breck,0.015,0.0,S2B_32SNF_20210326_1_L2A,0.05,0.4,3.6,,
2021-04-25,el-breck,El Breck,0.011,8.0,S2B_32SPF_20210425_1_L2A,0.05,0.4,2.7,,
2021-05-08,el-breck,El Breck,0.011,0.0,S2B_32SNF_20210508_1_L2A,0.05,0.4,2.6,,
2021-06-14,el-breck,El Breck,0.002,0.0,S2B_32SNF_20210614_1_L2A,0.05,0.4,0.5,,
2021-07-24,el-breck,El Breck,0.000,0.0,S2B_32SNF_20210724_1_L2A,0.05,0.4,0.0,,
2021-08-06,el-breck,El Breck,0.000,0.0,S2B_32SNF_20210806_1_L2A,0.05,0.4,0.1,,
2021-09-25,el-breck,El Breck,0.000,0.0,S2B_32SNF_20210925_1_L2A,0.05,0.4,0.0,,
2021-10-17,el-breck,El Breck,0.003,0.1,S2A_32SNF_20211017_0_L2A,0.05,0.4,0.7,,
2021-11-14,el-breck,El Breck,0.011,0.0,S2B_32SPF_20211114_1_L2A,0.05,0.4,2.6,,
2021-12-14,el-breck,El Breck,0.014,0.0,S2B_32SNF_20211214_1_L2A,0.05,0.4,3.5,,
2017-03-12,sidi-abdelmoumen,Sidi Abdelmoumen,0.038,0.0,S2A_32SNE_20170312_0_L2A,0.05,0.9,4.2,,
2017-04-01,sidi-abdelmoumen,Sidi Abdelmoumen,0.013,0.0,S2A_32SNE_20170401_0_L2A,0.05,0.9,1.5,,
2017-05-24,sidi-abdelmoumen,Sidi Abdelmoumen,0.000,0.0,S2A_MSIL2A_20170524T101031_R022_T32SNE_20210209T174750,0.05,0.9,0.0,,
2017-06-30,sidi-abdelmoumen,Sidi Abdelmoumen,0.000,0.0,S2A_MSIL2A_20170630T100031_R122_T32SNE_20210210T025551,0.05,0.9,0.0,,
2017-07-10,sidi-abdelmoumen,Sidi Abdelmoumen,0.000,0.0,S2A_32SNE_20170710_0_L2A,0.05,0.9,0.0,,
2017-08-04,sidi-abdelmoumen,Sidi Abdelmoumen,0.000,0.0,S2B_32SNE_20170804_1_L2A,0.05,0.9,0.0,,
2017-09-13,sidi-abdelmoumen,Sidi Abdelmoumen,0.000,0.0,S2B_32SNE_20170913_0_L2A,0.05,0.9,0.0,,
2017-10-26,sidi-abdelmoumen,Sidi Abdelmoumen,0.000,0.0,S2B_32SNE_20171026_0_L2A,0.05,0.9,0.0,,
2017-11-07,sidi-abdelmoumen,Sidi Abdelmoumen,0.000,0.1,S2A_32SNE_20171107_1_L2A,0.05,0.9,0.0,,
2017-12-15,sidi-abdelmoumen,Sidi Abdelmoumen,0.000,0.1,S2B_32SNE_20171215_0_L2A,0.05,0.9,0.0,,
2018-01-24,sidi-abdelmoumen,Sidi Abdelmoumen,0.001,1.1,S2B_32SNE_20180124_0_L2A,0.05,0.9,0.1,,
2018-02-05,sidi-abdelmoumen,Sidi Abdelmoumen,0.000,0.0,S2A_MSIL2A_20180205T100211_R122_T32SNE_20201013T190311,0.05,0.9,0.0,,
2018-03-12,sidi-abdelmoumen,Sidi Abdelmoumen,0.000,14.8,S2B_32SNE_20180312_0_L2A,0.05,0.9,0.0,,
2018-04-11,sidi-abdelmoumen,Sidi Abdelmoumen,0.000,0.0,S2B_32SNE_20180411_0_L2A,0.05,0.9,0.0,,
2018-05-31,sidi-abdelmoumen,Sidi Abdelmoumen,0.000,0.0,S2B_32SNE_20180531_1_L2A,0.05,0.9,0.0,,
2018-06-10,sidi-abdelmoumen,Sidi Abdelmoumen,0.000,0.0,S2B_32SNE_20180610_1_L2A,0.05,0.9,0.0,,
2018-07-20,sidi-abdelmoumen,Sidi Abdelmoumen,0.000,0.0,S2B_32SNE_20180720_0_L2A,0.05,0.9,0.0,,
2018-08-29,sidi-abdelmoumen,Sidi Abdelmoumen,0.076,0.0,S2B_32SNE_20180829_1_L2A,0.05,0.9,8.5,,
2018-09-01,sidi-abdelmoumen,Sidi Abdelmoumen,0.068,0.0,S2B_32SNE_20180901_1_L2A,0.05,0.9,7.6,,
2018-10-26,sidi-abdelmoumen,Sidi Abdelmoumen,0.078,0.0,S2A_32SNE_20181026_1_L2A,0.05,0.9,8.7,,
2018-11-05,sidi-abdelmoumen,Sidi Abdelmoumen,0.089,0.0,S2A_32SNE_20181105_0_L2A,0.05,0.9,9.9,,
2018-12-30,sidi-abdelmoumen,Sidi Abdelmoumen,0.069,0.0,S2B_32SNE_20181230_0_L2A,0.05,0.9,7.6,,
2019-01-19,sidi-abdelmoumen,Sidi Abdelmoumen,0.070,0.0,S2B_32SNE_20190119_0_L2A,0.05,0.9,7.8,,
2019-02-08,sidi-abdelmoumen,Sidi Abdelmoumen,0.068,0.1,S2B_32SNE_20190208_0_L2A,0.05,0.9,7.5,,
2019-03-25,sidi-abdelmoumen,Sidi Abdelmoumen,0.165,0.0,S2A_32SNE_20190325_1_L2A,0.05,0.9,18.3,,
2019-04-29,sidi-abdelmoumen,Sidi Abdelmoumen,0.097,0.0,S2B_32SNE_20190429_1_L2A,0.05,0.9,10.8,,
2019-05-01,sidi-abdelmoumen,Sidi Abdelmoumen,0.094,0.0,S2A_32SNE_20190501_1_L2A,0.05,0.9,10.5,,
2019-06-25,sidi-abdelmoumen,Sidi Abdelmoumen,0.027,0.0,S2B_32SNE_20190625_2_L2A,0.05,0.9,3.0,,
2019-07-05,sidi-abdelmoumen,Sidi Abdelmoumen,0.012,0.0,S2B_32SNE_20190705_1_L2A,0.05,0.9,1.4,,
2019-08-17,sidi-abdelmoumen,Sidi Abdelmoumen,0.001,0.0,S2B_32SNE_20190817_1_L2A,0.05,0.9,0.1,,
2019-09-28,sidi-abdelmoumen,Sidi Abdelmoumen,0.034,0.0,S2A_32SNE_20190928_1_L2A,0.05,0.9,3.8,,
2019-10-11,sidi-abdelmoumen,Sidi Abdelmoumen,0.013,0.0,S2A_32SNE_20191011_1_L2A,0.05,0.9,1.4,,
2019-11-07,sidi-abdelmoumen,Sidi Abdelmoumen,0.011,0.0,S2A_32SNE_20191107_0_L2A,0.05,0.9,1.2,,
2019-12-25,sidi-abdelmoumen,Sidi Abdelmoumen,0.002,0.0,S2B_32SNE_20191225_1_L2A,0.05,0.9,0.3,,
2020-01-19,sidi-abdelmoumen,Sidi Abdelmoumen,0.001,0.0,S2A_32SNE_20200119_1_L2A,0.05,0.9,0.1,,
2020-02-25,sidi-abdelmoumen,Sidi Abdelmoumen,0.000,0.0,S2A_32SNE_20200225_1_L2A,0.05,0.9,0.0,,
2020-03-01,sidi-abdelmoumen,Sidi Abdelmoumen,0.000,0.0,S2B_32SNE_20200301_1_L2A,0.05,0.9,0.0,,
2020-04-05,sidi-abdelmoumen,Sidi Abdelmoumen,0.001,0.0,S2A_32SNE_20200405_2_L2A,0.05,0.9,0.1,,
2020-05-10,sidi-abdelmoumen,Sidi Abdelmoumen,0.014,0.0,S2B_32SNE_20200510_1_L2A,0.05,0.9,1.6,,
2020-06-14,sidi-abdelmoumen,Sidi Abdelmoumen,0.040,0.0,S2A_32SNE_20200614_1_L2A,0.05,0.9,4.4,,
2020-07-29,sidi-abdelmoumen,Sidi Abdelmoumen,0.025,0.0,S2B_32SNE_20200729_1_L2A,0.05,0.9,2.8,,
2020-08-23,sidi-abdelmoumen,Sidi Abdelmoumen,0.002,0.0,S2A_32SNE_20200823_1_L2A,0.05,0.9,0.2,,
2020-09-30,sidi-abdelmoumen,Sidi Abdelmoumen,0.049,0.0,S2B_32SNE_20200930_1_L2A,0.05,0.9,5.4,,
2020-10-02,sidi-abdelmoumen,Sidi Abdelmoumen,0.053,0.0,S2A_32SNE_20201002_1_L2A,0.05,0.9,5.8,,
2020-11-01,sidi-abdelmoumen,Sidi Abdelmoumen,0.051,0.0,S2A_32SNE_20201101_1_L2A,0.05,0.9,5.6,,
2020-12-29,sidi-abdelmoumen,Sidi Abdelmoumen,0.033,0.0,S2B_32SNE_20201229_1_L2A,0.05,0.9,3.7,,
2021-01-08,sidi-abdelmoumen,Sidi Abdelmoumen,0.014,0.0,S2B_32SNE_20210108_0_L2A,0.05,0.9,1.6,,
2021-02-12,sidi-abdelmoumen,Sidi Abdelmoumen,0.012,0.0,S2A_32SNE_20210212_1_L2A,0.05,0.9,1.3,,
2021-03-31,sidi-abdelmoumen,Sidi Abdelmoumen,0.002,0.0,S2A_32SNE_20210331_1_L2A,0.05,0.9,0.2,,
2021-04-28,sidi-abdelmoumen,Sidi Abdelmoumen,0.000,0.0,S2B_32SNE_20210428_2_L2A,0.05,0.9,0.0,,
2021-05-13,sidi-abdelmoumen,Sidi Abdelmoumen,0.000,0.0,S2A_32SNE_20210513_1_L2A,0.05,0.9,0.0,,
2021-06-14,sidi-abdelmoumen,Sidi Abdelmoumen,0.000,0.0,S2B_32SNE_20210614_1_L2A,0.05,0.9,0.0,,
2021-07-22,sidi-abdelmoumen,Sidi Abdelmoumen,0.000,0.0,S2A_32SNE_20210722_1_L2A,0.05,0.9,0.0,,
2021-08-23,sidi-abdelmoumen,Sidi Abdelmoumen,0.000,0.0,S2B_32SNE_20210823_1_L2A,0.05,0.9,0.0,,
2021-09-25,sidi-abdelmoumen,Sidi Abdelmoumen,0.000,0.0,S2B_32SNE_20210925_2_L2A,0.05,0.9,0.0,,
2021-10-17,sidi-abdelmoumen,Sidi Abdelmoumen,0.000,0.0,S2A_32SNE_20211017_1_L2A,0.05,0.9,0.0,,
2021-11-14,sidi-abdelmoumen,Sidi Abdelmoumen,0.000,0.0,S2B_32SNE_20211114_1_L2A,0.05,0.9,0.0,,
2021-12-14,sidi-abdelmoumen,Sidi Abdelmoumen,0.000,0.0,S2B_32SNE_20211214_1_L2A,0.05,0.9,0.0,,
2017-03-02,rmel,Rmel,0.055,3.8,S2A_32SPF_20170302_0_L2A,0.05,0.6,9.2,,
2017-04-01,rmel,Rmel,0.152,0.1,S2A_32SPF_20170401_1_L2A,0.05,0.6,25.3,,
2017-05-21,rmel,Rmel,0.094,1.1,S2A_32SPF_20170521_0_L2A,0.05,0.6,15.6,,
2017-06-20,rmel,Rmel,0.089,0.7,S2A_MSIL2A_20170620T100031_R122_T32SPF_20210210T002336,0.05,0.6,14.9,,
2017-07-05,rmel,Rmel,0.077,1.3,S2B_32SPF_20170705_0_L2A,0.05,0.6,12.9,,
2017-08-04,rmel,Rmel,0.034,0.7,S2B_32SPF_20170804_0_L2A,0.05,0.6,5.6,,
2017-09-23,rmel,Rmel,0.037,1.0,S2B_32SPF_20170923_0_L2A,0.05,0.6,6.1,,
2017-10-13,rmel,Rmel,0.080,8.0,S2B_32SPF_20171013_0_L2A,0.05,0.6,13.3,,
2017-11-22,rmel,Rmel,0.130,1.7,S2B_32SPF_20171122_0_L2A,0.05,0.6,21.6,,
2017-12-17,rmel,Rmel,0.129,1.7,S2A_MSIL2A_20171217T100411_R122_T32SPF_20201014T143807,0.05,0.6,21.6,,
2018-01-31,rmel,Rmel,0.119,0.6,S2B_MSIL2A_20180131T100229_R122_T32SPF_20201014T103019,0.05,0.6,19.9,,
2018-02-20,rmel,Rmel,0.122,29.4,S2B_MSIL2A_20180220T100029_R122_T32SPF_20201013T233538,0.05,0.6,20.3,,
2018-03-12,rmel,Rmel,0.095,1.1,S2B_32SPF_20180312_0_L2A,0.05,0.6,15.8,,
2018-04-06,rmel,Rmel,0.090,1.0,S2A_32SPF_20180406_0_L2A,0.05,0.6,15.1,,
2018-05-31,rmel,Rmel,0.036,0.5,S2B_32SPF_20180531_0_L2A,0.05,0.6,6.0,,
2018-06-05,rmel,Rmel,0.074,0.0,S2A_32SPF_20180605_1_L2A,0.05,0.6,12.3,,
2018-07-30,rmel,Rmel,0.020,0.7,S2B_32SPF_20180730_0_L2A,0.05,0.6,3.4,,
2018-08-14,rmel,Rmel,0.115,0.0,S2A_32SPF_20180814_1_L2A,0.05,0.6,19.2,,
2018-09-03,rmel,Rmel,,53.5,S2A_32SPF_20180903_0_L2A,0.05,0.6,,,
2018-10-08,rmel,Rmel,0.156,1.2,S2B_32SPF_20181008_0_L2A,0.05,0.6,26.0,,
2018-11-07,rmel,Rmel,0.163,0.8,S2B_32SPF_20181107_0_L2A,0.05,0.6,27.2,,
2018-12-27,rmel,Rmel,0.143,0.9,S2B_32SPF_20181227_0_L2A,0.05,0.6,23.8,,
2019-01-16,rmel,Rmel,0.135,1.7,S2B_32SPF_20190116_0_L2A,0.05,0.6,22.5,,
2019-02-10,rmel,Rmel,0.176,0.6,S2A_32SPF_20190210_0_L2A,0.05,0.6,29.4,,
2019-03-17,rmel,Rmel,0.165,0.4,S2B_32SPF_20190317_0_L2A,0.05,0.6,27.5,,
2019-04-16,rmel,Rmel,0.195,0.0,S2B_32SPF_20190416_1_L2A,0.05,0.6,32.4,,
2019-05-11,rmel,Rmel,0.184,0.1,S2A_32SPF_20190511_0_L2A,0.05,0.6,30.7,,
2019-06-05,rmel,Rmel,0.127,0.0,S2B_32SPF_20190605_1_L2A,0.05,0.6,21.2,,
2019-07-25,rmel,Rmel,0.100,0.0,S2B_32SPF_20190725_1_L2A,0.05,0.6,16.6,,
2019-08-04,rmel,Rmel,0.016,0.0,S2B_32SPF_20190804_1_L2A,0.05,0.6,2.7,,
2019-09-13,rmel,Rmel,0.052,2.0,S2B_32SPF_20190913_0_L2A,0.05,0.6,8.7,,
2019-10-18,rmel,Rmel,0.080,15.6,S2A_32SPF_20191018_0_L2A,0.05,0.6,13.4,,
2019-11-27,rmel,Rmel,0.119,0.0,S2A_32SPF_20191127_1_L2A,0.05,0.6,19.8,,
2019-12-07,rmel,Rmel,0.118,0.0,S2A_32SPF_20191207_1_L2A,0.05,0.6,19.7,,
2020-01-06,rmel,Rmel,0.050,17.2,S2A_32SPF_20200106_0_L2A,0.05,0.6,8.4,,
2020-02-25,rmel,Rmel,0.117,0.0,S2A_32SPF_20200225_1_L2A,0.05,0.6,19.6,,
2020-03-01,rmel,Rmel,0.107,0.0,S2B_32SPF_20200301_1_L2A,0.05,0.6,17.8,,
2020-04-05,rmel,Rmel,0.097,3.9,S2A_32SPF_20200405_0_L2A,0.05,0.6,16.1,,
2020-05-05,rmel,Rmel,0.085,17.3,S2A_32SPF_20200505_0_L2A,0.05,0.6,14.2,,
2020-06-24,rmel,Rmel,0.015,0.0,S2A_32SPF_20200624_1_L2A,0.05,0.6,2.5,,
2020-07-29,rmel,Rmel,0.010,0.0,S2B_32SPF_20200729_1_L2A,0.05,0.6,1.7,,
2020-08-28,rmel,Rmel,0.009,0.0,S2B_32SPF_20200828_1_L2A,0.05,0.6,1.5,,
2020-09-17,rmel,Rmel,0.035,0.0,S2B_32SPF_20200917_1_L2A,0.05,0.6,5.8,,
2020-10-02,rmel,Rmel,0.050,0.0,S2A_32SPF_20201002_1_L2A,0.05,0.6,8.3,,
2020-11-01,rmel,Rmel,0.019,0.3,S2A_32SPF_20201101_0_L2A,0.05,0.6,3.2,,
2020-12-16,rmel,Rmel,0.136,0.0,S2B_32SPF_20201216_1_L2A,0.05,0.6,22.7,,
2021-01-20,rmel,Rmel,0.125,0.0,S2A_32SPF_20210120_1_L2A,0.05,0.6,20.8,,
2021-02-09,rmel,Rmel,0.021,10.6,S2A_32SPF_20210209_0_L2A,0.05,0.6,3.5,,
2021-03-26,rmel,Rmel,0.119,0.0,S2B_32SPF_20210326_1_L2A,0.05,0.6,19.8,,
2021-04-25,rmel,Rmel,0.095,0.0,S2B_32SPF_20210425_1_L2A,0.05,0.6,15.8,,
2021-05-10,rmel,Rmel,0.044,0.0,S2A_32SPF_20210510_1_L2A,0.05,0.6,7.3,,
2021-06-14,rmel,Rmel,0.012,0.0,S2B_32SPF_20210614_1_L2A,0.05,0.6,1.9,,
2021-07-24,rmel,Rmel,0.006,0.0,S2B_32SPF_20210724_1_L2A,0.05,0.6,1.1,,
2021-08-23,rmel,Rmel,0.008,0.0,S2B_32SPF_20210823_1_L2A,0.05,0.6,1.4,,
2021-09-07,rmel,Rmel,0.020,7.0,S2A_32SPF_20210907_0_L2A,0.05,0.6,3.3,,
2021-10-12,rmel,Rmel,0.014,17.0,S2B_32SPF_20211012_0_L2A,0.05,0.6,2.4,,
2021-11-11,rmel,Rmel,0.075,0.6,S2B_32SPF_20211111_0_L2A,0.05,0.6,12.5,,
2021-12-01,rmel,Rmel,,63.7,S2B_32SPF_20211201_0_L2A,0.05,0.6,,,
2017-03-05,el-abid,El Abid Upper,0.039,0.0,S2A_32SME_20170305_0_L2A,0.05,0.5,7.9,,
2017-04-14,el-abid,El Abid Upper,0.035,0.0,S2A_32SME_20170414_0_L2A,0.05,0.5,7.0,,
2017-05-04,el-abid,El Abid Upper,0.029,0.1,S2A_MSIL2A_20170504T101031_R022_T32SME_20210209T125755,0.05,0.5,5.8,,
2017-06-23,el-abid,El Abid Upper,0.017,4.2,S2A_32SME_20170623_0_L2A,0.05,0.5,3.5,,
2017-07-08,el-abid,El Abid Upper,0.017,0.0,S2B_32SME_20170708_0_L2A,0.05,0.5,3.4,,
2017-08-27,el-abid,El Abid Upper,0.004,0.0,S2B_32SME_20170827_0_L2A,0.05,0.5,0.8,,
2017-09-06,el-abid,El Abid Upper,0.000,2.0,S2B_32SME_20170906_0_L2A,0.05,0.5,0.0,,
2017-10-16,el-abid,El Abid Upper,0.023,0.1,S2B_32SME_20171016_0_L2A,0.05,0.5,4.6,,
2017-11-05,el-abid,El Abid Upper,0.003,45.1,S2B_32SME_20171105_0_L2A,0.05,0.5,0.6,,
2017-12-15,el-abid,El Abid Upper,0.010,1.6,S2B_32SME_20171215_0_L2A,0.05,0.5,2.0,,
2018-01-24,el-abid,El Abid Upper,0.004,0.1,S2B_32SME_20180124_0_L2A,0.05,0.5,0.7,,
2018-02-08,el-abid,El Abid Upper,0.003,26.0,S2A_MSIL2A_20180208T101151_R022_T32SME_20201013T201430,0.05,0.5,0.6,,
2018-03-05,el-abid,El Abid Upper,0.003,0.0,S2B_MSIL2A_20180305T101019_R022_T32SME_20201013T070125,0.05,0.5,0.6,,
2018-04-04,el-abid,El Abid Upper,0.001,0.0,S2B_32SME_20180404_0_L2A,0.05,0.5,0.3,,
2018-05-24,el-abid,El Abid Upper,0.009,0.1,S2B_32SME_20180524_1_L2A,0.05,0.5,1.7,,
2018-06-28,el-abid,El Abid Upper,0.005,0.0,S2A_32SME_20180628_1_L2A,0.05,0.5,1.0,,
2018-07-03,el-abid,El Abid Upper,0.000,0.0,S2B_32SME_20180703_0_L2A,0.05,0.5,0.0,,
2018-08-27,el-abid,El Abid Upper,0.055,0.0,S2A_32SME_20180827_1_L2A,0.05,0.5,11.0,,
2018-09-01,el-abid,El Abid Upper,0.051,0.0,S2B_32SME_20180901_0_L2A,0.05,0.5,10.3,,
2018-10-26,el-abid,El Abid Upper,0.078,0.0,S2A_32SME_20181026_1_L2A,0.05,0.5,15.7,,
2018-11-05,el-abid,El Abid Upper,0.082,0.1,S2A_32SME_20181105_0_L2A,0.05,0.5,16.4,,
2018-12-30,el-abid,El Abid Upper,0.040,2.2,S2B_32SME_20181230_1_L2A,0.05,0.5,7.9,,
2019-01-09,el-abid,El Abid Upper,0.067,5.6,S2B_32SME_20190109_0_L2A,0.05,0.5,13.4,,
2019-02-28,el-abid,El Abid Upper,0.089,0.0,S2B_32SME_20190228_0_L2A,0.05,0.5,17.8,,
2019-03-10,el-abid,El Abid Upper,0.063,0.1,S2B_32SME_20190310_0_L2A,0.05,0.5,12.6,,
2019-04-29,el-abid,El Abid Upper,0.090,0.1,S2B_32SME_20190429_0_L2A,0.05,0.5,17.9,,
2019-05-09,el-abid,El Abid Upper,0.073,0.1,S2B_32SME_20190509_0_L2A,0.05,0.5,14.7,,
2019-06-13,el-abid,El Abid Upper,0.076,0.0,S2A_32SME_20190613_1_L2A,0.05,0.5,15.3,,
2019-07-28,el-abid,El Abid Upper,0.055,0.0,S2B_32SME_20190728_1_L2A,0.05,0.5,10.9,,
2019-08-17,el-abid,El Abid Upper,0.051,0.0,S2B_32SME_20190817_1_L2A,0.05,0.5,10.2,,
2019-09-16,el-abid,El Abid Upper,0.044,0.0,S2B_32SME_20190916_1_L2A,0.05,0.5,8.8,,
2019-10-06,el-abid,El Abid Upper,0.054,0.0,S2B_32SME_20191006_1_L2A,0.05,0.5,10.7,,
2019-11-30,el-abid,El Abid Upper,0.057,0.0,S2A_32SME_20191130_1_L2A,0.05,0.5,11.4,,
2019-12-25,el-abid,El Abid Upper,0.068,0.0,S2B_32SME_20191225_1_L2A,0.05,0.5,13.6,,
2020-01-19,el-abid,El Abid Upper,0.069,0.0,S2A_32SME_20200119_1_L2A,0.05,0.5,13.8,,
2020-02-23,el-abid,El Abid Upper,0.073,0.0,S2B_32SME_20200223_1_L2A,0.05,0.5,14.6,,
2020-03-14,el-abid,El Abid Upper,0.072,19.9,S2B_32SME_20200314_0_L2A,0.05,0.5,14.3,,
2020-04-28,el-abid,El Abid Upper,0.032,4.2,S2A_32SME_20200428_0_L2A,0.05,0.5,6.3,,
2020-05-23,el-abid,El Abid Upper,0.034,0.0,S2B_32SME_20200523_1_L2A,0.05,0.5,6.7,,
2020-06-02,el-abid,El Abid Upper,0.031,0.8,S2B_32SME_20200602_0_L2A,0.05,0.5,6.1,,
2020-07-27,el-abid,El Abid Upper,0.004,0.0,S2A_32SME_20200727_1_L2A,0.05,0.5,0.8,,
2020-08-26,el-abid,El Abid Upper,0.007,0.0,S2A_32SME_20200826_1_L2A,0.05,0.5,1.4,,
2020-09-30,el-abid,El Abid Upper,0.004,0.0,S2B_32SME_20200930_0_L2A,0.05,0.5,0.8,,
2020-10-30,el-abid,El Abid Upper,0.007,0.0,S2B_32SME_20201030_1_L2A,0.05,0.5,1.4,,
2020-11-09,el-abid,El Abid Upper,0.002,0.0,S2B_32SME_20201109_1_L2A,0.05,0.5,0.4,,
2020-12-24,el-abid,El Abid Upper,0.012,0.0,S2A_32SME_20201224_1_L2A,0.05,0.5,2.5,,
2021-01-08,el-abid,El Abid Upper,0.006,0.0,S2B_32SME_20210108_0_L2A,0.05,0.5,1.1,,
2021-02-12,el-abid,El Abid Upper,0.015,0.0,S2A_32SME_20210212_1_L2A,0.05,0.5,3.0,,
2021-03-29,el-abid,El Abid Upper,0.007,0.1,S2B_32SME_20210329_1_L2A,0.05,0.5,1.3,,
2021-04-28,el-abid,El Abid Upper,0.006,0.0,S2B_32SME_20210428_3_L2A,0.05,0.5,1.2,,
2021-05-08,el-abid,El Abid Upper,0.006,0.0,S2B_32SME_20210508_1_L2A,0.05,0.5,1.1,,
2021-06-22,el-abid,El Abid Upper,0.000,0.0,S2A_32SME_20210622_1_L2A,0.05,0.5,0.0,,
2021-07-12,el-abid,El Abid Upper,0.000,0.0,S2A_32SME_20210712_1_L2A,0.05,0.5,0.0,,
2021-08-06,el-abid,El Abid Upper,0.000,0.0,S2B_32SME_20210806_1_L2A,0.05,0.5,0.0,,
2021-09-25,el-abid,El Abid Upper,0.000,0.0,S2B_32SME_20210925_2_L2A,0.05,0.5,0.0,,
2021-10-20,el-abid,El Abid Upper,0.000,0.0,S2A_32SME_20211020_0_L2A,0.05,0.5,0.0,,
2021-11-24,el-abid,El Abid Upper,0.000,0.0,S2B_32SME_20211124_2_L2A,0.05,0.5,0.0,,
2021-12-14,el-abid,El Abid Upper,0.000,0.0,S2B_32SME_20211214_1_L2A,0.05,0.5,0.0,,
2026-09-16,sidi-salem,Sidi Salem,17.804,2.0,S2C_32SNF_20260914_0_L2A,0.05,28.8,61.8,17.624,0.990
2026-09-16,sidi-el-barrak,Sidi El Barrak,15.754,28.4,S2C_32SMF_20260914_0_L2A,0.05,15.5,101.6,15.755,1.000
2026-09-16,sejnane,Sejnane,0.000,33.5,S2C_32SMF_20260914_0_L2A,0.05,3.668,0.0,0.001,0.000
2026-09-16,joumine,Joumine,0.000,39.3,S2C_32SNF_20260914_0_L2A,0.05,8.0,0.0,0.001,0.273
2026-09-16,ghezala,Ghezala,0.129,20.2,S2C_32SNG_20260914_0_L2A,0.05,0.271,47.6,0.125,0.969
2026-09-16,zerga,Zerga,0.104,48.0,S2C_32SNF_20260914_0_L2A,0.05,1.5,6.9,0.077,0.743
2026-09-16,kasseb,Kasseb,0.071,11.0,S2C_32SMF_20260914_0_L2A,0.05,3.0,2.4,0.061,0.867
2026-09-16,beni-mtir,Beni Mtir,2.562,26.9,S2C_32SMF_20260914_0_L2A,0.05,3.5,73.2,2.622,0.977
2026-09-16,bou-heurtma,Bou Heurtma,4.116,12.3,S2C_32SMF_20260914_0_L2A,0.05,5.0,82.3,4.005,0.973
2026-09-16,barbara,Barbara,,51.2,S2C_32SMF_20260914_0_L2A,0.05,4.0,,,
2026-09-16,mellegue,Mellegue (Nebeur),0.203,4.7,S2C_32SMF_20260914_0_L2A,0.05,8.0,2.5,0.083,0.410
2026-09-16,sarrat,Sarrat,0.000,3.4,S2C_32SMF_20260914_0_L2A,0.05,2.0,0.0,0.087,0.000
2026-09-16,siliana,Siliana,1.172,2.0,S2C_32SNE_20260914_0_L2A,0.05,3.0,39.1,1.319,0.888
2026-09-16,lakhmess,Lakhmess,0.006,0.0,S2C_32SNE_20260914_0_L2A,0.05,0.01,60.0,0.011,0.522
2026-09-16,rmil,Rmil,2.003,8.3,S2C_32SNF_20260914_0_L2A,0.05,1.5,133.5,1.956,0.977
2026-09-16,bir-mcherga,Bir Mcherga,0.596,9.3,S2C_32SNF_20260914_0_L2A,0.05,4.5,13.2,0.554,0.929
2026-09-16,el-aroussia,El Aroussia,0.021,9.8,S2C_32SNF_20260914_0_L2A,0.05,0.8,2.6,0.016,0.792
2026-09-16,el-houareb,El Houareb,0.015,6.1,S2C_32SNE_20260914_0_L2A,0.05,6.0,0.3,0.011,0.677
2026-09-16,nebhana,Nebhana,0.001,0.1,S2C_32SNE_20260914_0_L2A,0.05,3.5,0.0,0.003,0.520
2026-09-16,sidi-saad,Sidi Saad,3.124,0.6,S2C_32SNE_20260914_0_L2A,0.05,10.0,31.2,3.226,0.968
2026-09-16,chiba,Chiba,0.077,15.2,S2A_32SPF_20260913_0_L2A,0.05,0.7,11.0,0.056,0.726
2026-09-16,masri,Masri,0.001,26.9,S2A_32SPF_20260913_0_L2A,0.05,0.9,0.2,0.005,0.269
2026-09-16,lebna,Lebna,1.255,44.5,S2A_32SPF_20260913_0_L2A,0.05,3.0,41.8,1.277,0.982
2026-09-16,abid,Abid,0.009,0.9,S2C_32SMF_20260914_0_L2A,0.05,1.2,0.7,0.024,0.366
2026-09-16,tessa,Tessa,0.663,0.8,S2C_32SMF_20260914_0_L2A,0.05,1.5,44.2,0.547,0.824
2026-09-16,ziatine,Ziatine,2.862,49.4,S2C_32SNG_20260914_0_L2A,0.05,0.9,318.0,2.835,0.990
2026-09-16,gamgoum,Gamgoum,0.041,47.2,S2C_32SNF_20260914_0_L2A,0.05,0.6,6.9,0.055,0.752
2026-09-16,moula,Moula,0.089,35.6,S2C_32SMF_20260914_0_L2A,0.05,0.7,12.7,0.088,0.991
2026-09-16,melah,El Melah,30.293,14.3,S2C_32SNG_20260914_0_L2A,0.05,0.8,3786.7,30.940,0.979
2026-09-16,harka,Harka,,73.4,S2C_32SNF_20260914_0_L2A,0.05,0.7,,,
2026-09-16,bou-hertma-lower,Bou Heurtma Lower,0.058,21.8,S2C_32SMF_20260914_0_L2A,0.05,0.9,6.4,0.043,0.753
2026-09-16,kebir,El Kebir,,53.2,S2C_32SMF_20260914_0_L2A,0.05,0.9,,,
2026-09-16,douimis,Douimis,18.966,3.0,S2C_32SNG_20260914_0_L2A,0.05,0.5,3793.1,19.908,0.953
2026-09-16,el-breck,El Breck,0.028,7.4,S2C_32SNF_20260914_0_L2A,0.05,0.4,7.0,0.041,0.685
2026-09-16,sidi-abdelmoumen,Sidi Abdelmoumen,0.005,0.5,S2C_32SNE_20260914_0_L2A,0.05,0.9,0.5,0.011,0.458
2026-09-16,rmel,Rmel,0.030,0.0,S2A_32SPF_20260913_0_L2A,0.05,0.6,5.1,0.218,0.140
2026-09-16,el-abid,El Abid Upper,0.000,0.0,S2C_32SME_20260914_0_L2A,0.05,0.5,0.1,0.000,0.250
2026-09-21,sidi-salem,Sidi Salem,18.188,0.0,S2A_32SNF_20260916_1_L2A,0.05,28.8,63.2,17.685,0.972
2026-09-21,sidi-el-barrak,Sidi El Barrak,17.739,0.0,S2A_32SMF_20260916_0_L2A,0.05,15.5,114.4,17.710,0.998
2026-09-21,sejnane,Sejnane,0.001,0.0,S2A_32SMF_20260916_0_L2A,0.05,3.668,0.0,0.001,0.769
2026-09-21,joumine,Joumine,0.003,0.4,S2A_32SNF_20260916_1_L2A,0.05,8.0,0.0,0.002,0.593
2026-09-21,ghezala,Ghezala,0.227,0.8,S2A_32SNG_20260916_1_L2A,0.05,0.271,83.7,0.179,0.790
2026-09-21,zerga,Zerga,0.199,0.3,S2A_32SNF_20260916_1_L2A,0.05,1.5,13.2,0.156,0.783
2026-09-21,kasseb,Kasseb,0.049,0.0,S2A_32SMF_20260916_0_L2A,0.05,3.0,1.6,0.045,0.926
2026-09-21,beni-mtir,Beni Mtir,2.780,0.0,S2A_32SMF_20260916_0_L2A,0.05,3.5,79.4,2.791,0.996
2026-09-21,bou-heurtma,Bou Heurtma,4.337,0.0,S2A_32SMF_20260916_0_L2A,0.05,5.0,86.7,4.211,0.971
2026-09-21,barbara,Barbara,0.085,0.0,S2A_32SMF_20260916_0_L2A,0.05,4.0,2.1,0.083,0.986
2026-09-21,mellegue,Mellegue (Nebeur),0.206,0.0,S2A_32SMF_20260916_0_L2A,0.05,8.0,2.6,0.173,0.838
2026-09-21,sarrat,Sarrat,0.004,34.4,S2A_32SMF_20260916_0_L2A,0.05,2.0,0.2,0.006,0.600
2026-09-21,siliana,Siliana,1.168,0.0,S2A_32SNE_20260916_1_L2A,0.05,3.0,38.9,1.303,0.897
2026-09-21,lakhmess,Lakhmess,0.005,0.0,S2A_32SNE_20260916_1_L2A,0.05,0.01,50.0,0.003,0.680
2026-09-21,rmil,Rmil,2.260,0.0,S2A_32SNF_20260916_1_L2A,0.05,1.5,150.6,2.121,0.939
2026-09-21,bir-mcherga,Bir Mcherga,0.755,0.2,S2A_32SNF_20260916_1_L2A,0.05,4.5,16.8,0.681,0.902
2026-09-21,el-aroussia,El Aroussia,0.035,0.0,S2A_32SNF_20260916_1_L2A,0.05,0.8,4.3,0.045,0.764
2026-09-21,el-houareb,El Houareb,0.017,0.0,S2A_32SNE_20260916_1_L2A,0.05,6.0,0.3,0.010,0.593
2026-09-21,nebhana,Nebhana,0.002,1.1,S2A_32SNE_20260916_1_L2A,0.05,3.5,0.1,0.004,0.583
2026-09-21,sidi-saad,Sidi Saad,3.117,0.0,S2A_32SNE_20260916_1_L2A,0.05,10.0,31.2,3.176,0.981
2026-09-21,chiba,Chiba,,66.3,S2B_32SPF_20260916_0_L2A,0.05,0.7,,,
2026-09-21,masri,Masri,0.001,37.1,S2B_32SPF_20260916_0_L2A,0.05,0.9,0.1,0.010,0.092
2026-09-21,lebna,Lebna,,73.4,S2B_32SPF_20260916_0_L2A,0.05,3.0,,,
2026-09-21,abid,Abid,0.009,0.0,S2A_32SMF_20260916_0_L2A,0.05,1.2,0.7,0.026,0.329
2026-09-21,tessa,Tessa,0.662,0.0,S2A_32SMF_20260916_0_L2A,0.05,1.5,44.1,0.560,0.846
2026-09-21,ziatine,Ziatine,3.173,1.5,S2A_32SNG_20260916_1_L2A,0.05,0.9,352.5,3.049,0.961
2026-09-21,gamgoum,Gamgoum,0.095,0.0,S2A_32SNF_20260916_1_L2A,0.05,0.6,15.8,0.175,0.542
2026-09-21,moula,Moula,0.113,0.0,S2A_32SMF_20260916_0_L2A,0.05,0.7,16.2,0.102,0.900
2026-09-21,melah,El Melah,32.637,1.6,S2A_32SNG_20260916_1_L2A,0.05,0.8,4079.7,33.560,0.973
2026-09-21,harka,Harka,0.013,4.2,S2A_32SNF_20260916_1_L2A,0.05,0.7,1.8,0.011,0.889
2026-09-21,bou-hertma-lower,Bou Heurtma Lower,0.136,0.0,S2A_32SMF_20260916_0_L2A,0.05,0.9,15.1,0.096,0.707
2026-09-21,kebir,El Kebir,0.124,0.0,S2A_32SMF_20260916_0_L2A,0.05,0.9,13.8,0.130,0.954
2026-09-21,douimis,Douimis,19.732,0.0,S2A_32SNG_20260916_1_L2A,0.05,0.5,3946.4,20.686,0.954
2026-09-21,el-breck,El Breck,0.018,13.9,S2A_32SNF_20260916_1_L2A,0.05,0.4,4.4,0.026,0.673
2026-09-21,sidi-abdelmoumen,Sidi Abdelmoumen,0.000,19.9,S2A_32SNE_20260916_1_L2A,0.05,0.9,0.0,0.000,0.000
2026-09-21,rmel,Rmel,,62.2,S2B_32SPF_20260916_0_L2A,0.05,0.6,,,
2026-09-21,el-abid,El Abid Upper,,51.3,S2A_32SME_20260916_0_L2A,0.05,0.5,,,
2026-09-24,sidi-salem,Sidi Salem,18.188,0.0,S2A_32SNF_20260916_1_L2A,0.05,28.8,63.2,17.685,0.972
2026-09-24,sidi-el-barrak,Sidi El Barrak,17.739,0.0,S2A_32SMF_20260916_0_L2A,0.05,15.5,114.4,17.710,0.998
2026-09-24,sejnane,Sejnane,0.001,0.0,S2A_32SMF_20260916_0_L2A,0.05,3.668,0.0,0.001,0.769
2026-09-24,joumine,Joumine,0.003,0.4,S2A_32SNF_20260916_1_L2A,0.05,8.0,0.0,0.002,0.593
2026-09-24,ghezala,Ghezala,0.227,0.8,S2A_32SNG_20260916_1_L2A,0.05,0.271,83.7,0.179,0.790
2026-09-24,zerga,Zerga,0.002,19.9,S2A_32SNF_20260923_0_L2A,0.05,1.5,0.1,0.110,0.018
2026-09-24,kasseb,Kasseb,0.049,0.0,S2A_32SMF_20260916_0_L2A,0.05,3.0,1.6,0.045,0.926
2026-09-24,beni-mtir,Beni Mtir,2.780,0.0,S2A_32SMF_20260916_0_L2A,0.05,3.5,79.4,2.791,0.996
2026-09-24,bou-heurtma,Bou Heurtma,4.337,0.0,S2A_32SMF_20260916_0_L2A,0.05,5.0,86.7,4.211,0.971
2026-09-24,barbara,Barbara,0.085,0.0,S2A_32SMF_20260916_0_L2A,0.05,4.0,2.1,0.083,0.986
2026-09-24,mellegue,Mellegue (Nebeur),0.206,0.0,S2A_32SMF_20260916_0_L2A,0.05,8.0,2.6,0.173,0.838
2026-09-24,sarrat,Sarrat,0.004,34.4,S2A_32SMF_20260916_0_L2A,0.05,2.0,0.2,0.006,0.600
2026-09-24,siliana,Siliana,0.000,16.3,S2A_32SNF_20260923_0_L2A,0.05,3.0,0.0,0.035,0.000
2026-09-24,lakhmess,Lakhmess,0.005,0.0,S2A_32SNE_20260916_1_L2A,0.05,0.01,50.0,0.003,0.680
2026-09-24,rmil,Rmil,1.081,33.9,S2A_32SNF_20260923_0_L2A,0.05,1.5,72.1,0.908,0.840
2026-09-24,bir-mcherga,Bir Mcherga,0.585,39.1,S2A_32SNF_20260923_0_L2A,0.05,4.5,13.0,0.514,0.879
2026-09-24,el-aroussia,El Aroussia,0.022,43.5,S2A_32SNF_20260923_0_L2A,0.05,0.8,2.7,0.015,0.677
2026-09-24,el-houareb,El Houareb,0.017,0.0,S2A_32SNE_20260916_1_L2A,0.05,6.0,0.3,0.010,0.593
2026-09-24,nebhana,Nebhana,0.003,14.6,S2A_32SPE_20260923_0_L2A,0.05,3.5,0.1,0.003,0.875
2026-09-24,sidi-saad,Sidi Saad,3.117,0.0,S2A_32SNE_20260916_1_L2A,0.05,10.0,31.2,3.176,0.981
2026-09-24,chiba,Chiba,,84.0,S2A_32SPF_20260923_0_L2A,0.05,0.7,,,
2026-09-24,masri,Masri,,80.7,S2A_32SPF_20260923_0_L2A,0.05,0.9,,,
2026-09-24,lebna,Lebna,,59.5,S2A_32SPF_20260923_0_L2A,0.05,3.0,,,
2026-09-24,abid,Abid,0.009,0.0,S2A_32SMF_20260916_0_L2A,0.05,1.2,0.7,0.026,0.329
2026-09-24,tessa,Tessa,0.662,0.0,S2A_32SMF_20260916_0_L2A,0.05,1.5,44.1,0.560,0.846
2026-09-24,ziatine,Ziatine,3.173,1.5,S2A_32SNG_20260916_1_L2A,0.05,0.9,352.5,3.049,0.961
2026-09-24,gamgoum,Gamgoum,0.095,0.0,S2A_32SNF_20260916_1_L2A,0.05,0.6,15.8,0.175,0.542
2026-09-24,moula,Moula,0.113,0.0,S2A_32SMF_20260916_0_L2A,0.05,0.7,16.2,0.102,0.900
2026-09-24,melah,El Melah,,74.7,S2A_32SNG_20260923_0_L2A,0.05,0.8,,,
2026-09-24,harka,Harka,0.002,45.2,S2A_32SNF_20260923_0_L2A,0.05,0.7,0.2,0.001,0.824
2026-09-24,bou-hertma-lower,Bou Heurtma Lower,0.136,0.0,S2A_32SMF_20260916_0_L2A,0.05,0.9,15.1,0.096,0.707
2026-09-24,kebir,El Kebir,0.124,0.0,S2A_32SMF_20260916_0_L2A,0.05,0.9,13.8,0.130,0.954
2026-09-24,douimis,Douimis,,66.4,S2A_32SNG_20260923_0_L2A,0.05,0.5,,,
2026-09-24,el-breck,El Breck,0.012,32.6,S2A_32SNF_20260923_0_L2A,0.05,0.4,3.1,0.014,0.867
2026-09-24,sidi-abdelmoumen,Sidi Abdelmoumen,0.000,19.9,S2A_32SNE_20260916_1_L2A,0.05,0.9,0.0,0.000,0.000
2026-09-24,rmel,Rmel,,90.7,S2A_32SPF_20260923_0_L2A,0.05,0.6,,,
2026-09-24,el-abid,El Abid Upper,,51.3,S2A_32SME_20260916_0_L2A,0.05,0.5,,,
